Unq_ID,DataOrigin,TraitName,TraitDef,TraitValue,TraitUnit,Time,TimeUnit,Location_gdp,Location_co,Ungeo,Samplesize,SamplesizeUnit,SamplesizeSqrt,Antibiotics ,Note,Origin
4, Luo et al 2011,CommunityESBL,ESBL percentage in Food handler in hospital,50,percent,2009,year,CL,CL,AS_E,92,person,9.59,MDR,Beijing,
4, Luo et al 2011,CommunityESBL,ESBL percentage in Food handler in hospital,67,percent,2009,year,CL,CL,AS_E,92,person,9.59,Tetracycline,Beijing,
4, Luo et al 2011,CommunityESBL,ESBL percentage in Food handler in hospital,65,percent,2009,year,CL,CL,AS_E,92,person,9.59,Nalidixic acid ,Beijing,
4, Luo et al 2011,CommunityESBL,ESBL percentage in Food handler in hospital,48,percent,2009,year,CL,CL,AS_E,92,person,9.59,Ampicillin,Beijing,
4, Luo et al 2011,CommunityESBL,ESBL percentage in Food handler in hospital,8,percent,2009,year,CL,CL,AS_E,92,person,9.59,Cefepime ,Beijing,
4, Luo et al 2011,CommunityESBL,ESBL percentage in Food handler in hospital,8,percent,2009,year,CL,CL,AS_E,92,person,9.59,Ceftazidime,Beijing,
4, Luo et al 2011,CommunityESBL,ESBL percentage in Food handler in hospital,14,percent,2009,year,CL,CL,AS_E,92,person,9.59,Ciprofloxacin,Beijing,
4, Luo et al 2011,CommunityESBL,ESBL percentage in Food handler in hospital,9,percent,2009,year,CL,CL,AS_E,92,person,9.59,Chloramphenicol ,Beijing,
4, Luo et al 2011,CommunityESBL,ESBL percentage in Food handler in hospital,21,percent,2009,year,CL,CL,AS_E,92,person,9.59,Gentamicin,Beijing,
4, Luo et al 2011,CommunityESBL,ESBL percentage in Food handler in hospital,67,percent,2009,year,CL,CL,AS_E,92,person,9.59,Trimethoprim_sulfamethoxazole ,Beijing,
12, Ye Q et al 2018,AnimalESBL,ESBL gene prevalence in Chicken meat,24,percent,2018,year,CL,CL,AS_E,42,isolates,6.48,,Henan,chicken
9,Aliyu et al 2016,AnimalESBL,ESBL gene prevalence in Chicken meat,49,percent,2012,year,MY,MY,AS_SE,240,isolates,15.49,CTX,Salangor,chicken
31,Angelin et al 2015,Acquisition rate of returning traveller ,prevalence of ESBL in Germany traveller with gastrointestical symptom,10,percent,2010,year,XO,XO,AF,40,traveller ,6.32,Travel carriage ESBL,,Germany
31,Angelin et al 2015,Acquisition rate of returning traveller ,prevalence of ESBL in Germany traveller with gastrointestical symptom,14,percent,2010,year,CM,CM,AF_C,22,traveller ,4.69,Travel carriage ESBL,,Germany
31,Angelin et al 2015,Acquisition rate of returning traveller ,prevalence of ESBL in Germany traveller with gastrointestical symptom,0,percent,2010,year,AR,AR,AM_S,2,traveller ,1.41,Travel carriage ESBL,,Germany
31,Angelin et al 2015,Acquisition rate of returning traveller ,prevalence of ESBL in Germany traveller with gastrointestical symptom,0,percent,2010,year,CA,CA,AM_N,1,traveller ,1,Travel carriage ESBL,,Germany
31,Angelin et al 2015,Acquisition rate of returning traveller ,prevalence of ESBL in Germany traveller with gastrointestical symptom,0,percent,2010,year,US,US,AM_N,3,traveller ,1.73,Travel carriage ESBL,,Germany
31,Angelin et al 2015,Acquisition rate of returning traveller ,prevalence of ESBL in Germany traveller with gastrointestical symptom,0,percent,2010,year,BR,BR,AM_S,1,traveller ,1,Travel carriage ESBL,,Germany
31,Angelin et al 2015,Acquisition rate of returning traveller ,prevalence of ESBL in Germany traveller with gastrointestical symptom,0,percent,2010,year,CR,CR,AM_S,1,traveller ,1,Travel carriage ESBL,,Germany
31,Angelin et al 2015,Acquisition rate of returning traveller ,prevalence of ESBL in Germany traveller with gastrointestical symptom,0,percent,2010,year,UY,UY,AM_S,1,traveller ,1,Travel carriage ESBL,,Germany
31,Angelin et al 2015,Acquisition rate of returning traveller ,prevalence of ESBL in Germany traveller with gastrointestical symptom,67,percent,2010,year,XO,NA,AS_SE,46,traveller ,6.78,Travel carriage ESBL,,Germany
31,Angelin et al 2015,Acquisition rate of returning traveller ,prevalence of ESBL in Germany traveller with gastrointestical symptom,0,percent,2010,year,UZ,UZ,AS_C,2,traveller ,1.41,Travel carriage ESBL,,Germany
31,Angelin et al 2015,Acquisition rate of returning traveller ,prevalence of ESBL in Germany traveller with gastrointestical symptom,70,percent,2010,year,IN,IN,AS_S,30,traveller ,5.48,Travel carriage ESBL,,Germany
31,Angelin et al 2015,Acquisition rate of returning traveller ,prevalence of ESBL in Germany traveller with gastrointestical symptom,86,percent,2010,year,VN,VN,AS_SE,7,traveller ,2.65,Travel carriage ESBL,,Germany
31,Angelin et al 2015,Acquisition rate of returning traveller ,prevalence of ESBL in Germany traveller with gastrointestical symptom,0,percent,2010,year,IL,IL,AS_W,1,traveller ,1,Travel carriage ESBL,,Germany
31,Angelin et al 2015,Acquisition rate of returning traveller ,prevalence of ESBL in Germany traveller with gastrointestical symptom,0,percent,2010,year,GB,GB,EU_N,1,traveller ,1,Travel carriage ESBL,,Germany
31,Angelin et al 2015,Acquisition rate of returning traveller ,prevalence of ESBL in Germany traveller with gastrointestical symptom,10,percent,2011,year,XO,XO,AF,40,traveller ,6.32,Travel carriage ESBL,,Germany
31,Angelin et al 2015,Acquisition rate of returning traveller ,prevalence of ESBL in Germany traveller with gastrointestical symptom,14,percent,2011,year,CM,CM,AF_C,22,traveller ,4.69,Travel carriage ESBL,,Germany
31,Angelin et al 2015,Acquisition rate of returning traveller ,prevalence of ESBL in Germany traveller with gastrointestical symptom,0,percent,2011,year,AR,AR,AM_S,2,traveller ,1.41,Travel carriage ESBL,,Germany
31,Angelin et al 2015,Acquisition rate of returning traveller ,prevalence of ESBL in Germany traveller with gastrointestical symptom,0,percent,2011,year,CA,CA,AM_N,1,traveller ,1,Travel carriage ESBL,,Germany
31,Angelin et al 2015,Acquisition rate of returning traveller ,prevalence of ESBL in Germany traveller with gastrointestical symptom,0,percent,2011,year,US,US,AM_N,3,traveller ,1.73,Travel carriage ESBL,,Germany
31,Angelin et al 2015,Acquisition rate of returning traveller ,prevalence of ESBL in Germany traveller with gastrointestical symptom,0,percent,2011,year,BR,BR,AM_S,1,traveller ,1,Travel carriage ESBL,,Germany
31,Angelin et al 2015,Acquisition rate of returning traveller ,prevalence of ESBL in Germany traveller with gastrointestical symptom,0,percent,2011,year,CR,CR,AM_S,1,traveller ,1,Travel carriage ESBL,,Germany
31,Angelin et al 2015,Acquisition rate of returning traveller ,prevalence of ESBL in Germany traveller with gastrointestical symptom,0,percent,2011,year,UY,UY,AM_S,1,traveller ,1,Travel carriage ESBL,,Germany
31,Angelin et al 2015,Acquisition rate of returning traveller ,prevalence of ESBL in Germany traveller with gastrointestical symptom,67,percent,2011,year,XO,NA,AS_SE,46,traveller ,6.78,Travel carriage ESBL,,Germany
31,Angelin et al 2015,Acquisition rate of returning traveller ,prevalence of ESBL in Germany traveller with gastrointestical symptom,0,percent,2011,year,UZ,UZ,AS_C,2,traveller ,1.41,Travel carriage ESBL,,Germany
31,Angelin et al 2015,Acquisition rate of returning traveller ,prevalence of ESBL in Germany traveller with gastrointestical symptom,70,percent,2011,year,IN,IN,AS_S,30,traveller ,5.48,Travel carriage ESBL,,Germany
31,Angelin et al 2015,Acquisition rate of returning traveller ,prevalence of ESBL in Germany traveller with gastrointestical symptom,86,percent,2011,year,VN,VN,AS_SE,7,traveller ,2.65,Travel carriage ESBL,,Germany
31,Angelin et al 2015,Acquisition rate of returning traveller ,prevalence of ESBL in Germany traveller with gastrointestical symptom,0,percent,2011,year,IL,IL,AS_W,1,traveller ,1,Travel carriage ESBL,,Germany
31,Angelin et al 2015,Acquisition rate of returning traveller ,prevalence of ESBL in Germany traveller with gastrointestical symptom,0,percent,2011,year,GB,GB,EU_N,1,traveller ,1,Travel carriage ESBL,,Germany
31,Angelin et al 2015,Acquisition rate of returning traveller ,prevalence of ESBL in Germany traveller with gastrointestical symptom,10,percent,2012,year,XO,XO,AF,40,traveller ,6.32,Travel carriage ESBL,,Germany
31,Angelin et al 2015,Acquisition rate of returning traveller ,prevalence of ESBL in Germany traveller with gastrointestical symptom,14,percent,2012,year,CM,CM,AF_C,22,traveller ,4.69,Travel carriage ESBL,,Germany
31,Angelin et al 2015,Acquisition rate of returning traveller ,prevalence of ESBL in Germany traveller with gastrointestical symptom,0,percent,2012,year,AR,AR,AM_S,2,traveller ,1.41,Travel carriage ESBL,,Germany
31,Angelin et al 2015,Acquisition rate of returning traveller ,prevalence of ESBL in Germany traveller with gastrointestical symptom,0,percent,2012,year,CA,CA,AM_N,1,traveller ,1,Travel carriage ESBL,,Germany
31,Angelin et al 2015,Acquisition rate of returning traveller ,prevalence of ESBL in Germany traveller with gastrointestical symptom,0,percent,2012,year,US,US,AM_N,3,traveller ,1.73,Travel carriage ESBL,,Germany
31,Angelin et al 2015,Acquisition rate of returning traveller ,prevalence of ESBL in Germany traveller with gastrointestical symptom,0,percent,2012,year,BR,BR,AM_S,1,traveller ,1,Travel carriage ESBL,,Germany
31,Angelin et al 2015,Acquisition rate of returning traveller ,prevalence of ESBL in Germany traveller with gastrointestical symptom,0,percent,2012,year,CR,CR,AM_S,1,traveller ,1,Travel carriage ESBL,,Germany
31,Angelin et al 2015,Acquisition rate of returning traveller ,prevalence of ESBL in Germany traveller with gastrointestical symptom,0,percent,2012,year,UY,UY,AM_S,1,traveller ,1,Travel carriage ESBL,,Germany
31,Angelin et al 2015,Acquisition rate of returning traveller ,prevalence of ESBL in Germany traveller with gastrointestical symptom,67,percent,2012,year,XO,NA,AS_SE,46,traveller ,6.78,Travel carriage ESBL,,Germany
31,Angelin et al 2015,Acquisition rate of returning traveller ,prevalence of ESBL in Germany traveller with gastrointestical symptom,0,percent,2012,year,UZ,UZ,AS_C,2,traveller ,1.41,Travel carriage ESBL,,Germany
31,Angelin et al 2015,Acquisition rate of returning traveller ,prevalence of ESBL in Germany traveller with gastrointestical symptom,70,percent,2012,year,IN,IN,AS_S,30,traveller ,5.48,Travel carriage ESBL,,Germany
31,Angelin et al 2015,Acquisition rate of returning traveller ,prevalence of ESBL in Germany traveller with gastrointestical symptom,86,percent,2012,year,VN,VN,AS_SE,7,traveller ,2.65,Travel carriage ESBL,,Germany
31,Angelin et al 2015,Acquisition rate of returning traveller ,prevalence of ESBL in Germany traveller with gastrointestical symptom,0,percent,2012,year,IL,IL,AS_W,1,traveller ,1,Travel carriage ESBL,,Germany
31,Angelin et al 2015,Acquisition rate of returning traveller ,prevalence of ESBL in Germany traveller with gastrointestical symptom,0,percent,2012,year,GB,GB,EU_N,1,traveller ,1,Travel carriage ESBL,,Germany
31,Angelin et al 2015,Acquisition rate of returning traveller ,prevalence of ESBL in Germany traveller with gastrointestical symptom,10,percent,2013,year,XO,XO,AF,40,traveller ,6.32,Travel carriage ESBL,,Germany
31,Angelin et al 2015,Acquisition rate of returning traveller ,prevalence of ESBL in Germany traveller with gastrointestical symptom,14,percent,2013,year,CM,CM,AF_C,22,traveller ,4.69,Travel carriage ESBL,,Germany
31,Angelin et al 2015,Acquisition rate of returning traveller ,prevalence of ESBL in Germany traveller with gastrointestical symptom,0,percent,2013,year,AR,AR,AM_S,2,traveller ,1.41,Travel carriage ESBL,,Germany
31,Angelin et al 2015,Acquisition rate of returning traveller ,prevalence of ESBL in Germany traveller with gastrointestical symptom,0,percent,2013,year,CA,CA,AM_N,1,traveller ,1,Travel carriage ESBL,,Germany
31,Angelin et al 2015,Acquisition rate of returning traveller ,prevalence of ESBL in Germany traveller with gastrointestical symptom,0,percent,2013,year,US,US,AM_N,3,traveller ,1.73,Travel carriage ESBL,,Germany
31,Angelin et al 2015,Acquisition rate of returning traveller ,prevalence of ESBL in Germany traveller with gastrointestical symptom,0,percent,2013,year,BR,BR,AM_S,1,traveller ,1,Travel carriage ESBL,,Germany
31,Angelin et al 2015,Acquisition rate of returning traveller ,prevalence of ESBL in Germany traveller with gastrointestical symptom,0,percent,2013,year,CR,CR,AM_S,1,traveller ,1,Travel carriage ESBL,,Germany
31,Angelin et al 2015,Acquisition rate of returning traveller ,prevalence of ESBL in Germany traveller with gastrointestical symptom,0,percent,2013,year,UY,UY,AM_S,1,traveller ,1,Travel carriage ESBL,,Germany
31,Angelin et al 2015,Acquisition rate of returning traveller ,prevalence of ESBL in Germany traveller with gastrointestical symptom,67,percent,2013,year,XO,NA,AS_SE,46,traveller ,6.78,Travel carriage ESBL,,Germany
31,Angelin et al 2015,Acquisition rate of returning traveller ,prevalence of ESBL in Germany traveller with gastrointestical symptom,0,percent,2013,year,UZ,UZ,AS_C,2,traveller ,1.41,Travel carriage ESBL,,Germany
31,Angelin et al 2015,Acquisition rate of returning traveller ,prevalence of ESBL in Germany traveller with gastrointestical symptom,70,percent,2013,year,IN,IN,AS_S,30,traveller ,5.48,Travel carriage ESBL,,Germany
31,Angelin et al 2015,Acquisition rate of returning traveller ,prevalence of ESBL in Germany traveller with gastrointestical symptom,86,percent,2013,year,VN,VN,AS_SE,7,traveller ,2.65,Travel carriage ESBL,,Germany
31,Angelin et al 2015,Acquisition rate of returning traveller ,prevalence of ESBL in Germany traveller with gastrointestical symptom,0,percent,2013,year,IL,IL,AS_W,1,traveller ,1,Travel carriage ESBL,,Germany
31,Angelin et al 2015,Acquisition rate of returning traveller ,prevalence of ESBL in Germany traveller with gastrointestical symptom,0,percent,2013,year,GB,GB,EU_N,1,traveller ,1,Travel carriage ESBL,,Germany
31,Angelin et al 2015,Acquisition rate of returning traveller ,prevalence of ESBL in Germany traveller with gastrointestical symptom,10,percent,2014,year,XO,XO,AF,40,traveller ,6.32,Travel carriage ESBL,,Germany
31,Angelin et al 2015,Acquisition rate of returning traveller ,prevalence of ESBL in Germany traveller with gastrointestical symptom,14,percent,2014,year,CM,CM,AF_C,22,traveller ,4.69,Travel carriage ESBL,,Germany
31,Angelin et al 2015,Acquisition rate of returning traveller ,prevalence of ESBL in Germany traveller with gastrointestical symptom,0,percent,2014,year,AR,AR,AM_S,2,traveller ,1.41,Travel carriage ESBL,,Germany
31,Angelin et al 2015,Acquisition rate of returning traveller ,prevalence of ESBL in Germany traveller with gastrointestical symptom,0,percent,2014,year,CA,CA,AM_N,1,traveller ,1,Travel carriage ESBL,,Germany
31,Angelin et al 2015,Acquisition rate of returning traveller ,prevalence of ESBL in Germany traveller with gastrointestical symptom,0,percent,2014,year,US,US,AM_N,3,traveller ,1.73,Travel carriage ESBL,,Germany
31,Angelin et al 2015,Acquisition rate of returning traveller ,prevalence of ESBL in Germany traveller with gastrointestical symptom,0,percent,2014,year,BR,BR,AM_S,1,traveller ,1,Travel carriage ESBL,,Germany
31,Angelin et al 2015,Acquisition rate of returning traveller ,prevalence of ESBL in Germany traveller with gastrointestical symptom,0,percent,2014,year,CR,CR,AM_S,1,traveller ,1,Travel carriage ESBL,,Germany
31,Angelin et al 2015,Acquisition rate of returning traveller ,prevalence of ESBL in Germany traveller with gastrointestical symptom,0,percent,2014,year,UY,UY,AM_S,1,traveller ,1,Travel carriage ESBL,,Germany
31,Angelin et al 2015,Acquisition rate of returning traveller ,prevalence of ESBL in Germany traveller with gastrointestical symptom,67,percent,2014,year,XO,NA,AS_SE,46,traveller ,6.78,Travel carriage ESBL,,Germany
31,Angelin et al 2015,Acquisition rate of returning traveller ,prevalence of ESBL in Germany traveller with gastrointestical symptom,0,percent,2014,year,UZ,UZ,AS_C,2,traveller ,1.41,Travel carriage ESBL,,Germany
31,Angelin et al 2015,Acquisition rate of returning traveller ,prevalence of ESBL in Germany traveller with gastrointestical symptom,70,percent,2014,year,IN,IN,AS_S,30,traveller ,5.48,Travel carriage ESBL,,Germany
31,Angelin et al 2015,Acquisition rate of returning traveller ,prevalence of ESBL in Germany traveller with gastrointestical symptom,86,percent,2014,year,VN,VN,AS_SE,7,traveller ,2.65,Travel carriage ESBL,,Germany
31,Angelin et al 2015,Acquisition rate of returning traveller ,prevalence of ESBL in Germany traveller with gastrointestical symptom,0,percent,2014,year,IL,IL,AS_W,1,traveller ,1,Travel carriage ESBL,,Germany
31,Angelin et al 2015,Acquisition rate of returning traveller ,prevalence of ESBL in Germany traveller with gastrointestical symptom,0,percent,2014,year,GB,GB,EU_N,1,traveller ,1,Travel carriage ESBL,,Germany
29,Arcilla et al 2017,Acquisition rate of returning traveller ,prevalence of dutch travellers acquired ESBL,33,percent,2001,year,KE,KE,AF_E,30,traveller ,5.48,Travel carriage ESBL,Incidenec/100pdt 1.95,Netherlands
29,Arcilla et al 2017,Acquisition rate of returning traveller ,prevalence of dutch travellers acquired ESBL,44,percent,2001,year,UG,UG,AF_E,27,traveller ,5.2,Travel carriage ESBL,Incidenec/100pdt 2.65,Netherlands
29,Arcilla et al 2017,Acquisition rate of returning traveller ,prevalence of dutch travellers acquired ESBL,22,percent,2001,year,MA,DI,AF_N,36,traveller ,6,Travel carriage ESBL,Incidenec/100pdt 7.21,Netherlands
29,Arcilla et al 2017,Acquisition rate of returning traveller ,prevalence of dutch travellers acquired ESBL,80,percent,2001,year,EG,EG,AF_N,30,traveller ,5.48,Travel carriage ESBL,Incidenec/100pdt 13.98,Netherlands
29,Arcilla et al 2017,Acquisition rate of returning traveller ,prevalence of dutch travellers acquired ESBL,5,percent,2001,year,ZA,ZA,AF_S,66,traveller ,8.12,Travel carriage ESBL,Incidenec/100pdt 0.22,Netherlands
29,Arcilla et al 2017,Acquisition rate of returning traveller ,prevalence of dutch travellers acquired ESBL,40,percent,2001,year,GH,GH,AF_W,20,traveller ,4.47,Travel carriage ESBL,Incidenec/100pdt 2.65,Netherlands
29,Arcilla et al 2017,Acquisition rate of returning traveller ,prevalence of dutch travellers acquired ESBL,16,percent,2001,year,GM,GM,AF_W,49,traveller ,7,Travel carriage ESBL,Incidenec/100pdt 1.30,Netherlands
29,Arcilla et al 2017,Acquisition rate of returning traveller ,prevalence of dutch travellers acquired ESBL,25,percent,2001,year,TZ,TZ,AF_W,57,traveller ,7.55,Travel carriage ESBL,Incidenec/100pdt 1.73,Netherlands
29,Arcilla et al 2017,Acquisition rate of returning traveller ,prevalence of dutch travellers acquired ESBL,8,percent,2001,year,BR,BR,AM_S,25,traveller ,5,Travel carriage ESBL,Incidenec/100pdt 0.42,Netherlands
29,Arcilla et al 2017,Acquisition rate of returning traveller ,prevalence of dutch travellers acquired ESBL,22,percent,2001,year,MX,MX,AM_S,18,traveller ,4.24,Travel carriage ESBL,Incidenec/100pdt 1.73,Netherlands
29,Arcilla et al 2017,Acquisition rate of returning traveller ,prevalence of dutch travellers acquired ESBL,60,percent,2001,year,PE,PE,AM_S,20,traveller ,4.47,Travel carriage ESBL,Incidenec/100pdt 4.28,Netherlands
29,Arcilla et al 2017,Acquisition rate of returning traveller ,prevalence of dutch travellers acquired ESBL,4,percent,2001,year,SR,SR,AM_S,56,traveller ,7.48,Travel carriage ESBL,Incidenec/100pdt 0.14,Netherlands
29,Arcilla et al 2017,Acquisition rate of returning traveller ,prevalence of dutch travellers acquired ESBL,54,percent,2001,year,CL,CL,AS_E,67,traveller ,8.19,Travel carriage ESBL,Incidenec/100pdt 4.19,Netherlands
29,Arcilla et al 2017,Acquisition rate of returning traveller ,prevalence of dutch travellers acquired ESBL,44,percent,2001,year,TR,TR,AS_E,16,traveller ,4,Travel carriage ESBL,Incidenec/100pdt 6.03,Netherlands
29,Arcilla et al 2017,Acquisition rate of returning traveller ,prevalence of dutch travellers acquired ESBL,89,percent,2001,year,IN,IN,AS_S,79,traveller ,8.89,Travel carriage ESBL,Incidenec/100pdt 12.18,Netherlands
29,Arcilla et al 2017,Acquisition rate of returning traveller ,prevalence of dutch travellers acquired ESBL,79,percent,2001,year,NP,NP,AS_S,29,traveller ,5.39,Travel carriage ESBL,Incidenec/100pdt 7.49,Netherlands
29,Arcilla et al 2017,Acquisition rate of returning traveller ,prevalence of dutch travellers acquired ESBL,51,percent,2001,year,LK,LK,AS_S,43,traveller ,6.56,Travel carriage ESBL,Incidenec/100pdt 3.66,Netherlands
29,Arcilla et al 2017,Acquisition rate of returning traveller ,prevalence of dutch travellers acquired ESBL,19,percent,2001,year,ID,ID,AS_SE,211,traveller ,14.53,Travel carriage ESBL,Incidenec/100pdt 0.92,Netherlands
29,Arcilla et al 2017,Acquisition rate of returning traveller ,prevalence of dutch travellers acquired ESBL,53,percent,2001,year,MM,MM,AS_SE,15,traveller ,3.87,Travel carriage ESBL,Incidenec/100pdt 3.91,Netherlands
29,Arcilla et al 2017,Acquisition rate of returning traveller ,prevalence of dutch travellers acquired ESBL,25,percent,2001,year,MY,MY,AS_SE,28,traveller ,5.29,Travel carriage ESBL,Incidenec/100pdt 1.50,Netherlands
29,Arcilla et al 2017,Acquisition rate of returning traveller ,prevalence of dutch travellers acquired ESBL,52,percent,2001,year,TH,TH,AS_SE,89,traveller ,9.43,Travel carriage ESBL,Incidenec/100pdt 3.78,Netherlands
29,Arcilla et al 2017,Acquisition rate of returning traveller ,prevalence of dutch travellers acquired ESBL,72,percent,2001,year,VN,VN,AS_SE,36,traveller ,6,Travel carriage ESBL,Incidenec/100pdt 6.10,Netherlands
29,Arcilla et al 2017,Persistance rate of returning traveller ,Persistent carriage of same ESBL group ,100,percent,2001,year,XP,NA,W,623,traveller ,24.96,Travel carriage ESBL,Immerdiate post travel,Netherlands
29,Arcilla et al 2017,Persistance rate of returning traveller ,Persistent carriage of same ESBL group ,43,percent,2001,year,XP,NA,W,613,traveller ,24.76,Travel carriage ESBL,1 month post travel,Netherlands
29,Arcilla et al 2017,Persistance rate of returning traveller ,Persistent carriage of same ESBL group ,22,percent,2001,year,XP,NA,W,606,traveller ,24.62,Travel carriage ESBL,3 months post travel,Netherlands
29,Arcilla et al 2017,Persistance rate of returning traveller ,Persistent carriage of same ESBL group ,11,percent,2001,year,XP,NA,W,601,traveller ,24.52,Travel carriage ESBL,6 months post travel,Netherlands
29,Arcilla et al 2017,Persistance rate of returning traveller ,Persistent carriage of same ESBL group ,7,percent,2001,year,XP,NA,W,577,traveller ,24.02,Travel carriage ESBL,12 months post travel,Netherlands
21,Bhoomika et al 2016,AnimalESBL,ESBL gene prevalence in chicken meat,3,percent,2014,year,IN,IN,AS_S,98,isolates,9.9,MDR,"Jagdalpur, Dantewada, Kanker, and Kondagaon districts of Chhattisgarh",chicken
21,Bhoomika et al 2016,AnimalESBL,ESBL gene prevalence in goat meat,18,percent,2014,year,IN,IN,AS_S,82,samples,,,,goat
21,Bhoomika et al 2016,AnimalESBL,ESBL gene prevalence in milk,12,percent,2014,year,IN,IN,AS_S,90,samples,,,,cow
21,Bhoomika et al 2016,CommunityESBL,ESBL gene prevalence in human urine ,20,percent,2014,year,IN,IN,AS_S,60,samples,,,,
22,Brower et al 2017,AnimalESBL,ESBL prevalence in chicken farm,87,percent,2014,year,IN,IN,AS_S,270,isolates,16.43,MDR,Broiler ,chicken
22,Brower et al 2017,AnimalESBL,ESBL prevalence in chicken farm,42,percent,2014,year,IN,IN,AS_S,240,isolates,15.49,MDR,Layer,chicken
22,Brower et al 2017,AnimalESBL,ESBL prevalence in chicken farm,66,percent,2014,year,IN,IN,AS_S,510,isolates,22.58,MDR,Broiler and layer,chicken
,DANMAP 2017,AnimalESBL,ESBL prevalence in pig farm,25,percent,2017,year,DK,DK,EU,295,isolates,,ESBL_AmC,indicator E. coli,pig
,DANMAP 2017,AnimalESBL,ESBL prevalence in cattle farm,7,percent,2017,year,DK,DK,EU,297,isolates,,ESBL_AmC,indicator E. coli,cattle 
,DANMAP 2017,AnimalESBL,ESBL prevalence in pig meat,3,percent,2017,year,DK,DK,EU,248,isolates,,ESBL_AmC,indicator E. coli,pork
,DANMAP 2017,AnimalESBL,ESBL prevalence in beef,4,percent,2017,year,DK,DK,EU,170,isolates,,ESBL_AmC,indicator E. coli,beef
,DANMAP 2017,AnimalESBL,CPE prevalence in pig farm,0,percent,2017,year,DK,DK,EU,295,isolates,,CPE,indicator E. coli,pig
,DANMAP 2017,AnimalESBL,CPE prevalence in cattle farm,0,percent,2017,year,DK,DK,EU,297,isolates,,CPE,indicator E. coli,cattle 
,DANMAP 2017,AnimalESBL,CPE prevalence in pig meat,0,percent,2017,year,DK,DK,EU,248,isolates,,CPE,indicator E. coli,pork
,DANMAP 2017,AnimalESBL,CPE prevalence in beef,0,percent,2017,year,DK,DK,EU,170,isolates,,CPE,indicator E. coli,beef
,DANMAP 2017,AnimalESBL,ESBL prevalence in pig meat,14,percent,2017,year,NA,NA,W,29,isolates,,ESBL_AmC,indicator E. coli in imported meat to Denmark,pork
,DANMAP 2017,AnimalESBL,ESBL prevalence in beef,3,percent,2017,year,NA,NA,W,120,isolates,,ESBL_AmC,indicator E. coli in imported meat to Denmark,beef
,DANMAP 2017,AnimalESBL,ESBL prevalence in pig meat,0,percent,2017,year,NA,NA,W,29,isolates,,CPE,indicator E. coli in imported meat to Denmark,pork
,DANMAP 2017,AnimalESBL,ESBL prevalence in beef,0,percent,2017,year,NA,NA,W,120,isolates,,CPE,indicator E. coli in imported meat to Denmark,beef
,DANMAP 2017,ClinicalESBL,ESBL invasive infection patient,3,percent,2017,year,DK,DK,EU,5114,isolates,,ESBL,indicator E. coli,Denmark
,DANMAP 2017,ClinicalESBL,CPE invasive infection patient,2,percent,2017,year,DK,DK,EU,5114,isolates,,CPE,indicator E. coli,Denmark
,DANMAP 2019,AnimalESBL,ESBL prevalence in pig farm,27,percent,2019,year,DK,DK,EU,330,isolates,,ESBL_AmC,indicator E. coli,pig
,DANMAP 2019,AnimalESBL,ESBL prevalence in cattle farm,48,percent,2019,year,DK,DK,EU,306,isolates,,ESBL_AmC,indicator E. coli,cattle 
,DANMAP 2019,AnimalESBL,ESBL prevalence in broiler farm,1,percent,2019,year,DK,DK,EU,168,isolates,,ESBL_AmC,indicator E. coli,pork
,DANMAP 2019,AnimalESBL,ESBL prevalence in pig meat,11,percent,2019,year,DK,DK,EU,317,isolates,,ESBL_AmC,indicator E. coli,beef
,DANMAP 2019,AnimalESBL,ESBL prevalence in beef,0,percent,2019,year,DK,DK,EU,124,isolates,,ESBL_AmC,indicator E. coli,pork
,DANMAP 2019,AnimalESBL,ESBL prevalence in chicken meat,57,percent,2019,year,DK,DK,EU,257,isolates,,ESBL_AmC,indicator E. coli,beef
,DANMAP 2019,AnimalESBL,CPE prevalence in pig farm,0,percent,2019,year,DK,DK,EU,330,isolates,,CPE,indicator E. coli,pig
,DANMAP 2019,AnimalESBL,CPE prevalence in cattle farm,0,percent,2019,year,DK,DK,EU,306,isolates,,CPE,indicator E. coli,cattle 
,DANMAP 2019,AnimalESBL,CPE prevalence in broiler farm,0,percent,2019,year,DK,DK,EU,168,isolates,,CPE,indicator E. coli,pork
,DANMAP 2019,AnimalESBL,CPE prevalence in pig meat,0,percent,2019,year,DK,DK,EU,317,isolates,,CPE,indicator E. coli,beef
,DANMAP 2019,AnimalESBL,CPE prevalence in beef,0,percent,2019,year,DK,DK,EU,124,isolates,,CPE,indicator E. coli,pork
,DANMAP 2019,AnimalESBL,CPE prevalence in chicken meat,0,percent,2019,year,DK,DK,EU,257,isolates,,CPE,indicator E. coli,beef
,DANMAP 2019,ClinicalESBL,CPE invasive infection patient,3,percent,2019,year,DK,DK,EU,11712,isolates,,ESBL,indicator E. coli,Denmark
,DANMAP 2019,ClinicalESBL,CPE invasive infection patient,1,percent,2019,year,DK,DK,EU,11712,isolates,,CPE,indicator E. coli,Denmark
,DANMAP 2015,AnimalESBL,ESBL prevalence in pig farm,29,percent,2015,year,DK,DK,EU,273,isolates,,ESBL_AmC,indicator E. coli,pig
,DANMAP 2015,AnimalESBL,ESBL prevalence in cattle farm,8,percent,2015,year,DK,DK,EU,180,isolates,,ESBL_AmC,indicator E. coli,cattle 
,DANMAP 2015,AnimalESBL,ESBL prevalence in broiler farm,31,percent,2015,year,DK,DK,EU,95,isolates,,ESBL_AmC,indicator E. coli,pork
,DANMAP 2015,AnimalESBL,ESBL prevalence in pig meat,2,percent,2015,year,DK,DK,EU,239,isolates,,ESBL_AmC,indicator E. coli,beef
,DANMAP 2015,AnimalESBL,ESBL prevalence in beef,1,percent,2015,year,DK,DK,EU,149,isolates,,ESBL_AmC,indicator E. coli,pork
,DANMAP 2015,AnimalESBL,ESBL prevalence in chicken meat,26,percent,2015,year,DK,DK,EU,238,isolates,,ESBL_AmC,indicator E. coli,beef
,DANMAP 2015,AnimalESBL,CPE prevalence in pig farm,0,percent,2015,year,DK,DK,EU,273,isolates,,CPE,indicator E. coli,pig
,DANMAP 2015,AnimalESBL,CPE prevalence in cattle farm,0,percent,2015,year,DK,DK,EU,180,isolates,,CPE,indicator E. coli,cattle 
,DANMAP 2015,AnimalESBL,CPE prevalence in broiler farm,0,percent,2015,year,DK,DK,EU,95,isolates,,CPE,indicator E. coli,pork
,DANMAP 2015,AnimalESBL,CPE prevalence in pig meat,0,percent,2015,year,DK,DK,EU,239,isolates,,CPE,indicator E. coli,beef
,DANMAP 2015,AnimalESBL,CPE prevalence in beef,0,percent,2015,year,DK,DK,EU,149,isolates,,CPE,indicator E. coli,pork
,DANMAP 2015,AnimalESBL,CPE prevalence in chicken meat,0,percent,2015,year,DK,DK,EU,238,isolates,,CPE,indicator E. coli,beef
,DANMAP 2018,AnimalESBL,ESBL prevalence in broiler farm,15,percent,2018,year,DK,DK,EU,837,isolates,,ESBL_AmC,indicator E. coli,pork
,DANMAP 2018,AnimalESBL,ESBL prevalence in chicken meat,15,percent,2018,year,DK,DK,EU,244,isolates,,ESBL_AmC,indicator E. coli,beef
,DANMAP 2016,AnimalESBL,ESBL prevalence in broiler farm,16,percent,2016,year,DK,DK,EU,298,isolates,,ESBL_AmC,indicator E. coli,pork
,DANMAP 2016,AnimalESBL,ESBL prevalence in chicken meat,23,percent,2016,year,DK,DK,EU,229,isolates,,ESBL_AmC,indicator E. coli,beef
36,Okorafor  et al 2019,AnimalESBL,ESBL prevalence in broiler chicken,4,percent,2016,year,NG,NG,AF_W,410,Broiler meat ,20.25,cefotaxime,Nsukka chicken farm,chicken
39,Dandachi et al 2018,AnimalESBL,ESBL prevalence in broiler chicken,41,percent,2015,year,LB,LB,AS_W,27,rectal sample,5.2,MDR ,farm size 18000,chicken
39,Dandachi et al 2018,AnimalESBL,ESBL prevalence in broiler chicken,19,percent,2015,year,LB,LB,AS_W,27,rectal sample,5.2,MDR ,farm size 11300,chicken
39,Dandachi et al 2018,AnimalESBL,ESBL prevalence in broiler chicken,7,percent,2015,year,LB,LB,AS_W,27,rectal sample,5.2,MDR ,farm size 20000,chicken
39,Dandachi et al 2018,AnimalESBL,ESBL prevalence in broiler chicken,45,percent,2015,year,LB,LB,AS_W,20,rectal sample,4.47,MDR ,farm size 23000,chicken
39,Dandachi et al 2018,AnimalESBL,ESBL prevalence in broiler chicken,70,percent,2015,year,LB,LB,AS_W,20,rectal sample,4.47,MDR ,farm size 4000,chicken
39,Dandachi et al 2018,AnimalESBL,ESBL prevalence in broiler chicken,65,percent,2015,year,LB,LB,AS_W,20,rectal sample,4.47,MDR ,farm size 20000,chicken
39,Dandachi et al 2018,AnimalESBL,ESBL prevalence in broiler chicken,40,percent,2015,year,LB,LB,AS_W,20,rectal sample,4.47,MDR ,farm size 15000,chicken
39,Dandachi et al 2018,AnimalESBL,ESBL prevalence in broiler chicken,25,percent,2015,year,LB,LB,AS_W,20,rectal sample,4.47,MDR ,farm size 5000,chicken
39,Dandachi et al 2018,AnimalESBL,ESBL prevalence in broiler chicken,25,percent,2015,year,LB,LB,AS_W,20,rectal sample,4.47,MDR ,farm size 4000,chicken
39,Dandachi et al 2018,AnimalESBL,ESBL prevalence in broiler chicken,45,percent,2015,year,LB,LB,AS_W,20,rectal sample,4.47,MDR ,farm size 6000,chicken
39,Dandachi et al 2018,AnimalESBL,ESBL prevalence in broiler chicken,55,percent,2015,year,LB,LB,AS_W,20,rectal sample,4.47,MDR ,farm size 4600,chicken
39,Dandachi et al 2018,AnimalESBL,ESBL prevalence in broiler chicken,55,percent,2015,year,LB,LB,AS_W,20,rectal sample,4.47,MDR ,farm size 15000,chicken
39,Dandachi et al 2018,AnimalESBL,ESBL prevalence in broiler chicken,5,percent,2015,year,LB,LB,AS_W,20,rectal sample,4.47,MDR ,farm size 6000,chicken
39,Dandachi et al 2018,AnimalESBL,ESBL prevalence in broiler chicken,20,percent,2015,year,LB,LB,AS_W,20,rectal sample,4.47,MDR ,farm size 10700,chicken
39,Dandachi et al 2018,AnimalESBL,ESBL prevalence in broiler chicken,30,percent,2015,year,LB,LB,AS_W,20,rectal sample,4.47,MDR ,farm size 5000,chicken
39,Dandachi et al 2018,AnimalESBL,ESBL prevalence in broiler chicken,15,percent,2015,year,LB,LB,AS_W,20,rectal sample,4.47,MDR ,farm size 3000,chicken
39,Dandachi et al 2018,AnimalESBL,ESBL prevalence in broiler chicken,5,percent,2015,year,LB,LB,AS_W,20,rectal sample,4.47,MDR ,farm size 6000,chicken
39,Dandachi et al 2018,AnimalESBL,ESBL prevalence in broiler chicken,30,percent,2015,year,LB,LB,AS_W,20,rectal sample,4.47,MDR ,farm size 6000,chicken
39,Dandachi et al 2018,AnimalESBL,ESBL prevalence in broiler chicken,15,percent,2015,year,LB,LB,AS_W,20,rectal sample,4.47,MDR ,farm size 6000,chicken
39,Dandachi et al 2018,AnimalESBL,ESBL prevalence in broiler chicken,15,percent,2015,year,LB,LB,AS_W,20,rectal sample,4.47,MDR ,farm size 5000,chicken
39,Dandachi et al 2018,AnimalESBL,ESBL prevalence in broiler chicken,15,percent,2015,year,LB,LB,AS_W,20,rectal sample,4.47,MDR ,farm size 6500,chicken
39,Dandachi et al 2018,AnimalESBL,ESBL prevalence in broiler chicken,5,percent,2015,year,LB,LB,AS_W,21,rectal sample,4.58,MDR ,farm size 6700,chicken
39,Dandachi et al 2018,AnimalESBL,ESBL prevalence in broiler chicken,20,percent,2015,year,LB,LB,AS_W,20,rectal sample,4.47,MDR ,farm size 11800,chicken
39,Dandachi et al 2018,AnimalESBL,ESBL prevalence in broiler chicken,10,percent,2015,year,LB,LB,AS_W,20,rectal sample,4.47,MDR ,farm size 10000,chicken
39,Dandachi et al 2018,AnimalESBL,ESBL prevalence in broiler chicken,5,percent,2015,year,LB,LB,AS_W,20,rectal sample,4.47,MDR ,farm size 10000,chicken
39,Dandachi et al 2018,AnimalESBL,ESBL prevalence in broiler chicken,5,percent,2015,year,LB,LB,AS_W,20,rectal sample,4.47,MDR ,farm size 5000,chicken
39,Dandachi et al 2018,AnimalESBL,ESBL prevalence in broiler chicken,40,percent,2015,year,LB,LB,AS_W,20,rectal sample,4.47,MDR ,farm size 10000,chicken
39,Dandachi et al 2018,AnimalESBL,ESBL prevalence in broiler chicken,20,percent,2015,year,LB,LB,AS_W,20,rectal sample,4.47,MDR ,farm size 5000,chicken
39,Dandachi et al 2018,AnimalESBL,ESBL prevalence in broiler chicken,35,percent,2015,year,LB,LB,AS_W,20,rectal sample,4.47,MDR ,farm size 5000,chicken
39,Dandachi et al 2018,AnimalESBL,ESBL prevalence in broiler chicken,10,percent,2015,year,LB,LB,AS_W,20,rectal sample,4.47,MDR ,farm size 10000,chicken
39,Dandachi et al 2018,AnimalESBL,ESBL prevalence in broiler chicken,20,percent,2015,year,LB,LB,AS_W,20,rectal sample,4.47,MDR ,farm size 10000,chicken
39,Dandachi et al 2018,AnimalESBL,ESBL prevalence in broiler chicken,25,percent,2015,year,LB,LB,AS_W,20,rectal sample,4.47,MDR ,farm size 18000,chicken
39,Dandachi et al 2018,AnimalESBL,ESBL prevalence in broiler chicken,15,percent,2015,year,LB,LB,AS_W,20,rectal sample,4.47,MDR ,farm size 6000,chicken
39,Dandachi et al 2018,AnimalESBL,ESBL prevalence in broiler chicken,30,percent,2015,year,LB,LB,AS_W,20,rectal sample,4.47,MDR ,farm size 6000,chicken
39,Dandachi et al 2018,AnimalESBL,ESBL prevalence in broiler chicken,50,percent,2015,year,LB,LB,AS_W,20,rectal sample,4.47,MDR ,farm size 3300,chicken
39,Dandachi et al 2018,AnimalESBL,ESBL prevalence in broiler chicken,25,percent,2015,year,LB,LB,AS_W,20,rectal sample,4.47,MDR ,farm size 10000,chicken
39,Dandachi et al 2018,AnimalESBL,ESBL prevalence in broiler chicken,5,percent,2015,year,LB,LB,AS_W,20,rectal sample,4.47,MDR ,farm size 10000,chicken
39,Dandachi et al 2018,AnimalESBL,ESBL prevalence in broiler chicken,30,percent,2015,year,LB,LB,AS_W,20,rectal sample,4.47,MDR ,farm size 10000,chicken
38,Eibach et al 2018,AnimalESBL,ESBL prevalence in chicken meat from Ghana market,44,percent,2015,year,GH,GH,AF_W,68,broiler sample,8.25,cefotaxime&Ceftazidime,frozen and fresh chicken meat from 75 supermarkets in Kumasi city,chicken
38,Eibach et al 2018,AnimalESBL,ESBL prevalence in chicken meat from Ghana market,23,percent,2015,year,GH,GH,AF_W,31,broiler sample,5.57,cefotaxime&Ceftazidime,frozen and fresh chicken meat from 75 supermarkets in Kumasi city,chicken
38,Eibach et al 2018,AnimalESBL,ESBL prevalence in chicken meat from Ghana market,32,percent,2015,year,BR,BR,AM_S,31,broiler sample,5.57,cefotaxime&Ceftazidime,frozen and fresh chicken meat from 75 supermarkets in Kumasi city,chicken
38,Eibach et al 2018,AnimalESBL,ESBL prevalence in chicken meat from Ghana market,88,percent,2015,year,BE,BE,EU_W,8,broiler sample,2.83,cefotaxime&Ceftazidime,frozen and fresh chicken meat from 75 supermarkets in Kumasi city,chicken
38,Eibach et al 2018,AnimalESBL,ESBL prevalence in chicken meat from Ghana market,26,percent,2015,year,NL,NL,EU_W,38,broiler sample,6.16,cefotaxime&Ceftazidime,frozen and fresh chicken meat from 75 supermarkets in Kumasi city,chicken
34,hijazi et al 2016,CommunityESBL,prevalence ESBL in healthy students,25,percent,2013,year,LB,LB,AS_W,125,children,11.18,MDR,,
20,Hussain et al 2017,AnimalESBL,ESBL prevalence in broiler meat,24,percent,2015,year,IN,IN,AS_S,32,meat samples,12.96,ESBL ,total meat and ceca isolates,chicken
20,Hussain et al 2017,AnimalESBL,ESBL prevalence in free range meat,9,percent,2015,year,IN,IN,AS_S,12,meat samples,7.94,CTX,total meat and ceca isolates,chicken
33,Kassenborg et al 2004,CommunityESBL,prevalence resistance,11,percent,1998,year,US,US,AM_N,858,Campylobater infection cases,29.29,fluoroquinolone resistance ,,
33,Kassenborg et al 2004,CommunityESBL,prevalence resistance,5,percent,1998,year,US,US,AM_N,339,Campylobater infection cases,18.41,fluoroquinolone resistance ,Minnesota,
33,Kassenborg et al 2004,CommunityESBL,prevalence resistance,16,percent,1998,year,US,US,AM_N,292,Campylobater infection cases,17.09,fluoroquinolone resistance ,Connecticut ,
16,Kuang X et al 2015,AnimalESBL,Confirmed ESBL producer ,5,percent,2010,year,CL,CL,AS_E,159,isolates,12.61,MDR,,chicken
23,Kuenzli et al ,Acquisition rate of returning traveller ,prevalence ESBL carriage from returning swiss traveller ,79,percent,2013,year,BT,BT,AS_S,49,traveller ,7,MDR,OR: 0.66/avg stay 18.4 days,Switzerland
23,Kuenzli et al ,Acquisition rate of returning traveller ,prevalence ESBL carriage from returning swiss traveller ,87,percent,2013,year,IN,IN,AS_S,68,traveller ,8.25,MDR,OR: 1/avg stay 18.4 days,Switzerland
23,Kuenzli et al ,Acquisition rate of returning traveller ,prevalence ESBL carriage from returning swiss traveller ,80,percent,2013,year,NP,NP,AS_S,39,traveller ,6.24,MDR,OR: 0.57/avg stay 18.4 days,Switzerland
23,Kuenzli et al ,Acquisition rate of returning traveller ,prevalence ESBL carriage from returning swiss traveller ,35,percent,2013,year,LK,LK,AS_S,14,traveller ,3.74,MDR,OR: 0.05/avg stay 18.4 days,Switzerland
14,Li S et al  2016,AnimalESBL,prevalence ESBL-EC,89,percent,2014,year,CL,CL,AS_E,169,isolates,13,MDR,fecal isolate,chicken
27,Lubbert et al 2015,Acquisition rate of returning traveller ,prevalence of geman travellers acquired ESBL,26,percent,2013,year,XQ,NA,AF_E,47,traveller ,6.86,Travel carriage ESBL,,Germany
27,Lubbert et al 2015,Acquisition rate of returning traveller ,prevalence of geman travellers acquired ESBL,11,percent,2013,year,ZA,ZA,AF_S,18,traveller ,4.24,Travel carriage ESBL,,Germany
27,Lubbert et al 2015,Acquisition rate of returning traveller ,prevalence of geman travellers acquired ESBL,39,percent,2013,year,XM,NA,AF_W,13,traveller ,3.61,Travel carriage ESBL,,Germany
27,Lubbert et al 2015,Acquisition rate of returning traveller ,prevalence of geman travellers acquired ESBL,0,percent,2013,year,US,US,AM_N,2,traveller ,1.41,Travel carriage ESBL,,Germany
27,Lubbert et al 2015,Acquisition rate of returning traveller ,prevalence of geman travellers acquired ESBL,7,percent,2013,year,ZJ,NA,AM_S,15,traveller ,3.87,Travel carriage ESBL,,Germany
27,Lubbert et al 2015,Acquisition rate of returning traveller ,prevalence of geman travellers acquired ESBL,8,percent,2013,year,ZJ,NA,AM_S,63,traveller ,7.94,Travel carriage ESBL,,Germany
27,Lubbert et al 2015,Acquisition rate of returning traveller ,prevalence of geman travellers acquired ESBL,14,percent,2013,year,XP,NA,AS,30,traveller ,5.48,Travel carriage ESBL,,Germany
27,Lubbert et al 2015,Acquisition rate of returning traveller ,prevalence of geman travellers acquired ESBL,48,percent,2013,year,XO,NA,AS_SE,46,traveller ,6.78,Travel carriage ESBL,,Germany
27,Lubbert et al 2015,Acquisition rate of returning traveller ,prevalence of geman travellers acquired ESBL,73,percent,2013,year,IN,IN,AS_S,15,traveller ,3.87,Travel carriage ESBL,,Germany
27,Lubbert et al 2015,Acquisition rate of returning traveller ,prevalence of geman travellers acquired ESBL,0,percent,2013,year,B8,NA,EU_C,2,traveller ,1.41,Travel carriage ESBL,,Germany
27,Lubbert et al 2015,Acquisition rate of returning traveller ,prevalence of geman travellers acquired ESBL,25,percent,2013,year,XD,NA,EU_S,8,traveller ,2.83,Travel carriage ESBL,,Germany
27,Lubbert et al 2015,Acquisition rate of returning traveller ,prevalence of geman travellers acquired ESBL,28,percent,2013,year,XP,NA,W,191,traveller ,13.82,Travel carriage ESBL,,Germany
27,Lubbert et al 2015,Persistance rate of returning traveller ,Persistent carriage of same ESBL group ,30,percent,2013,year,XP,NA,W,58,traveller ,7.62,Travel carriage ESBL,3 months post travel,Germany
27,Lubbert et al 2015,Persistance rate of returning traveller ,Persistent carriage of same ESBL group ,9,percent,2013,year,XP,NA,W,35,traveller ,5.92,Travel carriage ESBL,6 months post travel,Germany
6,Marguilieux et al 2018,CommunityESBL,ESBL prevalence from acute diarrhea in Nepa;,0,,2007,year,NP,NP,AS_S,34,person,5.83,MDR,travel clinics In Nepal,
6,Marguilieux et al 2018,CommunityESBL,ESBL prevalence from acute diarrhea in Nepa;,2,,2008,year,NP,NP,AS_S,62,person,7.87,MDR,travel clinics In Nepal,
6,Marguilieux et al 2018,CommunityESBL,ESBL prevalence from acute diarrhea in Nepa;,0,,2009,year,NP,NP,AS_S,8,person,2.83,MDR,travel clinics In Nepal,
6,Marguilieux et al 2018,CommunityESBL,ESBL prevalence from acute diarrhea in Nepa;,0,,2012,year,NP,NP,AS_S,1,person,1,MDR,travel clinics In Nepal,
6,Marguilieux et al 2018,CommunityESBL,ESBL prevalence from acute diarrhea in Nepa;,36,,2013,year,NP,NP,AS_S,21,person,4.58,MDR,travel clinics In Nepal,
6,Marguilieux et al 2018,CommunityESBL,ESBL prevalence from acute diarrhea in Nepa;,31,,2014,year,NP,NP,AS_S,32,person,5.66,MDR,travel clinics In Nepal,
6,Marguilieux et al 2018,CommunityESBL,ESBL prevalence from acute diarrhea in Nepa;,35,,2016,year,NP,NP,AS_S,60,person,7.75,MDR,travel clinics In Nepal,
7,Mcnulty et al 2018,CommunityESBL,ESBL prevalence_CTX-M,9,percent,2014,year,GB,GB,EU_N,2074,person,45.54,MDR,,
30,Miranda et al 2016,Acquisition rate of returning traveller ,prevalence of ESBL in Germany traveller with gastrointestical symptom,34,percent,2013,year,XO,XO,AF,27,traveller ,5.2,Travel carriage ESBL,,Germany
30,Miranda et al 2016,Acquisition rate of returning traveller ,prevalence of ESBL in Germany traveller with gastrointestical symptom,15,percent,2013,year,ZJ,NA,AM_S,21,traveller ,4.58,Travel carriage ESBL,,Germany
30,Miranda et al 2016,Acquisition rate of returning traveller ,prevalence of ESBL in Germany traveller with gastrointestical symptom,43,percent,2013,year,XO,NA,AS,7,traveller ,2.65,Travel carriage ESBL,,Germany
30,Miranda et al 2016,Acquisition rate of returning traveller ,prevalence of ESBL in Germany traveller with gastrointestical symptom,60,percent,2013,year,XO,NA,AS_SE,39,traveller ,6.24,Travel carriage ESBL,,Germany
30,Miranda et al 2016,Acquisition rate of returning traveller ,prevalence of ESBL in Germany traveller with gastrointestical symptom,72,percent,2013,year,IN,IN,AS_S,81,traveller ,9,Travel carriage ESBL,,Germany
30,Miranda et al 2016,Acquisition rate of returning traveller ,prevalence of ESBL in Germany traveller with gastrointestical symptom,40,percent,2013,year,8S,IN,AS_S,15,traveller ,3.87,Travel carriage ESBL,,Germany
30,Miranda et al 2016,Acquisition rate of returning traveller ,prevalence of ESBL in Germany traveller with gastrointestical symptom,32,percent,2013,year,TH,TH,AS_SE,16,traveller ,4,Travel carriage ESBL,,Germany
30,Miranda et al 2016,Acquisition rate of returning traveller ,prevalence of ESBL in Germany traveller with gastrointestical symptom,0,percent,2013,year,XD,NA,EU,5,traveller ,2.24,Travel carriage ESBL,,Germany
2,Nakayama et al 2015 ,CommunityESBL,ESBL carriage ,72,percent,2012,year,LA,LA,AS_SE,57,person,7.55,MDR,Sawanalet,
2,Nakayama et al 2015 ,CommunityESBL,ESBL carriage ,69,percent,2012,year,TH,TH,AS_SE,417,person,20.42,MDR,Kanchanaburi,
2,Nakayama et al 2015 ,CommunityESBL,ESBL carriage ,51,percent,2013,year,VN,VN,AS_SE,198,person,14.07,MDR,Bavi&Hanoi,
19,Nguyen T et al 2015,AnimalESBL,prevalence resistance,86,percent,2015,year,VN,VN,AS_SE,895,isolates,29.92,ampicillin,Mekong Delta,chicken
19,Nguyen T et al 2015,AnimalESBL,prevalence resistance,48,percent,2015,year,VN,VN,AS_SE,895,isolates,29.92,Amoxicillin-clavulanic acid,Mekong Delta,chicken
19,Nguyen T et al 2015,AnimalESBL,prevalence resistance,2,percent,2015,year,VN,VN,AS_SE,895,isolates,29.92,ceftazidime,Mekong Delta,chicken
19,Nguyen T et al 2015,AnimalESBL,prevalence resistance,3,percent,2015,year,VN,VN,AS_SE,895,isolates,29.92,ceftriaxone,Mekong Delta,chicken
19,Nguyen T et al 2015,AnimalESBL,prevalence resistance,3,percent,2015,year,VN,VN,AS_SE,895,isolates,29.92,Third gen cephalosporin,Mekong Delta,chicken
19,Nguyen T et al 2015,AnimalESBL,prevalence resistance,0,percent,2015,year,VN,VN,AS_SE,895,isolates,29.92,ESBL ,Mekong Delta,chicken
5,Niumsup et al 2017,CommunityESBL,CtxRE isolated from stool sample,28,percent,2013,year,TH,TH,AS_SE,307,person,17.52,MDR,Phisanoulok,
5,Niumsup et al 2017,CommunityESBL,E coli isolates,66,percent,2013,year,TH,TH,AS_SE,307,person,17.52,MDR,Phisanoulok,
5,Niumsup et al 2017,CommunityESBL,enterobacter cloacae,15,percent,2013,year,TH,TH,AS_SE,307,person,17.52,MDR,Phisanoulok,
5,Niumsup et al 2017,CommunityESBL,K pneumonia,1,percent,2013,year,TH,TH,AS_SE,307,person,17.52,MDR,Phisanoulok,
26,Ostholm et al 2013,Acquisition rate of returning traveller ,prevalence of sweden travellers acquired ESBL,19,percent,2008,year,ZQ,NA,AF_N,30,traveller ,5.48,Travel carriage ESBL,OR1.96(0.89-4.30),Sweden
26,Ostholm et al 2013,Acquisition rate of returning traveller ,prevalence of sweden travellers acquired ESBL,22,percent,2008,year,ZG,NA,AF_S,71,traveller ,8.43,Travel carriage ESBL,OR 0.52(0.27-0.99),Sweden
26,Ostholm et al 2013,Acquisition rate of returning traveller ,prevalence of sweden travellers acquired ESBL,0,percent,2008,year,US,US,AM_N,16,traveller ,4,Travel carriage ESBL,,Sweden
26,Ostholm et al 2013,Acquisition rate of returning traveller ,prevalence of sweden travellers acquired ESBL,7,percent,2008,year,ZJ,NA,AM_S,29,traveller ,5.39,Travel carriage ESBL,OR0.44(0.16-1.22),Sweden
26,Ostholm et al 2013,Acquisition rate of returning traveller ,prevalence of sweden travellers acquired ESBL,38,percent,2008,year,XP,NA,AS,58,traveller ,7.62,Travel carriage ESBL,OR2.44(1.31-4.55),Sweden
26,Ostholm et al 2013,Acquisition rate of returning traveller ,prevalence of sweden travellers acquired ESBL,15,percent,2008,year,8S,IN,AS_S,14,traveller ,3.74,Travel carriage ESBL,OR6.64(2-22),Sweden
26,Ostholm et al 2013,Acquisition rate of returning traveller ,prevalence of sweden travellers acquired ESBL,0,percent,2008,year,EU,NA,EU,15,traveller ,3.87,Travel carriage ESBL,,Sweden
26,Ostholm et al 2013,Acquisition rate of returning traveller ,prevalence of sweden travellers acquired ESBL,0,percent,2008,year,AU,AU,OC,2,traveller ,1.41,Travel carriage ESBL,,Sweden
24,Paltansing et al 2013,Acquisition rate of returning traveller ,prevalence of Dutch travellers acquired ESBL,13,percent,2013,year,ZQ,NA,AF_N,15,traveller ,3.87,,IR/pdt 0.64 mean travel day 14.8,Netherlands
24,Paltansing et al 2013,Acquisition rate of returning traveller ,prevalence of Dutch travellers acquired ESBL,12,percent,2013,year,ZG,NA,AF_S,26,traveller ,5.1,,IR/pdt 0.27 mean travel day 25,Netherlands
24,Paltansing et al 2013,Acquisition rate of returning traveller ,prevalence of Dutch travellers acquired ESBL,40,percent,2013,year,US,US,AM_N,10,traveller ,3.16,,IR/pdt 1.76 mean travel day 11.2,Netherlands
24,Paltansing et al 2013,Acquisition rate of returning traveller ,prevalence of Dutch travellers acquired ESBL,25,percent,2013,year,ZJ,NA,AM_S,28,traveller ,5.29,,IR/pdt 0.48 mean travel day 19,Netherlands
24,Paltansing et al 2013,Acquisition rate of returning traveller ,prevalence of Dutch travellers acquired ESBL,30,percent,2013,year,ZJ,NA,AM_S,56,traveller ,7.48,,IR/pdt 0.25 mean travel day 29,Netherlands
24,Paltansing et al 2013,Acquisition rate of returning traveller ,prevalence of Dutch travellers acquired ESBL,6,percent,2013,year,ZJ,NA,AM_S,32,traveller ,5.66,,IR/pdt 0.15 mean travel day 29,Netherlands
24,Paltansing et al 2013,Acquisition rate of returning traveller ,prevalence of Dutch travellers acquired ESBL,34,percent,2013,year,XO,NA,AS_SE,110,traveller ,10.49,MDR-E,IR/pdt 1.24 mean travel day 27,Netherlands
24,Paltansing et al 2013,Acquisition rate of returning traveller ,prevalence of Dutch travellers acquired ESBL,67,percent,2013,year,4E,NA,AS_E,33,traveller ,5.74,MDR-E,IR/pdt 0.60 mean travel day 24,Netherlands
24,Paltansing et al 2013,Acquisition rate of returning traveller ,prevalence of Dutch travellers acquired ESBL,72,percent,2013,year,8S,NA,AS_S,25,traveller ,5,MDR-E,IR/pdt 0.70 mean travel day 24,Netherlands
24,Paltansing et al 2013,Acquisition rate of returning traveller ,prevalence of Dutch travellers acquired ESBL,30,percent,2013,year,7E,NA,EU,3,traveller ,1.73,MDR-E,IR/pdt 1.06 mean travel day 31,Netherlands
24,Paltansing et al 2013,Persistance rate of returning traveller ,Persistent carriage of same ESBL group after 6month,17,percent,2013,year,XP,NA,W,113,traveller ,10.63,MDR-E,6 months post travel,Netherlands
24,Paltansing et al 2013,Acquisition rate of returning traveller ,prevalence of Dutch travellers acquired ESBL,31,percent,2013,year,1W,NA,W,370,traveller ,19.24,MDR-E,avg 21 day,Netherlands
28,Peirano et al 2017,Acquisition rate of returning traveller ,prevalence of canadian travellers acquired ESBL,100,percent,2012,year,BD,BD,AS_S,1,traveller ,1,Travel carriage ESBL,,Canada
28,Peirano et al 2017,Acquisition rate of returning traveller ,prevalence of canadian travellers acquired ESBL,73,percent,2012,year,IN,IN,AS_S,90,traveller ,9.49,Travel carriage ESBL,,Canada
28,Peirano et al 2017,Acquisition rate of returning traveller ,prevalence of canadian travellers acquired ESBL,0,percent,2012,year,LK,LK,AS_S,8,traveller ,2.83,Travel carriage ESBL,,Canada
28,Peirano et al 2017,Acquisition rate of returning traveller ,prevalence of canadian travellers acquired ESBL,64,percent,2012,year,8S,NA,AS_S,109,traveller ,10.44,Travel carriage ESBL,,Canada
28,Peirano et al 2017,Persistance rate of returning traveller ,prevalence of canadian travellers acquired ESBL,21,percent,2012,year,8S,NA,AS_S,70,traveller ,8.37,Travel carriage ESBL,6 months post travel,Canada
28,Peirano et al 2017,Acquisition rate of returning traveller ,prevalence of canadian travellers acquired ESBL,22,percent,2012,year,NP,NP,AS_S,9,traveller ,3,Travel carriage ESBL,,Canada
28,Peirano et al 2017,Acquisition rate of returning traveller ,prevalence of canadian travellers acquired ESBL,100,percent,2012,year,PK,PK,AS_S,1,traveller ,1,Travel carriage ESBL,,Canada
28,Peirano et al 2017,Acquisition rate of returning traveller ,prevalence of canadian travellers acquired ESBL,100,percent,2013,year,BD,BD,AS_S,1,traveller ,1,Travel carriage ESBL,,Canada
28,Peirano et al 2017,Acquisition rate of returning traveller ,prevalence of canadian travellers acquired ESBL,73,percent,2013,year,IN,IN,AS_S,90,traveller ,9.49,Travel carriage ESBL,,Canada
28,Peirano et al 2017,Acquisition rate of returning traveller ,prevalence of canadian travellers acquired ESBL,0,percent,2013,year,LK,LK,AS_S,8,traveller ,2.83,Travel carriage ESBL,,Canada
28,Peirano et al 2017,Acquisition rate of returning traveller ,prevalence of canadian travellers acquired ESBL,64,percent,2013,year,8S,NA,AS_S,109,traveller ,10.44,Travel carriage ESBL,,Canada
28,Peirano et al 2017,Persistance rate of returning traveller ,prevalence of canadian travellers acquired ESBL,21,percent,2013,year,8S,NA,AS_S,70,traveller ,8.37,Travel carriage ESBL,6 months post travel,Canada
28,Peirano et al 2017,Acquisition rate of returning traveller ,prevalence of canadian travellers acquired ESBL,22,percent,2013,year,NP,NP,AS_S,9,traveller ,3,Travel carriage ESBL,,Canada
28,Peirano et al 2017,Acquisition rate of returning traveller ,prevalence of canadian travellers acquired ESBL,100,percent,2013,year,PK,PK,AS_S,1,traveller ,1,Travel carriage ESBL,,Canada
28,Peirano et al 2017,Acquisition rate of returning traveller ,prevalence of canadian travellers acquired ESBL,100,percent,2014,year,BD,BD,AS_S,1,traveller ,1,Travel carriage ESBL,,Canada
28,Peirano et al 2017,Acquisition rate of returning traveller ,prevalence of canadian travellers acquired ESBL,73,percent,2014,year,IN,IN,AS_S,90,traveller ,9.49,Travel carriage ESBL,,Canada
28,Peirano et al 2017,Acquisition rate of returning traveller ,prevalence of canadian travellers acquired ESBL,0,percent,2014,year,LK,LK,AS_S,8,traveller ,2.83,Travel carriage ESBL,,Canada
28,Peirano et al 2017,Acquisition rate of returning traveller ,prevalence of canadian travellers acquired ESBL,64,percent,2014,year,8S,NA,AS_S,109,traveller ,10.44,Travel carriage ESBL,,Canada
28,Peirano et al 2017,Persistance rate of returning traveller ,prevalence of canadian travellers acquired ESBL,21,percent,2014,year,8S,NA,AS_S,70,traveller ,8.37,Travel carriage ESBL,6 months post travel,Canada
28,Peirano et al 2017,Acquisition rate of returning traveller ,prevalence of canadian travellers acquired ESBL,22,percent,2014,year,NP,NP,AS_S,9,traveller ,3,Travel carriage ESBL,,Canada
28,Peirano et al 2017,Acquisition rate of returning traveller ,prevalence of canadian travellers acquired ESBL,100,percent,2014,year,PK,PK,AS_S,1,traveller ,1,Travel carriage ESBL,,Canada
25,Ruppe et al 2015,Acquisition rate of returning traveller ,prevalence of french travellers acquired ESBL,33,percent,2015,year,AO,AO,AF_C,3,traveller ,1.73,MDR (ESBL AmpC CPR),,France
25,Ruppe et al 2015,Acquisition rate of returning traveller ,prevalence of french travellers acquired ESBL,62,percent,2015,year,CD,CD,AF_C,13,traveller ,3.61,MDR (ESBL AmpC CPR),,France
25,Ruppe et al 2015,Acquisition rate of returning traveller ,prevalence of french travellers acquired ESBL,54,percent,2015,year,CM,CM,AF_C,24,traveller ,4.9,MDR (ESBL AmpC CPR),,France
25,Ruppe et al 2015,Acquisition rate of returning traveller ,prevalence of french travellers acquired ESBL,67,percent,2015,year,GA,GA,AF_C,3,traveller ,1.73,MDR (ESBL AmpC CPR),,France
25,Ruppe et al 2015,Acquisition rate of returning traveller ,prevalence of french travellers acquired ESBL,0,percent,2015,year,CF,NA,AF_C,1,traveller ,1,MDR (ESBL AmpC CPR),,France
25,Ruppe et al 2015,Acquisition rate of returning traveller ,prevalence of french travellers acquired ESBL,0,percent,2015,year,ST,ST,AF_C,1,traveller ,1,MDR (ESBL AmpC CPR),,France
25,Ruppe et al 2015,Acquisition rate of returning traveller ,prevalence of french travellers acquired ESBL,50,percent,2015,year,ET,ET,AF_E,4,traveller ,2,MDR (ESBL AmpC CPR),,France
25,Ruppe et al 2015,Acquisition rate of returning traveller ,prevalence of french travellers acquired ESBL,67,percent,2015,year,KE,KE,AF_E,6,traveller ,2.45,MDR (ESBL AmpC CPR),,France
25,Ruppe et al 2015,Acquisition rate of returning traveller ,prevalence of french travellers acquired ESBL,57,percent,2015,year,MG,MG,AF_E,7,traveller ,2.65,MDR (ESBL AmpC CPR),,France
25,Ruppe et al 2015,Acquisition rate of returning traveller ,prevalence of french travellers acquired ESBL,0,percent,2015,year,MZ,MZ,AF_E,1,traveller ,1,MDR (ESBL AmpC CPR),,France
25,Ruppe et al 2015,Persistance rate of returning traveller ,Persistent carriage of same ESBL group ,100,percent,2015,year,ZG,NA,AF_S,292,traveller ,17.09,MDR (ESBL AmpC CPR),0,France
25,Ruppe et al 2015,Persistance rate of returning traveller ,Persistent carriage of same ESBL group ,13,percent,2015,year,ZG,NA,AF_S,245,traveller ,15.65,MDR (ESBL AmpC CPR),1 month post travel,France
25,Ruppe et al 2015,Persistance rate of returning traveller ,Persistent carriage of same ESBL group ,7,percent,2015,year,ZG,NA,AF_S,236,traveller ,15.36,MDR (ESBL AmpC CPR),2 months post travel,France
25,Ruppe et al 2015,Persistance rate of returning traveller ,Persistent carriage of same ESBL group ,4,percent,2015,year,ZG,NA,AF_S,233,traveller ,15.26,MDR (ESBL AmpC CPR),3 months post travel,France
25,Ruppe et al 2015,Persistance rate of returning traveller ,Persistent carriage of same ESBL group ,0,percent,2015,year,ZG,NA,AF_S,230,traveller ,15.17,MDR (ESBL AmpC CPR),6 months post travel,France
25,Ruppe et al 2015,Persistance rate of returning traveller ,Persistent carriage of same ESBL group ,0,percent,2015,year,ZG,NA,AF_S,227,traveller ,15.07,MDR (ESBL AmpC CPR),12 months post travel,France
25,Ruppe et al 2015,Acquisition rate of returning traveller ,prevalence of french travellers acquired ESBL,0,percent,2015,year,ZA,ZA,AF_S,1,traveller ,1,MDR (ESBL AmpC CPR),,France
25,Ruppe et al 2015,Acquisition rate of returning traveller ,prevalence of french travellers acquired ESBL,50,percent,2015,year,BF,BF,AF_W,8,traveller ,2.83,MDR (ESBL AmpC CPR),,France
25,Ruppe et al 2015,Acquisition rate of returning traveller ,prevalence of french travellers acquired ESBL,36,percent,2015,year,BJ,BJ,AF_W,11,traveller ,3.32,MDR (ESBL AmpC CPR),,France
25,Ruppe et al 2015,Acquisition rate of returning traveller ,prevalence of french travellers acquired ESBL,47,percent,2015,year,CI,CI,AF_W,17,traveller ,4.12,MDR (ESBL AmpC CPR),,France
25,Ruppe et al 2015,Acquisition rate of returning traveller ,prevalence of french travellers acquired ESBL,100,percent,2015,year,GH,GH,AF_W,1,traveller ,1,MDR (ESBL AmpC CPR),,France
25,Ruppe et al 2015,Acquisition rate of returning traveller ,prevalence of french travellers acquired ESBL,75,percent,2015,year,GN,GN,AF_W,4,traveller ,2,MDR (ESBL AmpC CPR),,France
25,Ruppe et al 2015,Acquisition rate of returning traveller ,prevalence of french travellers acquired ESBL,0,percent,2015,year,GW,GW,AF_W,3,traveller ,1.73,MDR (ESBL AmpC CPR),,France
25,Ruppe et al 2015,Acquisition rate of returning traveller ,prevalence of french travellers acquired ESBL,20,percent,2015,year,ML,ML,AF_W,5,traveller ,2.24,MDR (ESBL AmpC CPR),,France
25,Ruppe et al 2015,Acquisition rate of returning traveller ,prevalence of french travellers acquired ESBL,100,percent,2015,year,NE,NE,AF_W,1,traveller ,1,MDR (ESBL AmpC CPR),,France
25,Ruppe et al 2015,Acquisition rate of returning traveller ,prevalence of french travellers acquired ESBL,38,percent,2015,year,SN,SN,AF_W,45,traveller ,6.71,MDR (ESBL AmpC CPR),,France
25,Ruppe et al 2015,Acquisition rate of returning traveller ,prevalence of french travellers acquired ESBL,64,percent,2015,year,TZ,TZ,AF_W,11,traveller ,3.32,MDR (ESBL AmpC CPR),,France
25,Ruppe et al 2015,Acquisition rate of returning traveller ,prevalence of french travellers acquired ESBL,75,percent,2015,year,TG,TG,AF_W,12,traveller ,3.46,MDR (ESBL AmpC CPR),,France
25,Ruppe et al 2015,Acquisition rate of returning traveller ,prevalence of french travellers acquired ESBL,14,percent,2015,year,AR,AR,AM_S,7,traveller ,2.65,MDR (ESBL AmpC CPR),,France
25,Ruppe et al 2015,Acquisition rate of returning traveller ,prevalence of french travellers acquired ESBL,0,percent,2015,year,NI,NI,AM_C,1,traveller ,1,MDR (ESBL AmpC CPR),,France
25,Ruppe et al 2015,Acquisition rate of returning traveller ,prevalence of french travellers acquired ESBL,0,percent,2015,year,PA,PA,AM_C,1,traveller ,1,MDR (ESBL AmpC CPR),,France
25,Ruppe et al 2015,Acquisition rate of returning traveller ,prevalence of french travellers acquired ESBL,33,percent,2015,year,BO,BO,AM_S,3,traveller ,1.73,MDR (ESBL AmpC CPR),,France
25,Ruppe et al 2015,Acquisition rate of returning traveller ,prevalence of french travellers acquired ESBL,34,percent,2015,year,BR,BR,AM_S,44,traveller ,6.63,MDR (ESBL AmpC CPR),,France
25,Ruppe et al 2015,Acquisition rate of returning traveller ,prevalence of french travellers acquired ESBL,0,percent,2015,year,CO,CO,AM_S,10,traveller ,3.16,MDR (ESBL AmpC CPR),,France
25,Ruppe et al 2015,Acquisition rate of returning traveller ,prevalence of french travellers acquired ESBL,100,percent,2015,year,CR,CR,AM_S,1,traveller ,1,MDR (ESBL AmpC CPR),,France
25,Ruppe et al 2015,Acquisition rate of returning traveller ,prevalence of french travellers acquired ESBL,0,percent,2015,year,XT,CU,AM_S,2,traveller ,1.41,MDR (ESBL AmpC CPR),,France
25,Ruppe et al 2015,Acquisition rate of returning traveller ,prevalence of french travellers acquired ESBL,57,percent,2015,year,EC,EC,AM_S,7,traveller ,2.65,MDR (ESBL AmpC CPR),,France
25,Ruppe et al 2015,Acquisition rate of returning traveller ,prevalence of french travellers acquired ESBL,0,percent,2015,year,HN,HN,AM_S,1,traveller ,1,MDR (ESBL AmpC CPR),,France
25,Ruppe et al 2015,Acquisition rate of returning traveller ,prevalence of french travellers acquired ESBL,20,percent,2015,year,MX,MX,AM_S,5,traveller ,2.24,MDR (ESBL AmpC CPR),,France
25,Ruppe et al 2015,Persistance rate of returning traveller ,Persistent carriage of same ESBL group ,100,percent,2015,year,ZJ,NA,AM_S,292,traveller ,17.09,MDR (ESBL AmpC CPR),0,France
25,Ruppe et al 2015,Persistance rate of returning traveller ,Persistent carriage of same ESBL group ,20,percent,2015,year,ZJ,NA,AM_S,245,traveller ,15.65,MDR (ESBL AmpC CPR),1 month post travel,France
25,Ruppe et al 2015,Persistance rate of returning traveller ,Persistent carriage of same ESBL group ,10,percent,2015,year,ZJ,NA,AM_S,236,traveller ,15.36,MDR (ESBL AmpC CPR),2 months post travel,France
25,Ruppe et al 2015,Persistance rate of returning traveller ,Persistent carriage of same ESBL group ,6,percent,2015,year,ZJ,NA,AM_S,233,traveller ,15.26,MDR (ESBL AmpC CPR),3 months post travel,France
25,Ruppe et al 2015,Persistance rate of returning traveller ,Persistent carriage of same ESBL group ,6,percent,2015,year,ZJ,NA,AM_S,230,traveller ,15.17,MDR (ESBL AmpC CPR),6 months post travel,France
25,Ruppe et al 2015,Persistance rate of returning traveller ,Persistent carriage of same ESBL group ,2,percent,2015,year,ZJ,NA,AM_S,227,traveller ,15.07,MDR (ESBL AmpC CPR),12 months post travel,France
25,Ruppe et al 2015,Acquisition rate of returning traveller ,prevalence of french travellers acquired ESBL,85,percent,2015,year,PE,PE,AM_S,26,traveller ,5.1,MDR (ESBL AmpC CPR),,France
25,Ruppe et al 2015,Acquisition rate of returning traveller ,prevalence of french travellers acquired ESBL,25,percent,2015,year,XN,VE,AM_S,4,traveller ,2,MDR (ESBL AmpC CPR),GDP2014,France
25,Ruppe et al 2015,Persistance rate of returning traveller ,Persistent carriage of same ESBL group after 6month,100,percent,2015,year,XP,NA,AS,292,traveller ,17.09,MDR (ESBL AmpC CPR),0,France
25,Ruppe et al 2015,Persistance rate of returning traveller ,Persistent carriage of same ESBL group after 6month,52,percent,2015,year,XP,NA,AS,245,traveller ,15.65,MDR (ESBL AmpC CPR),1 month post travel,France
25,Ruppe et al 2015,Persistance rate of returning traveller ,Persistent carriage of same ESBL group after 6month,30,percent,2015,year,XP,NA,AS,236,traveller ,15.36,MDR (ESBL AmpC CPR),2 months post travel,France
25,Ruppe et al 2015,Persistance rate of returning traveller ,Persistent carriage of same ESBL group after 6month,16,percent,2015,year,XP,NA,AS,233,traveller ,15.26,MDR (ESBL AmpC CPR),3 months post travel,France
25,Ruppe et al 2015,Persistance rate of returning traveller ,Persistent carriage of same ESBL group after 6month,7,percent,2015,year,XP,NA,AS,230,traveller ,15.17,MDR (ESBL AmpC CPR),6 months post travel,France
25,Ruppe et al 2015,Persistance rate of returning traveller ,Persistent carriage of same ESBL group after 6month,4,percent,2015,year,XP,NA,AS,227,traveller ,15.07,MDR (ESBL AmpC CPR),12 months post travel,France
25,Ruppe et al 2015,Acquisition rate of returning traveller ,prevalence of french travellers acquired ESBL,60,percent,2015,year,CL,CL,AS_E,5,traveller ,2.24,MDR (ESBL AmpC CPR),,France
25,Ruppe et al 2015,Acquisition rate of returning traveller ,prevalence of french travellers acquired ESBL,100,percent,2015,year,BD,BD,AS_S,1,traveller ,1,MDR (ESBL AmpC CPR),,France
25,Ruppe et al 2015,Acquisition rate of returning traveller ,prevalence of french travellers acquired ESBL,91,percent,2015,year,IN,IN,AS_S,53,traveller ,7.28,MDR (ESBL AmpC CPR),,France
25,Ruppe et al 2015,Acquisition rate of returning traveller ,prevalence of french travellers acquired ESBL,0,percent,2015,year,MV,MV,AS_S,2,traveller ,1.41,MDR (ESBL AmpC CPR),,France
25,Ruppe et al 2015,Acquisition rate of returning traveller ,prevalence of french travellers acquired ESBL,100,percent,2015,year,NP,NP,AS_S,1,traveller ,1,MDR (ESBL AmpC CPR),,France
25,Ruppe et al 2015,Acquisition rate of returning traveller ,prevalence of french travellers acquired ESBL,100,percent,2015,year,LK,LK,AS_S,3,traveller ,1.73,MDR (ESBL AmpC CPR),,France
25,Ruppe et al 2015,Acquisition rate of returning traveller ,prevalence of french travellers acquired ESBL,36,percent,2015,year,ID,ID,AS_SE,17,traveller ,4.12,MDR (ESBL AmpC CPR),,France
25,Ruppe et al 2015,Acquisition rate of returning traveller ,prevalence of french travellers acquired ESBL,80,percent,2015,year,KH,KH,AS_SE,5,traveller ,2.24,MDR (ESBL AmpC CPR),,France
25,Ruppe et al 2015,Acquisition rate of returning traveller ,prevalence of french travellers acquired ESBL,100,percent,2015,year,LA,LA,AS_SE,2,traveller ,1.41,MDR (ESBL AmpC CPR),,France
25,Ruppe et al 2015,Acquisition rate of returning traveller ,prevalence of french travellers acquired ESBL,86,percent,2015,year,MM,MM,AS_SE,7,traveller ,2.65,MDR (ESBL AmpC CPR),,France
25,Ruppe et al 2015,Acquisition rate of returning traveller ,prevalence of french travellers acquired ESBL,17,percent,2015,year,MY,MY,AS_SE,6,traveller ,2.45,MDR (ESBL AmpC CPR),,France
25,Ruppe et al 2015,Acquisition rate of returning traveller ,prevalence of french travellers acquired ESBL,70,percent,2015,year,TH,TH,AS_SE,37,traveller ,6.08,MDR (ESBL AmpC CPR),,France
25,Ruppe et al 2015,Acquisition rate of returning traveller ,prevalence of french travellers acquired ESBL,93,percent,2015,year,VN,VN,AS_SE,14,traveller ,3.74,MDR (ESBL AmpC CPR),,France
25,Ruppe et al 2015,Acquisition rate of returning traveller ,prevalence of french travellers acquired ESBL,5,percent,2015,year,FR,FR,EU_W,42,traveller ,6.48,MDR (ESBL AmpC CPR),,France
25,Ruppe et al 2015,Acquisition rate of returning traveller ,prevalence of french travellers acquired ESBL,0,percent,2015,year,FR,FR,EU_W,1,traveller ,1,MDR (ESBL AmpC CPR),,France
25,Ruppe et al 2015,Acquisition rate of returning traveller ,prevalence of french travellers acquired ESBL,0,percent,2015,year,PG,PG,OC,1,traveller ,1,MDR (ESBL AmpC CPR),,France
40,Shrestha et al 2017 ,AnimalESBL,ESBL prevalence in broiler chicken,37,percent,2017,year,NP,NP,AS_S,27,0.37037037,5.2,MDR ,good sanitation ,chicken
40,Shrestha et al 2017 ,AnimalESBL,ESBL prevalence in broiler chicken,39,percent,2017,year,NP,NP,AS_S,76,0.394736842,8.72,MDR ,poor sanitation,chicken
1,Stewardson et al 2014,CommunityESBL,ESBL percentage in Food handler in hospital,7,percent,2012,year,CH,CH,EU_N,91,person,9.54,MDR,Geneva university hospital,
1,Stewardson et al 2014,AnimalESBL,ESBL percentage in chicken meat in hospital,92,percent,2012,year,CH,CH,EU_N,132,samples,11.49,MDR,Geneva university hospital,chicken
32,Tangden et al 2010,Acquisition rate of returning traveller ,prevalence of swedish travellers acquired ESBL,4,percent,2007,year,XO,XO,AF,25,traveller ,5,Travel carriage ESBL,,Sweden
32,Tangden et al 2010,Acquisition rate of returning traveller ,prevalence of swedish travellers acquired ESBL,29,percent,2007,year,ZQ,NA,AF_N,14,traveller ,3.74,Travel carriage ESBL,,Sweden
32,Tangden et al 2010,Acquisition rate of returning traveller ,prevalence of swedish travellers acquired ESBL,0,percent,2007,year,US,US,AM_N,2,traveller ,1.41,Travel carriage ESBL,,Sweden
32,Tangden et al 2010,Acquisition rate of returning traveller ,prevalence of swedish travellers acquired ESBL,0,percent,2007,year,ZJ,NA,AM_S,6,traveller ,2.45,Travel carriage ESBL,,Sweden
32,Tangden et al 2010,Acquisition rate of returning traveller ,prevalence of swedish travellers acquired ESBL,0,percent,2007,year,ZJ,NA,AM_S,1,traveller ,1,Travel carriage ESBL,,Sweden
32,Tangden et al 2010,Acquisition rate of returning traveller ,prevalence of swedish travellers acquired ESBL,32,percent,2007,year,XP,NA,AS,31,traveller ,5.57,Travel carriage ESBL,,Sweden
32,Tangden et al 2010,Acquisition rate of returning traveller ,prevalence of swedish travellers acquired ESBL,88,percent,2007,year,IN,IN,AS_S,8,traveller ,2.83,Travel carriage ESBL,,Sweden
32,Tangden et al 2010,Acquisition rate of returning traveller ,prevalence of swedish travellers acquired ESBL,13,percent,2007,year,XD,NA,EU_S,16,traveller ,4,Travel carriage ESBL,,Sweden
18,Tansawai et al 2017,AnimalESBL,number of cefotaxime positiveEcli in chicken,55,percent,2011,year,TH,TH,AS_SE,126,isolates,11.22,cefotaxime ,Phitsanulok,chicken
18,Tansawai et al 2017,AnimalESBL,number of cefotaxime positiveEcli in birds,50,percent,2011,year,TH,TH,AS_SE,18,isolates,4.24,cefotaxime,Phitsanulok,chicken
18,Tansawai et al 2017,AnimalESBL,number of cefotaxime positiveEcli in chicken,37,percent,2011,year,TH,TH,AS_SE,126,isolates,11.22,ESBL,Phitsanulok,chicken
18,Tansawai et al 2017,AnimalESBL,number of cefotaxime positiveEcli in birds,50,percent,2011,year,TH,TH,AS_SE,18,isolates,4.24,ESBL,Phitsanulok,chicken
18,Tansawai et al 2017,AnimalESBL,number of cefotaxime positiveEcli in chicken,66,percent,2011,year,TH,TH,AS_SE,92,isolates,9.59,cefotaxime ,Phitsanulok,chicken
18,Tansawai et al 2017,AnimalESBL,number of cefotaxime positiveEcli in duck,36,percent,2011,year,TH,TH,AS_SE,11,isolates,3.32,cefotaxime,Phitsanulok,chicken
18,Tansawai et al 2017,AnimalESBL,number of cefotaxime positiveEcli in chicken,45,percent,2011,year,TH,TH,AS_SE,92,isolates,9.59,ESBL ,Phitsanulok,chicken
18,Tansawai et al 2017,AnimalESBL,number of cefotaxime positiveEcli in duck,36,percent,2011,year,TH,TH,AS_SE,11,isolates,3.32,ESBL ,Phitsanulok,chicken
42,Thi Mai Huong Bui 2015,CommunityESBL,Healthy adults in Bavoi ditrict total isolates 199 healthy adults 597 from three sampling moments,47,percent,2013,year,VN,VN,AS_SE,199,adults,14.11,,,
42,Thi Mai Huong Bui 2015,CommunityESBL,Healthy adults in Bavoi ditrict total isolates 597 from three sampling moments,53,percent,2013,year,VN,VN,AS_SE,199,adults,14.11,,,
42,Thi Mai Huong Bui 2015,CommunityESBL,Healthy adults in Bavoi ditrict total isolates 597 from three sampling moments,46,percent,2014,year,VN,VN,AS_SE,199,adults,14.11,,,
37,Tippelskirch et al 2018,AnimalESBL,ESBL prevalence in broiler chicken,47,percent,2014,year,DE,DE,EU_W,175,broiler sample,13.23,cefotaxime,caecum ,chicken
37,Tippelskirch et al 2018,AnimalESBL,ESBL prevalence in broiler chicken,55,percent,2014,year,DE,DE,EU_W,175,broiler sample,13.23,cefotaxime,skin ,chicken
37,Tippelskirch et al 2018,AnimalESBL,ESBL prevalence in broiler chicken,28,percent,2014,year,DE,DE,EU_W,175,broiler sample,13.23,cefotaxime,filet,chicken
37,Tippelskirch et al 2018,AnimalESBL,ESBL prevalence in broiler chicken,47,percent,2015,year,DE,DE,EU_W,175,broiler sample,13.23,cefotaxime,caecum ,chicken
37,Tippelskirch et al 2018,AnimalESBL,ESBL prevalence in broiler chicken,55,percent,2015,year,DE,DE,EU_W,175,broiler sample,13.23,cefotaxime,skin ,chicken
37,Tippelskirch et al 2018,AnimalESBL,ESBL prevalence in broiler chicken,28,percent,2015,year,DE,DE,EU_W,175,broiler sample,13.23,cefotaxime,filet,chicken
37,Tippelskirch et al 2018,AnimalESBL,ESBL prevalence in broiler chicken,47,percent,2016,year,DE,DE,EU_W,175,broiler sample,13.23,cefotaxime,caecum ,chicken
37,Tippelskirch et al 2018,AnimalESBL,ESBL prevalence in broiler chicken,55,percent,2016,year,DE,DE,EU_W,175,broiler sample,13.23,cefotaxime,skin ,chicken
37,Tippelskirch et al 2018,AnimalESBL,ESBL prevalence in broiler chicken,28,percent,2016,year,DE,DE,EU_W,175,broiler sample,13.23,cefotaxime,filet,chicken
3,Ulzii-Orshikh 2011,CommunityESBL,ESBL carriage in Asymptomatic residents,32,percent,2009,year,TH,TH,AS_SE,147,person,12.12,MDR,Nan,
3,Ulzii-Orshikh 2011,CommunityESBL,ESBL carriage in Asymptomatic residents,33,percent,2010,year,TH,TH,AS_SE,144,person,12,MDR,Nakhon Si Thammarat,
3,Ulzii-Orshikh 2011,CommunityESBL,ESBL carriage in Asymptomatic residents,54,percent,2011,year,TH,TH,AS_SE,154,person,12.41,MDR,Kanchanaburi,
41,Woerther 2013,CommunityESBL,Healthy students,7,percent,2009,year,CM,CM,AF_C,150,human,12.25,,,
41,Woerther 2013,CommunityESBL,Pediatric patients,22,percent,2008,year,MG,MG,AF_E,244,human,15.62,,,
41,Woerther 2013,CommunityESBL,Healthy adults,10,percent,2009,year,MG,MG,AF_E,484,human,22,,,
41,Rahman et al 2011,CommunityESBL,Healthy adults,63,percent,2010,year,EG,EG,AF_N,632,human,25.14,,,
41,Sallem et al 2011,CommunityESBL,Healthy adults,7,percent,2010,year,TN,TN,AF_N,150,human,12.25,,,
41,Woerther 2011,CommunityESBL,Pediatric patients,5,percent,2008,year,NE,NE,AF_W,311,human,7.42,,,
41,Lo et al 2010,CommunityESBL,Ecol,46,percent,2008,year,CL,CL,AM_S,225,adults,15,,,
41,Woerther 2013,CommunityESBL,Ecol,0,percent,2002,year,XP,PE,AM_S,3208,adults,56.64,Bolivia and Peru,,
41,Woerther 2013,CommunityESBL,Ecol,2,percent,2005,year,XP,PE,AM_S,3193,adults,56.51,,,
41,Woerther 2013,CommunityESBL,Ecol,12,percent,2011,year,XP,PE,AM_S,482,adults,21.95,,,
41,Guimares 2009,CommunityESBL,Ecol,3,percent,2007,year,PT,PT,AM_S,112,adults,10.58,,,
41,Woerther 2013,CommunityESBL,Ecol,3,percent,2010,year,SE,SE,EU_W,100,adults,10,,,
41,Luvsansharav et al 2011,CommunityESBL,Ecol,6,percent,2009,year,JP,JP,AS_E,218,adults,14.76,,,
41,Woerther 2013,CommunityESBL,Ecol,20,percent,2011,year,KR,KR,AS_E,290,adults,17.03,,,
41,Severin et al 2011,CommunityESBL,dominant normal flora of healthy adults,2,percent,2002,year,ID,ID,AS_SE,3284,human,44.7,E. coli,,
41,Severin et al 2011,CommunityESBL,dominant normal flora of healthy adults,2,percent,2002,year,ID,ID,AS_SE,1637,human,44.7,Enterobacteriacea,,
41,Woerther 2013,CommunityESBL,Healthy adults,62,percent,2008,year,TH,TH,AS_SE,160,human,12.65,,,
41,Woerther 2013,CommunityESBL,Healthy adults,40,percent,2009,year,TH,TH,AS_SE,445,human,21.1,,,
41,Woerther 2013,CommunityESBL,Healthy adults,69,percent,2010,year,TH,TH,AS_SE,417,human,20.42,,,
41,Woerther 2013,CommunityESBL,prevalence ESBL in children under 6 year old,2,percent,2003,year,LB,LB,AS_W,382,students,19.54482029,,,
41,Woerther 2013,CommunityESBL,Ecol and Kp isolates from healthy students,13,percent,2006,year,SA,SA,AS_W,426,adults,20.63976744,,,
41,Kader et al 2009,CommunityESBL,Healthy adults,12,percent,2006,year,SA,SA,AS_W,505,adults,22.47220505,,,
41,Woerther 2013,CommunityESBL,Kp,11,percent,2002,year,CL,CL,AS_E,53,adults,7.28,,,
41,Woerther 2013,CommunityESBL,Ecol,7,percent,2007,year,CL,CL,AS_E,270,adults,16.43,,,
41,Woerther 2013,CommunityESBL,Ecol,51,percent,2009,year,CL,CL,AS_E,109,adults,10.44,,,
41,Woerther 2013,CommunityESBL,Ecol,2,percent,2003,year,GB,GB,EU_N,565,adults,23.77,,,
41,Miro 2005,CommunityESBL,Ecol,3,percent,2001,year,ES,ES,EU_S,1321,adults,36.35,,,
41,Woerther 2013,CommunityESBL,Ecol,4,percent,2003,year,ES,ES,EU_S,108,adults,10.39,,,
41,Woerther 2013,CommunityESBL,Ecol,7,percent,2003,year,ES,ES,EU_S,948,adults,30.79,,,
41,Rodriguez-bano et al 2008,CommunityESBL,Ecol,7,percent,2005,year,ES,ES,EU_S,54,adults,7.35,,,
41,Woerther 2013,CommunityESBL,Ecol,7,percent,2007,year,ES,ES,EU_S,105,adults,10.25,,,
41,Schoevaerdts et al 2012,CommunityESBL,Ecol,12,percent,2010,year,BE,BE,EU_W,337,adults,18.36,,,
41,Woerther 2013,CommunityESBL,Ecol,4,percent,2011,year,DE,DE,EU_W,231,adults,15.2,,,
41,Woerther 2013,CommunityESBL,Ecol,4,percent,2008,year,DK,DK,EU_W,84,adults,9.17,,,
41,Woerther 2013,CommunityESBL,NA,0,percent,1999,year,FR,FR,EU_W,517,adults,22.74,,,
41,Woerther 2013,CommunityESBL,NA,1,percent,2006,year,FR,FR,EU_W,332,adults,18.22,,,
41,Woerther 2013,CommunityESBL,Ecol,7,percent,2008,year,FR,FR,EU_W,500,adults,22.36,,,
41,Woerther 2013,CommunityESBL,Ecol,2,percent,2009,year,FR,FR,EU_W,517,adults,22.74,,,
41,Woerther 2013,CommunityESBL,Ecol,6,percent,2011,year,FR,FR,EU_W,345,adults,18.57,,,
41,Woerther 2013,CommunityESBL,Ecol,8,percent,2006,year,FR,FR,EU_W,163,adults,12.77,,,
41,Woerther 2013,CommunityESBL,Healthy children,10,percent,2008,year,SN,SN,AF_W,20,human,4.47,,,
41,Woerther 2013,CommunityESBL,Ecol,2,percent,2008,year,SE,SE,EU_N,96,adults,9.8,,,
41,Woerther 2013,CommunityESBL,Ecol,6,percent,2010,year,CH,CH,EU_N,586,adults,24.21,,,
8,Wu et al 2013,CommunityESBL,ESBL gene prevalence in adult,74,percent,2005,year,GB,GB,EU_N,152,isolates,12.33,CTX-M-1,,
8,Wu et al 2013,CommunityESBL,ESBL gene prevalence in adult,6,percent,2005,year,GB,GB,EU_N,152,isolates,12.33,CTX-M-9,,
8,Wu et al 2013,CommunityESBL,ESBL gene prevalence in adult,16,percent,2005,year,GB,GB,EU_N,152,isolates,12.33,SHV,,
8,Wu et al 2013,CommunityESBL,ESBL gene prevalence in adult,0,percent,2005,year,GB,GB,EU_N,152,isolates,12.33,CMY-611,,
8,Wu et al 2013,CommunityESBL,ESBL gene prevalence in adult,5,percent,2005,year,GB,GB,EU_N,152,isolates,12.33,CMY-11,,
8,Wu et al 2013,CommunityESBL,ESBL gene prevalence in adult,10,percent,2005,year,GB,GB,EU_N,152,isolates,12.33,MOX,,
8,Wu et al 2013,CommunityESBL,ESBL gene prevalence in adult,74,percent,2006,year,GB,GB,EU_N,152,isolates,12.33,CTX-M-1,,
8,Wu et al 2013,CommunityESBL,ESBL gene prevalence in adult,6,percent,2006,year,GB,GB,EU_N,152,isolates,12.33,CTX-M-9,,
8,Wu et al 2013,CommunityESBL,ESBL gene prevalence in adult,16,percent,2006,year,GB,GB,EU_N,152,isolates,12.33,SHV,,
8,Wu et al 2013,CommunityESBL,ESBL gene prevalence in adult,0,percent,2006,year,GB,GB,EU_N,152,isolates,12.33,CMY-611,,
8,Wu et al 2013,CommunityESBL,ESBL gene prevalence in adult,5,percent,2006,year,GB,GB,EU_N,152,isolates,12.33,CMY-11,,
8,Wu et al 2013,CommunityESBL,ESBL gene prevalence in adult,10,percent,2006,year,GB,GB,EU_N,152,isolates,12.33,MOX,,
8,Wu et al 2013,CommunityESBL,ESBL gene prevalence in adult,74,percent,2007,year,GB,GB,EU_N,152,isolates,12.33,CTX-M-1,,
8,Wu et al 2013,CommunityESBL,ESBL gene prevalence in adult,6,percent,2007,year,GB,GB,EU_N,152,isolates,12.33,CTX-M-9,,
8,Wu et al 2013,CommunityESBL,ESBL gene prevalence in adult,16,percent,2007,year,GB,GB,EU_N,152,isolates,12.33,SHV,,
8,Wu et al 2013,CommunityESBL,ESBL gene prevalence in adult,0,percent,2007,year,GB,GB,EU_N,152,isolates,12.33,CMY-611,,
8,Wu et al 2013,CommunityESBL,ESBL gene prevalence in adult,5,percent,2007,year,GB,GB,EU_N,152,isolates,12.33,CMY-11,,
8,Wu et al 2013,CommunityESBL,ESBL gene prevalence in adult,10,percent,2007,year,GB,GB,EU_N,152,isolates,12.33,MOX,,
8,Wu et al 2013,CommunityESBL,ESBL gene prevalence in adult,74,percent,2008,year,GB,GB,EU_N,152,isolates,12.33,CTX-M-1,,
8,Wu et al 2013,CommunityESBL,ESBL gene prevalence in adult,6,percent,2008,year,GB,GB,EU_N,152,isolates,12.33,CTX-M-9,,
8,Wu et al 2013,CommunityESBL,ESBL gene prevalence in adult,16,percent,2008,year,GB,GB,EU_N,152,isolates,12.33,SHV,,
8,Wu et al 2013,CommunityESBL,ESBL gene prevalence in adult,0,percent,2008,year,GB,GB,EU_N,152,isolates,12.33,CMY-611,,
8,Wu et al 2013,CommunityESBL,ESBL gene prevalence in adult,5,percent,2008,year,GB,GB,EU_N,152,isolates,12.33,CMY-11,,
8,Wu et al 2013,CommunityESBL,ESBL gene prevalence in adult,10,percent,2008,year,GB,GB,EU_N,152,isolates,12.33,MOX,,
8,Wu et al 2013,CommunityESBL,ESBL gene prevalence in adult,74,percent,2009,year,GB,GB,EU_N,152,isolates,12.33,CTX-M-1,,
8,Wu et al 2013,CommunityESBL,ESBL gene prevalence in adult,6,percent,2009,year,GB,GB,EU_N,152,isolates,12.33,CTX-M-9,,
8,Wu et al 2013,CommunityESBL,ESBL gene prevalence in adult,16,percent,2009,year,GB,GB,EU_N,152,isolates,12.33,SHV,,
8,Wu et al 2013,CommunityESBL,ESBL gene prevalence in adult,0,percent,2009,year,GB,GB,EU_N,152,isolates,12.33,CMY-611,,
8,Wu et al 2013,CommunityESBL,ESBL gene prevalence in adult,5,percent,2009,year,GB,GB,EU_N,152,isolates,12.33,CMY-11,,
8,Wu et al 2013,CommunityESBL,ESBL gene prevalence in adult,10,percent,2009,year,GB,GB,EU_N,152,isolates,12.33,MOX,,
,Randall et al 2011,AnimalESBL,ESBL gene prevalence in broiler abbatoir,50,percent,2008,year,GB,GB,EU_N,388,isolates,12.33,CTX,22 abbattoirs aprox 30 indi each ,chicken
8,Snow et al 2012,AnimalESBL,ESBL gene prevalence in dairy farms,59,percent,2010,year,GB,GB,EU_N,65,isolates,3.16,CTX-M,,chicken
8,Wu et al 2013,CommunityESBL,ESBL gene prevalence in adult,93,percent,2005,year,DE,DE,EU_W,14,isolates,3.74,CTX-M-1,,
8,Wu et al 2013,CommunityESBL,ESBL gene prevalence in adult,7,percent,2005,year,DE,DE,EU_W,14,isolates,3.74,CTX-M-9,,
8,Wu et al 2013,CommunityESBL,ESBL gene prevalence in adult,0,percent,2005,year,DE,DE,EU_W,14,isolates,3.74,SHV,,
8,Wu et al 2013,CommunityESBL,ESBL gene prevalence in adult,7,percent,2005,year,DE,DE,EU_W,14,isolates,3.74,CMY-611,,
8,Wu et al 2013,CommunityESBL,ESBL gene prevalence in adult,7,percent,2005,year,DE,DE,EU_W,14,isolates,3.74,CMY-11,,
8,Wu et al 2013,CommunityESBL,ESBL gene prevalence in adult,7,percent,2005,year,DE,DE,EU_W,14,isolates,3.74,MOX,,
8,Wu et al 2013,AnimalESBL,ESBL gene prevalence in Chicken host,18,percent,2005,year,DE,DE,EU_W,11,isolates,3.32,CTX-M-1,,chicken
8,Wu et al 2013,AnimalESBL,ESBL gene prevalence in Chicken host,0,percent,2005,year,DE,DE,EU_W,11,isolates,3.32,CTX-M-9,,chicken
8,Wu et al 2013,AnimalESBL,ESBL gene prevalence in Chicken host,0,percent,2005,year,DE,DE,EU_W,11,isolates,3.32,SHV,,chicken
8,Wu et al 2013,AnimalESBL,ESBL gene prevalence in Chicken host,72,percent,2005,year,DE,DE,EU_W,11,isolates,3.32,CMY-611,,chicken
8,Wu et al 2013,AnimalESBL,ESBL gene prevalence in Chicken host,73,percent,2005,year,DE,DE,EU_W,11,isolates,3.32,CMY-11,,chicken
8,Wu et al 2013,AnimalESBL,ESBL gene prevalence in Chicken host,0,percent,2005,year,DE,DE,EU_W,11,isolates,3.32,MOX,,chicken
8,Wu et al 2013,CommunityESBL,ESBL gene prevalence in adult,93,percent,2006,year,DE,DE,EU_W,14,isolates,3.74,CTX-M-1,,
8,Wu et al 2013,CommunityESBL,ESBL gene prevalence in adult,7,percent,2006,year,DE,DE,EU_W,14,isolates,3.74,CTX-M-9,,
8,Wu et al 2013,CommunityESBL,ESBL gene prevalence in adult,0,percent,2006,year,DE,DE,EU_W,14,isolates,3.74,SHV,,
8,Wu et al 2013,CommunityESBL,ESBL gene prevalence in adult,7,percent,2006,year,DE,DE,EU_W,14,isolates,3.74,CMY-611,,
8,Wu et al 2013,CommunityESBL,ESBL gene prevalence in adult,7,percent,2006,year,DE,DE,EU_W,14,isolates,3.74,CMY-11,,
8,Wu et al 2013,CommunityESBL,ESBL gene prevalence in adult,7,percent,2006,year,DE,DE,EU_W,14,isolates,3.74,MOX,,
8,Wu et al 2013,AnimalESBL,ESBL gene prevalence in Chicken host,18,percent,2006,year,DE,DE,EU_W,11,isolates,3.32,CTX-M-1,,chicken
8,Wu et al 2013,AnimalESBL,ESBL gene prevalence in Chicken host,0,percent,2006,year,DE,DE,EU_W,11,isolates,3.32,CTX-M-9,,chicken
8,Wu et al 2013,AnimalESBL,ESBL gene prevalence in Chicken host,0,percent,2006,year,DE,DE,EU_W,11,isolates,3.32,SHV,,chicken
8,Wu et al 2013,AnimalESBL,ESBL gene prevalence in Chicken host,72,percent,2006,year,DE,DE,EU_W,11,isolates,3.32,CMY-611,,chicken
8,Wu et al 2013,AnimalESBL,ESBL gene prevalence in Chicken host,73,percent,2006,year,DE,DE,EU_W,11,isolates,3.32,CMY-11,,chicken
8,Wu et al 2013,AnimalESBL,ESBL gene prevalence in Chicken host,0,percent,2006,year,DE,DE,EU_W,11,isolates,3.32,MOX,,chicken
8,Wu et al 2013,CommunityESBL,ESBL gene prevalence in adult,93,percent,2007,year,DE,DE,EU_W,14,isolates,3.74,CTX-M-1,,
8,Wu et al 2013,CommunityESBL,ESBL gene prevalence in adult,7,percent,2007,year,DE,DE,EU_W,14,isolates,3.74,CTX-M-9,,
8,Wu et al 2013,CommunityESBL,ESBL gene prevalence in adult,0,percent,2007,year,DE,DE,EU_W,14,isolates,3.74,SHV,,
8,Wu et al 2013,CommunityESBL,ESBL gene prevalence in adult,7,percent,2007,year,DE,DE,EU_W,14,isolates,3.74,CMY-611,,
8,Wu et al 2013,CommunityESBL,ESBL gene prevalence in adult,7,percent,2007,year,DE,DE,EU_W,14,isolates,3.74,CMY-11,,
8,Wu et al 2013,CommunityESBL,ESBL gene prevalence in adult,7,percent,2007,year,DE,DE,EU_W,14,isolates,3.74,MOX,,
8,Wu et al 2013,AnimalESBL,ESBL gene prevalence in Chicken host,18,percent,2007,year,DE,DE,EU_W,11,isolates,3.32,CTX-M-1,,chicken
8,Wu et al 2013,AnimalESBL,ESBL gene prevalence in Chicken host,0,percent,2007,year,DE,DE,EU_W,11,isolates,3.32,CTX-M-9,,chicken
8,Wu et al 2013,AnimalESBL,ESBL gene prevalence in Chicken host,0,percent,2007,year,DE,DE,EU_W,11,isolates,3.32,SHV,,chicken
8,Wu et al 2013,AnimalESBL,ESBL gene prevalence in Chicken host,72,percent,2007,year,DE,DE,EU_W,11,isolates,3.32,CMY-611,,chicken
8,Wu et al 2013,AnimalESBL,ESBL gene prevalence in Chicken host,73,percent,2007,year,DE,DE,EU_W,11,isolates,3.32,CMY-11,,chicken
8,Wu et al 2013,AnimalESBL,ESBL gene prevalence in Chicken host,0,percent,2007,year,DE,DE,EU_W,11,isolates,3.32,MOX,,chicken
8,Wu et al 2013,CommunityESBL,ESBL gene prevalence in adult,93,percent,2008,year,DE,DE,EU_W,14,isolates,3.74,CTX-M-1,,
8,Wu et al 2013,CommunityESBL,ESBL gene prevalence in adult,7,percent,2008,year,DE,DE,EU_W,14,isolates,3.74,CTX-M-9,,
8,Wu et al 2013,CommunityESBL,ESBL gene prevalence in adult,0,percent,2008,year,DE,DE,EU_W,14,isolates,3.74,SHV,,
8,Wu et al 2013,CommunityESBL,ESBL gene prevalence in adult,7,percent,2008,year,DE,DE,EU_W,14,isolates,3.74,CMY-611,,
8,Wu et al 2013,CommunityESBL,ESBL gene prevalence in adult,7,percent,2008,year,DE,DE,EU_W,14,isolates,3.74,CMY-11,,
8,Wu et al 2013,CommunityESBL,ESBL gene prevalence in adult,7,percent,2008,year,DE,DE,EU_W,14,isolates,3.74,MOX,,
8,Wu et al 2013,AnimalESBL,ESBL gene prevalence in Chicken host,18,percent,2008,year,DE,DE,EU_W,11,isolates,3.32,CTX-M-1,,chicken
8,Wu et al 2013,AnimalESBL,ESBL gene prevalence in Chicken host,0,percent,2008,year,DE,DE,EU_W,11,isolates,3.32,CTX-M-9,,chicken
8,Wu et al 2013,AnimalESBL,ESBL gene prevalence in Chicken host,0,percent,2008,year,DE,DE,EU_W,11,isolates,3.32,SHV,,chicken
8,Wu et al 2013,AnimalESBL,ESBL gene prevalence in Chicken host,72,percent,2008,year,DE,DE,EU_W,11,isolates,3.32,CMY-611,,chicken
8,Wu et al 2013,AnimalESBL,ESBL gene prevalence in Chicken host,73,percent,2008,year,DE,DE,EU_W,11,isolates,3.32,CMY-11,,chicken
8,Wu et al 2013,AnimalESBL,ESBL gene prevalence in Chicken host,0,percent,2008,year,DE,DE,EU_W,11,isolates,3.32,MOX,,chicken
8,Wu et al 2013,CommunityESBL,ESBL gene prevalence in adult,93,percent,2009,year,DE,DE,EU_W,14,isolates,3.74,CTX-M-1,,
8,Wu et al 2013,CommunityESBL,ESBL gene prevalence in adult,7,percent,2009,year,DE,DE,EU_W,14,isolates,3.74,CTX-M-9,,
8,Wu et al 2013,CommunityESBL,ESBL gene prevalence in adult,0,percent,2009,year,DE,DE,EU_W,14,isolates,3.74,SHV,,
8,Wu et al 2013,CommunityESBL,ESBL gene prevalence in adult,7,percent,2009,year,DE,DE,EU_W,14,isolates,3.74,CMY-611,,
8,Wu et al 2013,CommunityESBL,ESBL gene prevalence in adult,7,percent,2009,year,DE,DE,EU_W,14,isolates,3.74,CMY-11,,
8,Wu et al 2013,CommunityESBL,ESBL gene prevalence in adult,7,percent,2009,year,DE,DE,EU_W,14,isolates,3.74,MOX,,
8,Wu et al 2013,AnimalESBL,ESBL gene prevalence in Chicken host,18,percent,2009,year,DE,DE,EU_W,11,isolates,3.32,CTX-M-1,,chicken
8,Wu et al 2013,AnimalESBL,ESBL gene prevalence in Chicken host,0,percent,2009,year,DE,DE,EU_W,11,isolates,3.32,CTX-M-9,,chicken
8,Wu et al 2013,AnimalESBL,ESBL gene prevalence in Chicken host,0,percent,2009,year,DE,DE,EU_W,11,isolates,3.32,SHV,,chicken
8,Wu et al 2013,AnimalESBL,ESBL gene prevalence in Chicken host,72,percent,2009,year,DE,DE,EU_W,11,isolates,3.32,CMY-611,,chicken
8,Wu et al 2013,AnimalESBL,ESBL gene prevalence in Chicken host,73,percent,2009,year,DE,DE,EU_W,11,isolates,3.32,CMY-11,,chicken
8,Wu et al 2013,AnimalESBL,ESBL gene prevalence in Chicken host,0,percent,2009,year,DE,DE,EU_W,11,isolates,3.32,MOX,,chicken
8,Van Hall 2011,AnimalESBL,ESBL gene prevalence in broiler meat,94,percent,2010,year,NL,NL,EU_W,98,isolates,11.66,ESBL,,chicken
8,Van Hall 2011,AnimalESBL,ESBL gene prevalence in broiler,12,percent,2006,year,NL,NL,EU_W,367,isolates,11.66,ESBL,,chicken
17,Wu H et al 2013,AnimalESBL,chicken meat prevalence ESBL salmonella,9,percent,2011,year,CL,CL,AS_E,699,isolates,26.44,MDR,6 provinces supermarkt and wetmarket,chicken
17,Wu H et al 2013,AnimalESBL,chicken meat prevalence ESBL salmonella,25,percent,2011,year,CL,CL,AS_E,69,isolates,8.31,MDR,Shanghai city ,chicken
17,Wu H et al 2013,AnimalESBL,chicken meat prevalence ESBL salmonella,15,percent,2011,year,CL,CL,AS_E,65,isolates,8.06,MDR,Shaanxi,chicken
17,Wu H et al 2013,AnimalESBL,chicken meat prevalence ESBL salmonella,12,percent,2011,year,CL,CL,AS_E,77,isolates,8.77,MDR,Fujian,chicken
17,Wu H et al 2013,AnimalESBL,chicken meat prevalence ESBL salmonella,8,percent,2011,year,CL,CL,AS_E,117,isolates,10.82,MDR,Guangdong,chicken
17,Wu H et al 2013,AnimalESBL,chicken meat prevalence ESBL salmonella,7,percent,2011,year,CL,CL,AS_E,69,isolates,8.31,MDR,Sichuan,chicken
17,Wu H et al 2013,AnimalESBL,chicken meat prevalence ESBL salmonella,5,percent,2011,year,CL,CL,AS_E,116,isolates,10.77,MDR,Beijing,chicken
17,Wu H et al 2013,AnimalESBL,chicken meat prevalence ESBL salmonella,5,percent,2011,year,CL,CL,AS_E,86,isolates,9.27,MDR,Henan ,chicken
17,Wu H et al 2013,AnimalESBL,chicken meat prevalence ESBL salmonella,0,percent,2011,year,CL,CL,AS_E,100,isolates,10,MDR,Guangxi,chicken
13,Wu H et al 2018,AnimalESBL,ESBL gene prevalence in Chicken meat,24,percent,2008,year,CL,CL,AS_E,105,isolates,10.25,,,chicken
13,Wu H et al 2018,AnimalESBL,ESBL gene prevalence in Chicken meat,26,percent,2009,year,CL,CL,AS_E,140,isolates,11.83,,,chicken
13,Wu H et al 2018,AnimalESBL,ESBL gene prevalence in Chicken meat,41,percent,2010,year,CL,CL,AS_E,102,isolates,10.1,,,chicken
13,Wu H et al 2018,AnimalESBL,ESBL gene prevalence in Chicken meat,45,percent,2011,year,CL,CL,AS_E,127,isolates,11.27,,,chicken
13,Wu H et al 2018,AnimalESBL,ESBL gene prevalence in Chicken meat,50,percent,2012,year,CL,CL,AS_E,115,isolates,10.72,,,chicken
13,Wu H et al 2018,AnimalESBL,ESBL gene prevalence in Chicken meat,50,percent,2013,year,CL,CL,AS_E,118,isolates,10.86,,,chicken
13,Wu H et al 2018,AnimalESBL,ESBL gene prevalence in Chicken meat,57,percent,2014,year,CL,CL,AS_E,114,isolates,10.68,,,chicken
42,Yang et al 2010,AnimalESBL,prevalence resistance in chicken meat ,25,percent,2009,year,CL,CL,AM_S,292,isolates,,ESBL ,,chicken
42,Yang et al 2010,AnimalESBL,prevalence resistance in pork meat ,39,percent,2009,year,CL,CL,AM_S,38,isolates,,ESBL ,,chicken
42,Yang et al 2010,AnimalESBL,prevalence resistance in beef meat ,23,percent,2009,year,CL,CL,AM_S,13,isolates,,ESBL ,,chicken
42,Yang et al 2010,AnimalESBL,prevalence resistance in lambs meat ,25,percent,2009,year,CL,CL,AM_S,16,isolates,,ESBL ,,chicken