Unq_ID;DataOrigin;TraitName;TraitDef;TraitValue;TraitUnit;Time;TimeUnit;Location;Continent;Samplesize;SamplesizeUnit;SamplesizeSqrt;Antibiotics ;GDPperUSD;Note
30;Miranda et al 2016;Acquisition rate of returning traveller ;prevalence of ESBL in Germany traveller with gastrointestical symptom;33.6;percent;2013;year;Africa;Africa;27;traveller ;5.2;Travel carriage ESBL;;
31;Angelin et al 2015;Acquisition rate of returning traveller ;prevalence of ESBL in Germany traveller with gastrointestical symptom;10;percent;2010-2014;year;Africa;Africa;40;traveller ;6.32;Travel carriage ESBL;;
32;Tangden et al 2010;Acquisition rate of returning traveller ;prevalence of swedish travellers acquired ESBL;4;percent;2007;year;Africa;Africa;25;traveller ;5;Travel carriage ESBL;;
25;Ruppe et al 2015;Acquisition rate of returning traveller ;prevalence of french travellers acquired ESBL;33.3;percent;2015;year;Angola;Americas;3;traveller ;1.73;MDR (ESBL AmpC CPR);2973.6;
31;Angelin et al 2015;Acquisition rate of returning traveller ;prevalence of ESBL in Germany traveller with gastrointestical symptom;0;percent;2010-2014;year;Argentina;Americas;2;traveller ;1.41;Travel carriage ESBL;10006;
25;Ruppe et al 2015;Acquisition rate of returning traveller ;prevalence of french travellers acquired ESBL;14.3;percent;2015;year;Argentina;Americas;7;traveller ;2.65;MDR (ESBL AmpC CPR);10006;
26;Ostholm et al 2013;Acquisition rate of returning traveller ;prevalence of sweden travellers acquired ESBL;38;percent;2008-2009;year;Asia;Asia;58;traveller ;7.62;Travel carriage ESBL;;OR2.44(1.31-4.55)
27;Lubbert et al 2015;Acquisition rate of returning traveller ;prevalence of geman travellers acquired ESBL;13.648315;percent;2013;year;Asia;Asia;30;traveller ;5.48;Travel carriage ESBL;;
25;Ruppe et al 2015;Persistance rate of returning traveller ;Persistent carriage of same ESBL group after 6month;100;percent;2015;year;Asia;Asia;292;traveller ;17.09;MDR (ESBL AmpC CPR);;0
25;Ruppe et al 2015;Persistance rate of returning traveller ;Persistent carriage of same ESBL group after 6month;52;percent;2015;year;Asia;Asia;245;traveller ;15.65;MDR (ESBL AmpC CPR);;1 month post travel
25;Ruppe et al 2015;Persistance rate of returning traveller ;Persistent carriage of same ESBL group after 6month;30.2;percent;2015;year;Asia;Asia;236;traveller ;15.36;MDR (ESBL AmpC CPR);;2 months post travel
25;Ruppe et al 2015;Persistance rate of returning traveller ;Persistent carriage of same ESBL group after 6month;15.8;percent;2015;year;Asia;Asia;233;traveller ;15.26;MDR (ESBL AmpC CPR);;3 months post travel
25;Ruppe et al 2015;Persistance rate of returning traveller ;Persistent carriage of same ESBL group after 6month;7.2;percent;2015;year;Asia;Asia;230;traveller ;15.17;MDR (ESBL AmpC CPR);;6 months post travel
25;Ruppe et al 2015;Persistance rate of returning traveller ;Persistent carriage of same ESBL group after 6month;3.7;percent;2015;year;Asia;Asia;227;traveller ;15.07;MDR (ESBL AmpC CPR);;12 months post travel
32;Tangden et al 2010;Acquisition rate of returning traveller ;prevalence of swedish travellers acquired ESBL;32;percent;2007;year;Asia ;Asia;31;traveller ;5.57;Travel carriage ESBL;;
24;Paltansing et al 2013;Acquisition rate of returning traveller ;prevalence of Dutch travellers acquired ESBL;30;percent;2013;year;Asia central;Asia central;3;traveller ;1.73;MDR-E;;IR/pdt 1.06 mean travel day 31
24;Paltansing et al 2013;Acquisition rate of returning traveller ;prevalence of Dutch travellers acquired ESBL;67;percent;2013;year;Asia east;Asia east;33;traveller ;5.74;MDR-E;;IR/pdt 0.60 mean travel day 24
30;Miranda et al 2016;Acquisition rate of returning traveller ;prevalence of ESBL in Germany traveller with gastrointestical symptom;43;percent;2013;year;Asia outside SEA;Asia;7;traveller ;2.65;Travel carriage ESBL;;
24;Paltansing et al 2013;Acquisition rate of returning traveller ;prevalence of Dutch travellers acquired ESBL;34;percent;2013;year;Asia southeast;Asia southeast;110;traveller ;10.49;MDR-E;;IR/pdt 1.24 mean travel day 27
27;Lubbert et al 2015;Acquisition rate of returning traveller ;prevalence of geman travellers acquired ESBL;47.928936;percent;2013;year;Asia southeast;Asia southeast;46;traveller ;6.78;Travel carriage ESBL;;
30;Miranda et al 2016;Acquisition rate of returning traveller ;prevalence of ESBL in Germany traveller with gastrointestical symptom;59.5;percent;2013;year;Asia southeast;Asia southeast;39;traveller ;6.24;Travel carriage ESBL;;
31;Angelin et al 2015;Acquisition rate of returning traveller ;prevalence of ESBL in Germany traveller with gastrointestical symptom;67;percent;2010-2014;year;Asia southeast;Asia southeast;46;traveller ;6.78;Travel carriage ESBL;;
26;Ostholm et al 2013;Acquisition rate of returning traveller ;prevalence of sweden travellers acquired ESBL;0;percent;2008-2009;year;Australia and Oceania;Oceania;2;traveller ;1.41;Travel carriage ESBL;54907;
25;Ruppe et al 2015;Acquisition rate of returning traveller ;prevalence of french travellers acquired ESBL;100;percent;2015;year;Bangladesh;Asia south;1;traveller ;1;MDR (ESBL AmpC CPR);1855.7;
28;Peirano et al 2017;Acquisition rate of returning traveller ;prevalence of canadian travellers acquired ESBL;100;percent;2012-2014;year;Bangladesh;Asia south;1;traveller ;1;Travel carriage ESBL;1855.7;
38;Eibach et al 2018;PoultryESBL;ESBL prevalence in chicken meat from Ghana market;87.5;percent;2015;year;Belgium;Europe;8;broiler sample;2.83;cefotaxime&Ceftazidime;46116.7;frozen and fresh chicken meat from 75 supermarkets in Kumasi city
41;Woerther 2013;CommunityESBL;Ecol;11.6;percent;2010-2011;year;Belgium;Europe;337;adults;18.36;;46116.7;
25;Ruppe et al 2015;Acquisition rate of returning traveller ;prevalence of french travellers acquired ESBL;36.4;percent;2015;year;Benin;Africa;11;traveller ;3.32;MDR (ESBL AmpC CPR);1219.4;
23;Kuenzli et al ;Acquisition rate of returning traveller ;prevalence ESBL carriage from returning swiss traveller ;78.6;percent;2013;year;Bhutan;Asia south;49;traveller ;7;MDR;3243.2;OR: 0.66/avg stay 18.4 days
25;Ruppe et al 2015;Acquisition rate of returning traveller ;prevalence of french travellers acquired ESBL;33.3;percent;2015;year;Bolivia;Americas;3;traveller ;1.73;MDR (ESBL AmpC CPR);3552.1;
41;Woerther 2013;CommunityESBL;Ecol;0.1;percent;2002;year;Bolivia and Peru;South america;3208;adults;56.64;;5264.9;
41;Woerther 2013;CommunityESBL;Ecol;1.7;percent;2005;year;Bolivia and Peru;South america;3193;adults;56.51;;5264.9;
41;Woerther 2013;CommunityESBL;Ecol;12.4;percent;2011;year;Bolivia and Peru;South america;482;adults;21.95;;5264.9;
25;Ruppe et al 2015;Acquisition rate of returning traveller ;prevalence of french travellers acquired ESBL;34.1;percent;2015;year;Brazil;Americas;44;traveller ;6.63;MDR (ESBL AmpC CPR);8717.2;
29;Arcilla et al 2017;Acquisition rate of returning traveller ;prevalence of dutch travellers acquired ESBL;8;percent;2001;year;Brazil;Americas;25;traveller ;5;Travel carriage ESBL;8717.2;Incidenec/100pdt 0.42
31;Angelin et al 2015;Acquisition rate of returning traveller ;prevalence of ESBL in Germany traveller with gastrointestical symptom;0;percent;2010-2014;year;Brazil;Americas;1;traveller ;1;Travel carriage ESBL;8717.2;
38;Eibach et al 2018;PoultryESBL;ESBL prevalence in chicken meat from Ghana market;32.2;percent;2015;year;Brazil ;Americas;31;broiler sample;5.57;cefotaxime&Ceftazidime;8717.2;frozen and fresh chicken meat from 75 supermarkets in Kumasi city
25;Ruppe et al 2015;Acquisition rate of returning traveller ;prevalence of french travellers acquired ESBL;50;percent;2015;year;Burkina Faso;Africa;8;traveller ;2.83;MDR (ESBL AmpC CPR);774.8;
25;Ruppe et al 2015;Acquisition rate of returning traveller ;prevalence of french travellers acquired ESBL;80;percent;2015;year;Cambodia;Asia southeast;5;traveller ;2.24;MDR (ESBL AmpC CPR);1643;
25;Ruppe et al 2015;Acquisition rate of returning traveller ;prevalence of french travellers acquired ESBL;54.2;percent;2015;year;Cameroon;Africa;24;traveller ;4.9;MDR (ESBL AmpC CPR);1497.9;
31;Angelin et al 2015;Acquisition rate of returning traveller ;prevalence of ESBL in Germany traveller with gastrointestical symptom;14;percent;2010-2014;year;Cameroon;Africa;22;traveller ;4.69;Travel carriage ESBL;1497.9;
41;Woerther 2013;CommunityESBL;Healthy students;6.7;percent;2009;year;Cameroon;Africa;150;human;12.25;;1497.9;
31;Angelin et al 2015;Acquisition rate of returning traveller ;prevalence of ESBL in Germany traveller with gastrointestical symptom;0;percent;2010-2014;year;Canada ;Americas;1;traveller ;1;Travel carriage ESBL;46194.7;
24;Paltansing et al 2013;Acquisition rate of returning traveller ;prevalence of Dutch travellers acquired ESBL;30;percent;2013;year;Central America;Americas;56;traveller ;7.48;;;IR/pdt 0.25 mean travel day 29
25;Ruppe et al 2015;Acquisition rate of returning traveller ;prevalence of french travellers acquired ESBL;0;percent;2015;year;Central Africa;Africa;1;traveller ;1;MDR (ESBL AmpC CPR);467.9;
32;Tangden et al 2010;Acquisition rate of returning traveller ;prevalence of swedish travellers acquired ESBL;0;percent;2007;year;Central America ;Americas;6;traveller ;2.45;Travel carriage ESBL;;
24;Paltansing et al 2013;Acquisition rate of returning traveller ;prevalence of Dutch travellers acquired ESBL;25;percent;2013;year;Central America and Carribean ;Americas;28;traveller ;5.29;;;IR/pdt 0.48 mean travel day 19
27;Lubbert et al 2015;Acquisition rate of returning traveller ;prevalence of geman travellers acquired ESBL;6.967563;percent;2013;year;Central America and Carribean ;Americas;15;traveller ;3.87;Travel carriage ESBL;;
25;Ruppe et al 2015;Acquisition rate of returning traveller ;prevalence of french travellers acquired ESBL;60;percent;2015;year;China;Asia east;5;traveller ;2.24;MDR (ESBL AmpC CPR);14896.5;
29;Arcilla et al 2017;Acquisition rate of returning traveller ;prevalence of dutch travellers acquired ESBL;53.73;percent;2001;year;China;Asia east;67;traveller ;8.19;Travel carriage ESBL;14896.5;Incidenec/100pdt 4.19
4; Luo et al 2011;CommunityESBL;ESBL percentage in Food handler in hospital;50;percent;2009;year;China;Asia east;92;person;9.59;MDR;14896.5;Beijing
4; Luo et al 2011;CommunityESBL;ESBL percentage in Food handler in hospital;67.4;percent;2009;year;China;Asia east;92;person;9.59;Tetracycline;14896.5;Beijing
4; Luo et al 2011;CommunityESBL;ESBL percentage in Food handler in hospital;65.2;percent;2009;year;China;Asia east;92;person;9.59;Nalidixic acid ;14896.5;Beijing
4; Luo et al 2011;CommunityESBL;ESBL percentage in Food handler in hospital;47.8;percent;2009;year;China;Asia east;92;person;9.59;Ampicillin;14896.5;Beijing
4; Luo et al 2011;CommunityESBL;ESBL percentage in Food handler in hospital;7.6;percent;2009;year;China;Asia east;92;person;9.59;Cefepime ;14896.5;Beijing
4; Luo et al 2011;CommunityESBL;ESBL percentage in Food handler in hospital;7.6;percent;2009;year;China;Asia east;92;person;9.59;Ceftazidime;14896.5;Beijing
4; Luo et al 2011;CommunityESBL;ESBL percentage in Food handler in hospital;14.1;percent;2009;year;China;Asia east;92;person;9.59;Ciprofloxacin;14896.5;Beijing
4; Luo et al 2011;CommunityESBL;ESBL percentage in Food handler in hospital;8.7;percent;2009;year;China;Asia east;92;person;9.59;Chloramphenicol ;14896.5;Beijing
4; Luo et al 2011;CommunityESBL;ESBL percentage in Food handler in hospital;20.7;percent;2009;year;China;Asia east;92;person;9.59;Gentamicin;14896.5;Beijing
4; Luo et al 2011;CommunityESBL;ESBL percentage in Food handler in hospital;67.4;percent;2009;year;China;Asia east;92;person;9.59;Trimethoprim_sulfamethoxazole ;14896.5;Beijing
11;Sheng et al 2007;PoultryESBL;prevalence of antimicrobial resistance ;7;percent;2009;year;China;Asia east;70;isolates;8.37;Ceftiofur;14896.5;Henan
11;Sheng et al 2007;PoultryESBL;prevalence of antimicrobial resistance ;83;percent;2009;year;China;Asia east;70;isolates;8.37;ampicillin;14896.5;Henan
11;Sheng et al 2007;PoultryESBL;prevalence of antimicrobial resistance ;100;percent;2009;year;China;Asia east;70;isolates;8.37;Oxytetracycline;14896.5;Henan
11;Sheng et al 2007;PoultryESBL;prevalence of antimicrobial resistance ;83;percent;2009;year;China;Asia east;70;isolates;8.37;enrofloxacin;14896.5;Henan
11;Sheng et al 2007;PoultryESBL;prevalence of antimicrobial resistance ;81;percent;2009;year;China;Asia east;70;isolates;8.37;ciprofloaxin;14896.5;Henan
11;Sheng et al 2007;PoultryESBL;prevalence of antimicrobial resistance ;100;percent;2009;year;China;Asia east;70;isolates;8.37;Oxytetracycline;14896.5;Henan
11;Sheng et al 2007;PoultryESBL;prevalence of antimicrobial resistance ;83;percent;2009;year;China;Asia east;70;isolates;8.37;Enrofloxacin;14896.5;Henan
11;Sheng et al 2007;PoultryESBL;prevalence of antimicrobial resistance ;81;percent;2009;year;China;Asia east;70;isolates;8.37;Ciprofloxacin;14896.5;Henan
12; Ye Q et al 2018;PoultryESBL;ESBL gene prevalence in Chicken meat;23.8;percent;2018;year;China;Asia east;42;isolates;6.48;;14896.5;Henan
13;Wu H et al 2018;PoultryESBL;ESBL gene prevalence in Chicken meat;23.8;percent;2008;year;China;Asia east;105;isolates;10.25;;14896.5;
13;Wu H et al 2018;PoultryESBL;ESBL gene prevalence in Chicken meat;25.7;percent;2009;year;China;Asia east;140;isolates;11.83;;14896.5;
13;Wu H et al 2018;PoultryESBL;ESBL gene prevalence in Chicken meat;41.2;percent;2010;year;China;Asia east;102;isolates;10.1;;14896.5;
13;Wu H et al 2018;PoultryESBL;ESBL gene prevalence in Chicken meat;44.9;percent;2011;year;China;Asia east;127;isolates;11.27;;14896.5;
13;Wu H et al 2018;PoultryESBL;ESBL gene prevalence in Chicken meat;49.6;percent;2012;year;China;Asia east;115;isolates;10.72;;14896.5;
13;Wu H et al 2018;PoultryESBL;ESBL gene prevalence in Chicken meat;50;percent;2013;year;China;Asia east;118;isolates;10.86;;14896.5;
13;Wu H et al 2018;PoultryESBL;ESBL gene prevalence in Chicken meat;57;percent;2014;year;China;Asia east;114;isolates;10.68;;14896.5;
14;Li S et al  2016;PoultryESBL;prevalence ESBL-EC;88.8;percent;2014-2015;year;China;Asia east;169;isolates;13;MDR;14896.5;fecal isolate
16;Kuang X et al 2015;PoultryESBL;Confirmed ESBL producer ;5.47;percent;2010;year;China;Asia east;159;isolates;12.61;MDR;14896.5;
17;Wu H et al 2013;PoultryESBL;prevalence ESBL salmonella;8.58;percent;2011;year;China;Asia east;699;isolates;26.44;MDR;14896.5;6 provinces supermarkt and wetmarket
17;Wu H et al 2013;PoultryESBL;prevalence ESBL salmonella;24.64;percent;2011;year;China;Asia east;69;isolates;8.31;MDR;14896.5;Shanghai city 
17;Wu H et al 2013;PoultryESBL;prevalence ESBL salmonella;15.38;percent;2011;year;China;Asia east;65;isolates;8.06;MDR;14896.5;Shaanxi
17;Wu H et al 2013;PoultryESBL;prevalence ESBL salmonella;11.69;percent;2011;year;China;Asia east;77;isolates;8.77;MDR;14896.5;Fujian
17;Wu H et al 2013;PoultryESBL;prevalence ESBL salmonella;7.69;percent;2011;year;China;Asia east;117;isolates;10.82;MDR;14896.5;Guangdong
17;Wu H et al 2013;PoultryESBL;prevalence ESBL salmonella;7.25;percent;2011;year;China;Asia east;69;isolates;8.31;MDR;14896.5;Sichuan
17;Wu H et al 2013;PoultryESBL;prevalence ESBL salmonella;5.17;percent;2011;year;China;Asia east;116;isolates;10.77;MDR;14896.5;Beijing
17;Wu H et al 2013;PoultryESBL;prevalence ESBL salmonella;4.65;percent;2011;year;China;Asia east;86;isolates;9.27;MDR;14896.5;Henan 
17;Wu H et al 2013;PoultryESBL;prevalence ESBL salmonella;0;percent;2011;year;China;Asia east;100;isolates;10;MDR;14896.5;Guangxi
41;Woerther 2013;CommunityESBL;Kp;11.3;percent;2002;year;China;Asia east;53;adults;7.28;;14896.5;
41;Woerther 2013;CommunityESBL;Ecol;7;percent;2007;year;China;Asia east;270;adults;16.43;;14896.5;
41;Woerther 2013;CommunityESBL;Ecol;45.8;percent;2007-2008;year;China;Asia east;225;adults;15;;14896.5;
41;Woerther 2013;CommunityESBL;Ecol;50.6;percent;2009;year;China;Asia east;109;adults;10.44;;14896.5;
15;Wu H et al 2016;PoultryESBL;prevalence ESBL-EC;96.7;percent;2013;year;China ;Asia east;90;isolates;9.49;MDR;14896.5;Wet market
25;Ruppe et al 2015;Acquisition rate of returning traveller ;prevalence of french travellers acquired ESBL;0;percent;2015;year;Colombia;Americas;10;traveller ;3.16;MDR (ESBL AmpC CPR);6432.4;
25;Ruppe et al 2015;Acquisition rate of returning traveller ;prevalence of french travellers acquired ESBL;61.5;percent;2015;year;Congo;Africa;13;traveller ;3.61;MDR (ESBL AmpC CPR);545.2;
25;Ruppe et al 2015;Acquisition rate of returning traveller ;prevalence of french travellers acquired ESBL;100;percent;2015;year;Costa Rica;Americas;1;traveller ;1;MDR (ESBL AmpC CPR);12238.4;
31;Angelin et al 2015;Acquisition rate of returning traveller ;prevalence of ESBL in Germany traveller with gastrointestical symptom;0;percent;2010-2014;year;Costa Rica;Americas;1;traveller ;1;Travel carriage ESBL;12238.4;
25;Ruppe et al 2015;Acquisition rate of returning traveller ;prevalence of french travellers acquired ESBL;0;percent;2015;year;Cuba;Americas;2;traveller ;1.41;MDR (ESBL AmpC CPR);8821.8;
10;Carmo et al 2014;PoultryESBL;ESBL gene prevalence in Chicken meat;83.8;percent;2009;year;Denmark;Europe;80;isolates;8.94;MDR;59822.1;
35;Carmo et al 2014;PoultryESBL;Prevalence of ESBL in Danish broiler meat;44.7;percent;2009-2011;year;Denmark;Europe;571;Broiler meat ;23.9;;59822.1;21 percent CMY
41;Woerther 2013;CommunityESBL;Ecol;3.6;percent;2008;year;Denmark;Europe;84;adults;9.17;;59822.1;
27;Lubbert et al 2015;Acquisition rate of returning traveller ;prevalence of geman travellers acquired ESBL;25.713879;percent;2013;year;East Africa;Africa;47;traveller ;6.86;Travel carriage ESBL;;
27;Lubbert et al 2015;Acquisition rate of returning traveller ;prevalence of geman travellers acquired ESBL;0;percent;2013;year;East EU;Europe;2;traveller ;1.41;Travel carriage ESBL;;
25;Ruppe et al 2015;Acquisition rate of returning traveller ;prevalence of french travellers acquired ESBL;57.1;percent;2015;year;Ecuador;Americas;7;traveller ;2.65;MDR (ESBL AmpC CPR);6183.8;
29;Arcilla et al 2017;Acquisition rate of returning traveller ;prevalence of dutch travellers acquired ESBL;80;percent;2001;year;Egypt ;Americas;30;traveller ;5.48;Travel carriage ESBL;3020;Incidenec/100pdt 13.98
41;Woerther 2013;CommunityESBL;Healthy adults;63.3;percent;2010-2011;year;Egypt ;Eastern Mediterranean;632;human;25.14;;3020;
25;Ruppe et al 2015;Acquisition rate of returning traveller ;prevalence of french travellers acquired ESBL;50;percent;2015;year;Ethiopia;Africa;4;traveller ;2;MDR (ESBL AmpC CPR);857.5;
30;Miranda et al 2016;Acquisition rate of returning traveller ;prevalence of ESBL in Germany traveller with gastrointestical symptom;0;percent;2013;year;EU/North America;Americas;5;traveller ;2.24;Travel carriage ESBL;;
26;Ostholm et al 2013;Acquisition rate of returning traveller ;prevalence of sweden travellers acquired ESBL;0;percent;2008-2009;year;Europe;Europe;15;traveller ;3.87;Travel carriage ESBL;;
41;Woerther 2013;CommunityESBL;NA;0;percent;1999;year;France;Europe;517;adults;22.74;;40493.9;
41;Woerther 2013;CommunityESBL;NA;0.6;percent;2006;year;France;Europe;332;adults;18.22;;40493.9;
41;Woerther 2013;CommunityESBL;Ecol;6.6;percent;2008;year;France;Europe;500;adults;22.36;;40493.9;
41;Woerther 2013;CommunityESBL;Ecol;2.1;percent;2009;year;France;Europe;517;adults;22.74;;40493.9;
41;Woerther 2013;CommunityESBL;Ecol;6;percent;2011;year;France;Europe;345;adults;18.57;;40493.9;
25;Ruppe et al 2015;Acquisition rate of returning traveller ;prevalence of french travellers acquired ESBL;4.8;percent;2015;year;French Guinea;Americas;42;traveller ;6.48;MDR (ESBL AmpC CPR);;
41;Woerther 2013;CommunityESBL;Ecol;8;percent;2006;year;French Guinea;South america;163;adults;12.77;;;
25;Ruppe et al 2015;Acquisition rate of returning traveller ;prevalence of french travellers acquired ESBL;66.7;percent;2015;year;Gabon;Africa;3;traveller ;1.73;MDR (ESBL AmpC CPR);7667.4;
29;Arcilla et al 2017;Acquisition rate of returning traveller ;prevalence of dutch travellers acquired ESBL;16.33;percent;2001;year;Gambia;Africa;49;traveller ;7;Travel carriage ESBL;751.3;Incidenec/100pdt 1.30
8;Wu et al 2013;CommunityESBL;ESBL gene prevalence in adult;93;percent;2005-2009';year;Germany;Europe;14;isolates;3.74;CTX-M-1;46258.9;
8;Wu et al 2013;CommunityESBL;ESBL gene prevalence in adult;7;percent;2005-2009';year;Germany;Europe;14;isolates;3.74;CTX-M-9;46258.9;
8;Wu et al 2013;CommunityESBL;ESBL gene prevalence in adult;0;percent;2005-2009';year;Germany;Europe;14;isolates;3.74;SHV;46258.9;
8;Wu et al 2013;CommunityESBL;ESBL gene prevalence in adult;7;percent;2005-2009';year;Germany;Europe;14;isolates;3.74;CMY-611;46258.9;
8;Wu et al 2013;CommunityESBL;ESBL gene prevalence in adult;7;percent;2005-2009';year;Germany;Europe;14;isolates;3.74;CMY-11;46258.9;
8;Wu et al 2013;CommunityESBL;ESBL gene prevalence in adult;7;percent;2005-2009';year;Germany;Europe;14;isolates;3.74;MOX;46258.9;
8;Wu et al 2013;PoultryESBL;ESBL gene prevalence in Chicken host;18;percent;2005-2009';year;Germany;Europe;11;isolates;3.32;CTX-M-1;46258.9;
8;Wu et al 2013;PoultryESBL;ESBL gene prevalence in Chicken host;0;percent;2005-2009';year;Germany;Europe;11;isolates;3.32;CTX-M-9;46258.9;
8;Wu et al 2013;PoultryESBL;ESBL gene prevalence in Chicken host;0;percent;2005-2009';year;Germany;Europe;11;isolates;3.32;SHV;46258.9;
8;Wu et al 2013;PoultryESBL;ESBL gene prevalence in Chicken host;72;percent;2005-2009';year;Germany;Europe;11;isolates;3.32;CMY-611;46258.9;
8;Wu et al 2013;PoultryESBL;ESBL gene prevalence in Chicken host;73;percent;2005-2009';year;Germany;Europe;11;isolates;3.32;CMY-11;46258.9;
8;Wu et al 2013;PoultryESBL;ESBL gene prevalence in Chicken host;0;percent;2005-2009';year;Germany;Europe;11;isolates;3.32;MOX;46258.9;
41;Woerther 2013;CommunityESBL;Ecol;3.5;percent;2011;year;Germany;Europe;231;adults;15.2;;46258.9;
37;Tippelskirch et al 2018;PoultryESBL;ESBL prevalence in broiler chicken;47.4;percent;2014-2016;year;Germany ;Europe;175;broiler sample;13.23;cefotaxime;46258.9;caecum 
37;Tippelskirch et al 2018;PoultryESBL;ESBL prevalence in broiler chicken;54.9;percent;2014-2016;year;Germany ;Europe;175;broiler sample;13.23;cefotaxime;46258.9;skin 
37;Tippelskirch et al 2018;PoultryESBL;ESBL prevalence in broiler chicken;28;percent;2014-2016;year;Germany ;Europe;175;broiler sample;13.23;cefotaxime;46258.9;filet
25;Ruppe et al 2015;Acquisition rate of returning traveller ;prevalence of french travellers acquired ESBL;100;percent;2015;year;Ghana;Africa;1;traveller ;1;MDR (ESBL AmpC CPR);2202.1;
29;Arcilla et al 2017;Acquisition rate of returning traveller ;prevalence of dutch travellers acquired ESBL;40;percent;2001;year;Ghana;Africa;20;traveller ;4.47;Travel carriage ESBL;2202.1;Incidenec/100pdt 2.65
38;Eibach et al 2018;PoultryESBL;ESBL prevalence in chicken meat from Ghana market;44.1;percent;2015;year;Ghana;Africa;68;broiler sample;8.25;cefotaxime&Ceftazidime;2202.1;frozen and fresh chicken meat from 75 supermarkets in Kumasi city
25;Ruppe et al 2015;Acquisition rate of returning traveller ;prevalence of french travellers acquired ESBL;0;percent;2015;year;Guadeloupe;Americas;1;traveller ;1;MDR (ESBL AmpC CPR);;
25;Ruppe et al 2015;Acquisition rate of returning traveller ;prevalence of french travellers acquired ESBL;75;percent;2015;year;Guinea;Africa;4;traveller ;2;MDR (ESBL AmpC CPR);1064.1;
25;Ruppe et al 2015;Acquisition rate of returning traveller ;prevalence of french travellers acquired ESBL;0;percent;2015;year;Guinea-Basseur;Africa;3;traveller ;1.73;MDR (ESBL AmpC CPR);697.8;
25;Ruppe et al 2015;Acquisition rate of returning traveller ;prevalence of french travellers acquired ESBL;0;percent;2015;year;Honduras;Americas;1;traveller ;1;MDR (ESBL AmpC CPR);2574.9;
23;Kuenzli et al ;Acquisition rate of returning traveller ;prevalence ESBL carriage from returning swiss traveller ;86.8;percent;2013;year;India;Asia south;68;traveller ;8.25;MDR;2104.1;OR: 1/avg stay 18.4 days
25;Ruppe et al 2015;Acquisition rate of returning traveller ;prevalence of french travellers acquired ESBL;90.6;percent;2015;year;India;Asia south;53;traveller ;7.28;MDR (ESBL AmpC CPR);2104.1;
27;Lubbert et al 2015;Acquisition rate of returning traveller ;prevalence of geman travellers acquired ESBL;73.289734;percent;2013;year;India;Asia south;15;traveller ;3.87;Travel carriage ESBL;2104.1;
28;Peirano et al 2017;Acquisition rate of returning traveller ;prevalence of canadian travellers acquired ESBL;73;percent;2012-2014;year;India;Asia south;90;traveller ;9.49;Travel carriage ESBL;2104.1;
30;Miranda et al 2016;Acquisition rate of returning traveller ;prevalence of ESBL in Germany traveller with gastrointestical symptom;72;percent;2013;year;India;Asia south;81;traveller ;9;Travel carriage ESBL;2104.1;
31;Angelin et al 2015;Acquisition rate of returning traveller ;prevalence of ESBL in Germany traveller with gastrointestical symptom;70;percent;2010-2014;year;India;Asia south;30;traveller ;5.48;Travel carriage ESBL;2104.1;
20;Hussein et al 2017;PoultryESBL;ESBL prevalence in meat and ceca isolate;37.5;percent;2015;year;India;Asia south;168;isolates;12.96;ESBL ;2104.1;total meat and ceca isolates
20;Hussein et al 2017;PoultryESBL;ESBL prevalence in meat and ceca isolate;79;percent;2015;year;India;Asia south;63;isolates;7.94;CTX;2104.1;total meat and ceca isolates
20;Hussein et al 2017;PoultryESBL;ESBL prevalence in meat and ceca isolate;63;percent;2015;year;India;Asia south;63;isolates;7.94;TEX;2104.1;total meat and ceca isolates
20;Hussein et al 2017;PoultryESBL;ESBL prevalence in meat and ceca isolate;32;percent;2015;year;India;Asia south;63;isolates;7.94;SHV;2104.1;total meat and ceca isolates
20;Hussein et al 2017;PoultryESBL;ESBL prevalence in raw broiler meat;46.2;percent;2015;year;India;Asia south;54;isolates;7.35;ESBL ;2104.1;broiler meat
20;Hussein et al 2017;PoultryESBL;ESBL prevalence in raw broiler meat;84;percent;2015;year;India;Asia south;25;isolates;5;CTX;2104.1;broiler meat
20;Hussein et al 2017;PoultryESBL;ESBL prevalence in raw broiler meat;68;percent;2015;year;India;Asia south;25;isolates;5;TEX;2104.1;broiler meat
20;Hussein et al 2017;PoultryESBL;ESBL prevalence in raw broiler meat;32;percent;2015;year;India;Asia south;25;isolates;5;SHV;2104.1;broiler meat
20;Hussein et al 2017;PoultryESBL;ESBL prevalence in raw freerange meat;15.3;percent;2015;year;India;Asia south;13;isolates;3.61;ESBL ;2104.1;freerange meat
20;Hussein et al 2017;PoultryESBL;ESBL prevalence in raw freerange meat;100;percent;2015;year;India;Asia south;2;isolates;1.41;CTX;2104.1;freerange meat
20;Hussein et al 2017;PoultryESBL;ESBL prevalence in raw freerange meat;100;percent;2015;year;India;Asia south;2;isolates;1.41;TEX;2104.1;freerange meat
20;Hussein et al 2017;PoultryESBL;ESBL prevalence in raw freerange meat;100;percent;2015;year;India;Asia south;2;isolates;1.41;SHV;2104.1;freerange meat
20;Hussein et al 2017;PoultryESBL;ESBL prevalence in broiler ceca;40;percent;2015;year;India;Asia south;55;isolates;7.42;ESBL ;2104.1;broiler ceca
20;Hussein et al 2017;PoultryESBL;ESBL prevalence in broiler ceca;77;percent;2015;year;India;Asia south;22;isolates;4.69;CTX;2104.1;broiler ceca
20;Hussein et al 2017;PoultryESBL;ESBL prevalence in broiler ceca;50;percent;2015;year;India;Asia south;22;isolates;4.69;TEX;2104.1;broiler ceca
20;Hussein et al 2017;PoultryESBL;ESBL prevalence in broiler ceca;27;percent;2015;year;India;Asia south;22;isolates;4.69;SHV;2104.1;broiler ceca
20;Hussein et al 2017;PoultryESBL;ESBL prevalence in free range ceca;30.4;percent;2015;year;India;Asia south;46;isolates;6.78;ESBL ;2104.1;freerange ceca
20;Hussein et al 2017;PoultryESBL;ESBL prevalence in free range ceca;71;percent;2015;year;India;Asia south;14;isolates;3.74;CTX;2104.1;freerange ceca
20;Hussein et al 2017;PoultryESBL;ESBL prevalence in free range ceca;71;percent;2015;year;India;Asia south;14;isolates;3.74;TEX;2104.1;freerange ceca
20;Hussein et al 2017;PoultryESBL;ESBL prevalence in free range ceca;36;percent;2015;year;India;Asia south;14;isolates;3.74;SHV;2104.1;freerange ceca
21;Bhoomika et al 2016;PoultryESBL;ESBL gene prevalence in chicken meat;66.32;percent;2014;year;India;Asia south;98;isolates;9.9;MDR;2104.1;Jagdalpur, Dantewada, Kanker, and Kondagaon districts of Chhattisgarh
22;Brower et al 2017;PoultryESBL;ESBL prevalence in chicken farm;87.4;percent;2014;year;India;Asia south;270;isolates;16.43;MDR;2104.1;Broiler 
22;Brower et al 2017;PoultryESBL;ESBL prevalence in chicken farm;42.1;percent;2014;year;India;Asia south;240;isolates;15.49;MDR;2104.1;Layer
22;Brower et al 2017;PoultryESBL;ESBL prevalence in chicken farm;66.1;percent;2014;year;India;Asia south;510;isolates;22.58;MDR;2104.1;Broiler and layer
29;Arcilla et al 2017;Acquisition rate of returning traveller ;prevalence of dutch travellers acquired ESBL;88.61;percent;2001;year;India ;Asia south;79;traveller ;8.89;Travel carriage ESBL;2104.1;Incidenec/100pdt 12.18
32;Tangden et al 2010;Acquisition rate of returning traveller ;prevalence of swedish travellers acquired ESBL;88;percent;2007;year;India ;Asia south;8;traveller ;2.83;Travel carriage ESBL;2104.1;
26;Ostholm et al 2013;Acquisition rate of returning traveller ;prevalence of sweden travellers acquired ESBL;15;percent;2008-2009;year;India subcontinent;Asia south;14;traveller ;3.74;Travel carriage ESBL;2104.1;OR6.64(2-22)
30;Miranda et al 2016;Acquisition rate of returning traveller ;prevalence of ESBL in Germany traveller with gastrointestical symptom;40.3;percent;2013;year;India subcontinent;Asia south;15;traveller ;3.87;Travel carriage ESBL;2104.1;
25;Ruppe et al 2015;Acquisition rate of returning traveller ;prevalence of french travellers acquired ESBL;35.5;percent;2015;year;Indonesia;Asia southeast;17;traveller ;4.12;MDR (ESBL AmpC CPR);4135.6;
29;Arcilla et al 2017;Acquisition rate of returning traveller ;prevalence of dutch travellers acquired ESBL;18.69;percent;2001;year;Indonesia;Asia southeast;211;traveller ;14.53;Travel carriage ESBL;4135.6;Incidenec/100pdt 0.92
41;Woerther 2013;CommunityESBL;dominant normal flora of healthy adults;0;percent;2001-2002;year;Indonesia;Asia southeast;1998;human;44.7;;4135.6;
31;Angelin et al 2015;Acquisition rate of returning traveller ;prevalence of ESBL in Germany traveller with gastrointestical symptom;0;percent;2010-2014;year;Israel;Asia west;1;traveller ;1;Travel carriage ESBL;43641.4;
25;Ruppe et al 2015;Acquisition rate of returning traveller ;prevalence of french travellers acquired ESBL;47.1;percent;2015;year;Ivoty Coast;Africa;17;traveller ;4.12;MDR (ESBL AmpC CPR);;
41;Woerther 2013;CommunityESBL;Ecol;6.4;percent;2009-2010;year;Japan ;Asia east;218;adults;14.76;;40246.9;
25;Ruppe et al 2015;Acquisition rate of returning traveller ;prevalence of french travellers acquired ESBL;66.7;percent;2015;year;Kenya;Africa;6;traveller ;2.45;MDR (ESBL AmpC CPR);1816.5;
29;Arcilla et al 2017;Acquisition rate of returning traveller ;prevalence of dutch travellers acquired ESBL;33.33;percent;2001;year;Kenya;Africa;30;traveller ;5.48;Travel carriage ESBL;1816.5;Incidenec/100pdt 1.95
41;Woerther 2013;CommunityESBL;Ecol;20.3;percent;2011;year;Korea;Asia east;290;adults;17.03;;31762;
25;Ruppe et al 2015;Acquisition rate of returning traveller ;prevalence of french travellers acquired ESBL;100;percent;2015;year;Laos;Asia southeast;2;traveller ;1.41;MDR (ESBL AmpC CPR);2534.9;
2;Nakayama et al 2015 ;CommunityESBL;ESBL carriage ;71.9;percent;2012;year;Laos;Asia southeast;57;person;7.55;MDR;2534.9;Sawanalet
25;Ruppe et al 2015;Persistance rate of returning traveller ;Persistent carriage of same ESBL group ;100;percent;2015;year;Latin America ;America south;292;traveller ;17.09;MDR (ESBL AmpC CPR);;0
25;Ruppe et al 2015;Persistance rate of returning traveller ;Persistent carriage of same ESBL group ;20;percent;2015;year;Latin America ;America south;245;traveller ;15.65;MDR (ESBL AmpC CPR);;1 month post travel
25;Ruppe et al 2015;Persistance rate of returning traveller ;Persistent carriage of same ESBL group ;10.4;percent;2015;year;Latin America ;America south;236;traveller ;15.36;MDR (ESBL AmpC CPR);;2 months post travel
25;Ruppe et al 2015;Persistance rate of returning traveller ;Persistent carriage of same ESBL group ;6.4;percent;2015;year;Latin America ;America south;233;traveller ;15.26;MDR (ESBL AmpC CPR);;3 months post travel
25;Ruppe et al 2015;Persistance rate of returning traveller ;Persistent carriage of same ESBL group ;6.4;percent;2015;year;Latin America ;America south;230;traveller ;15.17;MDR (ESBL AmpC CPR);;6 months post travel
25;Ruppe et al 2015;Persistance rate of returning traveller ;Persistent carriage of same ESBL group ;2.2;percent;2015;year;Latin America ;America south;227;traveller ;15.07;MDR (ESBL AmpC CPR);;12 months post travel
34;hijazi et al 2016;CommunityESBL;prevalence ESBL in healthy students;24.8;percent;2013;year;Lebanon;Asia west;125;children;11.18;MDR;7784.3;
41;Woerther 2013;CommunityESBL;prevalence ESBL in children under 6 year old;2.4;percent;2003;year;Lebanon;Asia west;382;students;19.54482029;;7784.3;
39;Dandachi et al 2018;PoultryESBL;ESBL prevalence in broiler chicken;40.7;percent;2015;year;Lebanon;Asia west;27;rectal sample;5.2;MDR ;7784.3;farm size 18000
39;Dandachi et al 2018;PoultryESBL;ESBL prevalence in broiler chicken;18.5;percent;2015;year;Lebanon;Asia west;27;rectal sample;5.2;MDR ;7784.3;farm size 11300
39;Dandachi et al 2018;PoultryESBL;ESBL prevalence in broiler chicken;7.4;percent;2015;year;Lebanon;Asia west;27;rectal sample;5.2;MDR ;7784.3;farm size 20000
39;Dandachi et al 2018;PoultryESBL;ESBL prevalence in broiler chicken;45;percent;2015;year;Lebanon;Asia west;20;rectal sample;4.47;MDR ;7784.3;farm size 23000
39;Dandachi et al 2018;PoultryESBL;ESBL prevalence in broiler chicken;70;percent;2015;year;Lebanon;Asia west;20;rectal sample;4.47;MDR ;7784.3;farm size 4000
39;Dandachi et al 2018;PoultryESBL;ESBL prevalence in broiler chicken;65;percent;2015;year;Lebanon;Asia west;20;rectal sample;4.47;MDR ;7784.3;farm size 20000
39;Dandachi et al 2018;PoultryESBL;ESBL prevalence in broiler chicken;40;percent;2015;year;Lebanon;Asia west;20;rectal sample;4.47;MDR ;7784.3;farm size 15000
39;Dandachi et al 2018;PoultryESBL;ESBL prevalence in broiler chicken;25;percent;2015;year;Lebanon;Asia west;20;rectal sample;4.47;MDR ;7784.3;farm size 5000
39;Dandachi et al 2018;PoultryESBL;ESBL prevalence in broiler chicken;25;percent;2015;year;Lebanon;Asia west;20;rectal sample;4.47;MDR ;7784.3;farm size 4000
39;Dandachi et al 2018;PoultryESBL;ESBL prevalence in broiler chicken;45;percent;2015;year;Lebanon;Asia west;20;rectal sample;4.47;MDR ;7784.3;farm size 6000
39;Dandachi et al 2018;PoultryESBL;ESBL prevalence in broiler chicken;55;percent;2015;year;Lebanon;Asia west;20;rectal sample;4.47;MDR ;7784.3;farm size 4600
39;Dandachi et al 2018;PoultryESBL;ESBL prevalence in broiler chicken;55;percent;2015;year;Lebanon;Asia west;20;rectal sample;4.47;MDR ;7784.3;farm size 15000
39;Dandachi et al 2018;PoultryESBL;ESBL prevalence in broiler chicken;5;percent;2015;year;Lebanon;Asia west;20;rectal sample;4.47;MDR ;7784.3;farm size 6000
39;Dandachi et al 2018;PoultryESBL;ESBL prevalence in broiler chicken;20;percent;2015;year;Lebanon;Asia west;20;rectal sample;4.47;MDR ;7784.3;farm size 10700
39;Dandachi et al 2018;PoultryESBL;ESBL prevalence in broiler chicken;30;percent;2015;year;Lebanon;Asia west;20;rectal sample;4.47;MDR ;7784.3;farm size 5000
39;Dandachi et al 2018;PoultryESBL;ESBL prevalence in broiler chicken;15;percent;2015;year;Lebanon;Asia west;20;rectal sample;4.47;MDR ;7784.3;farm size 3000
39;Dandachi et al 2018;PoultryESBL;ESBL prevalence in broiler chicken;5;percent;2015;year;Lebanon;Asia west;20;rectal sample;4.47;MDR ;7784.3;farm size 6000
39;Dandachi et al 2018;PoultryESBL;ESBL prevalence in broiler chicken;30;percent;2015;year;Lebanon;Asia west;20;rectal sample;4.47;MDR ;7784.3;farm size 6000
39;Dandachi et al 2018;PoultryESBL;ESBL prevalence in broiler chicken;15;percent;2015;year;Lebanon;Asia west;20;rectal sample;4.47;MDR ;7784.3;farm size 6000
39;Dandachi et al 2018;PoultryESBL;ESBL prevalence in broiler chicken;15;percent;2015;year;Lebanon;Asia west;20;rectal sample;4.47;MDR ;7784.3;farm size 5000
39;Dandachi et al 2018;PoultryESBL;ESBL prevalence in broiler chicken;15;percent;2015;year;Lebanon;Asia west;20;rectal sample;4.47;MDR ;7784.3;farm size 6500
39;Dandachi et al 2018;PoultryESBL;ESBL prevalence in broiler chicken;4.8;percent;2015;year;Lebanon;Asia west;21;rectal sample;4.58;MDR ;7784.3;farm size 6700
39;Dandachi et al 2018;PoultryESBL;ESBL prevalence in broiler chicken;20;percent;2015;year;Lebanon;Asia west;20;rectal sample;4.47;MDR ;7784.3;farm size 11800
39;Dandachi et al 2018;PoultryESBL;ESBL prevalence in broiler chicken;10;percent;2015;year;Lebanon;Asia west;20;rectal sample;4.47;MDR ;7784.3;farm size 10000
39;Dandachi et al 2018;PoultryESBL;ESBL prevalence in broiler chicken;5;percent;2015;year;Lebanon;Asia west;20;rectal sample;4.47;MDR ;7784.3;farm size 10000
39;Dandachi et al 2018;PoultryESBL;ESBL prevalence in broiler chicken;5;percent;2015;year;Lebanon;Asia west;20;rectal sample;4.47;MDR ;7784.3;farm size 5000
39;Dandachi et al 2018;PoultryESBL;ESBL prevalence in broiler chicken;40;percent;2015;year;Lebanon;Asia west;20;rectal sample;4.47;MDR ;7784.3;farm size 10000
39;Dandachi et al 2018;PoultryESBL;ESBL prevalence in broiler chicken;20;percent;2015;year;Lebanon;Asia west;20;rectal sample;4.47;MDR ;7784.3;farm size 5000
39;Dandachi et al 2018;PoultryESBL;ESBL prevalence in broiler chicken;35;percent;2015;year;Lebanon;Asia west;20;rectal sample;4.47;MDR ;7784.3;farm size 5000
39;Dandachi et al 2018;PoultryESBL;ESBL prevalence in broiler chicken;10;percent;2015;year;Lebanon;Asia west;20;rectal sample;4.47;MDR ;7784.3;farm size 10000
39;Dandachi et al 2018;PoultryESBL;ESBL prevalence in broiler chicken;20;percent;2015;year;Lebanon;Asia west;20;rectal sample;4.47;MDR ;7784.3;farm size 10000
39;Dandachi et al 2018;PoultryESBL;ESBL prevalence in broiler chicken;25;percent;2015;year;Lebanon;Asia west;20;rectal sample;4.47;MDR ;7784.3;farm size 18000
39;Dandachi et al 2018;PoultryESBL;ESBL prevalence in broiler chicken;15;percent;2015;year;Lebanon;Asia west;20;rectal sample;4.47;MDR ;7784.3;farm size 6000
39;Dandachi et al 2018;PoultryESBL;ESBL prevalence in broiler chicken;30;percent;2015;year;Lebanon;Asia west;20;rectal sample;4.47;MDR ;7784.3;farm size 6000
39;Dandachi et al 2018;PoultryESBL;ESBL prevalence in broiler chicken;50;percent;2015;year;Lebanon;Asia west;20;rectal sample;4.47;MDR ;7784.3;farm size 3300
39;Dandachi et al 2018;PoultryESBL;ESBL prevalence in broiler chicken;25;percent;2015;year;Lebanon;Asia west;20;rectal sample;4.47;MDR ;7784.3;farm size 10000
39;Dandachi et al 2018;PoultryESBL;ESBL prevalence in broiler chicken;5;percent;2015;year;Lebanon;Asia west;20;rectal sample;4.47;MDR ;7784.3;farm size 10000
39;Dandachi et al 2018;PoultryESBL;ESBL prevalence in broiler chicken;30;percent;2015;year;Lebanon;Asia west;20;rectal sample;4.47;MDR ;7784.3;farm size 10000
25;Ruppe et al 2015;Acquisition rate of returning traveller ;prevalence of french travellers acquired ESBL;57.1;percent;2015;year;Madagascar;Africa;7;traveller ;2.65;MDR (ESBL AmpC CPR);522.2;
41;Woerther 2013;CommunityESBL;Pediatric patients;22.1;percent;2008;year;Madagascar;Africa;244;human;15.62;;522.2;
41;Woerther 2013;CommunityESBL;Healthy adults;10.1;percent;2009;year;Madagascar;Africa;484;human;22;;522.2;
25;Ruppe et al 2015;Acquisition rate of returning traveller ;prevalence of french travellers acquired ESBL;16.7;percent;2015;year;Malaysia;Asia southeast;6;traveller ;2.45;MDR (ESBL AmpC CPR);11414.8;
29;Arcilla et al 2017;Acquisition rate of returning traveller ;prevalence of dutch travellers acquired ESBL;25;percent;2001;year;Malaysia;Asia southeast;28;traveller ;5.29;Travel carriage ESBL;11414.8;Incidenec/100pdt 1.50
9;Aliyu et al 2016;PoultryESBL;ESBL gene prevalence in Chicken meat;48.8;percent;2012-2013;year;Malaysia;Asia southeast;240;isolates;15.49;CTX;11414.8;Salangor
25;Ruppe et al 2015;Acquisition rate of returning traveller ;prevalence of french travellers acquired ESBL;0;percent;2015;year;Maldives;Asia south;2;traveller ;1.41;MDR (ESBL AmpC CPR);10790.5;
25;Ruppe et al 2015;Acquisition rate of returning traveller ;prevalence of french travellers acquired ESBL;20;percent;2015;year;Mali;Africa;5;traveller ;2.24;MDR (ESBL AmpC CPR);890.7;
25;Ruppe et al 2015;Acquisition rate of returning traveller ;prevalence of french travellers acquired ESBL;20;percent;2015;year;Mexico;Americas;5;traveller ;2.24;MDR (ESBL AmpC CPR);9863.1;
29;Arcilla et al 2017;Acquisition rate of returning traveller ;prevalence of dutch travellers acquired ESBL;22.22;percent;2001;year;Mexico;Americas;18;traveller ;4.24;Travel carriage ESBL;9863.1;Incidenec/100pdt 1.73
24;Paltansing et al 2013;Acquisition rate of returning traveller ;prevalence of Dutch travellers acquired ESBL;13;percent;2013;year;Middle east;Asia west;15;traveller ;3.87;;;IR/pdt 0.64 mean travel day 14.8
32;Tangden et al 2010;Acquisition rate of returning traveller ;prevalence of swedish travellers acquired ESBL;29;percent;2007;year;Middle east;Asia west;14;traveller ;3.74;Travel carriage ESBL;;
29;Arcilla et al 2017;Acquisition rate of returning traveller ;prevalence of dutch travellers acquired ESBL;22.22;percent;2001;year;Morroco;Africa;36;traveller ;6;Travel carriage ESBL;3204.1;Incidenec/100pdt 7.21
25;Ruppe et al 2015;Acquisition rate of returning traveller ;prevalence of french travellers acquired ESBL;0;percent;2015;year;Mozambique;Africa;1;traveller ;1;MDR (ESBL AmpC CPR);491.8;
25;Ruppe et al 2015;Acquisition rate of returning traveller ;prevalence of french travellers acquired ESBL;85.7;percent;2015;year;Myanmar;Asia southeast;7;traveller ;2.65;MDR (ESBL AmpC CPR);1407.8;
29;Arcilla et al 2017;Acquisition rate of returning traveller ;prevalence of dutch travellers acquired ESBL;53.33;percent;2001;year;Myanmar;Asia southeast;15;traveller ;3.87;Travel carriage ESBL;1407.8;Incidenec/100pdt 3.91
23;Kuenzli et al ;Acquisition rate of returning traveller ;prevalence ESBL carriage from returning swiss traveller ;79.5;percent;2013;year;Nepal;Asia south;39;traveller ;6.24;MDR;1071.1;OR: 0.57/avg stay 18.4 days
25;Ruppe et al 2015;Acquisition rate of returning traveller ;prevalence of french travellers acquired ESBL;100;percent;2015;year;Nepal;Asia south;1;traveller ;1;MDR (ESBL AmpC CPR);1071.1;
28;Peirano et al 2017;Acquisition rate of returning traveller ;prevalence of canadian travellers acquired ESBL;22;percent;2012-2014;year;Nepal;Asia south;9;traveller ;3;Travel carriage ESBL;1071.1;
29;Arcilla et al 2017;Acquisition rate of returning traveller ;prevalence of dutch travellers acquired ESBL;79.31;percent;2001;year;Nepal;Asia southeast;29;traveller ;5.39;Travel carriage ESBL;1071.1;Incidenec/100pdt 7.49
6;Marguilieux et al 2018;CommunityESBL;"ESBL prevalence from acute diarrhea in Nepa;";0;;2007;year;Nepal;Asia south;34;person;5.83;MDR;1071.1;travel clinics In Nepal
6;Marguilieux et al 2018;CommunityESBL;"ESBL prevalence from acute diarrhea in Nepa;";1.5;;2008;year;Nepal;Asia south;62;person;7.87;MDR;1071.1;travel clinics In Nepal
6;Marguilieux et al 2018;CommunityESBL;"ESBL prevalence from acute diarrhea in Nepa;";0;;2009;year;Nepal;Asia south;8;person;2.83;MDR;1071.1;travel clinics In Nepal
6;Marguilieux et al 2018;CommunityESBL;"ESBL prevalence from acute diarrhea in Nepa;";0;;2012;year;Nepal;Asia south;1;person;1;MDR;1071.1;travel clinics In Nepal
6;Marguilieux et al 2018;CommunityESBL;"ESBL prevalence from acute diarrhea in Nepa;";35.6;;2013;year;Nepal;Asia south;21;person;4.58;MDR;1071.1;travel clinics In Nepal
6;Marguilieux et al 2018;CommunityESBL;"ESBL prevalence from acute diarrhea in Nepa;";31.2;;2014;year;Nepal;Asia south;32;person;5.66;MDR;1071.1;travel clinics In Nepal
6;Marguilieux et al 2018;CommunityESBL;"ESBL prevalence from acute diarrhea in Nepa;";35;;2016;year;Nepal;Asia south;60;person;7.75;MDR;1071.1;travel clinics In Nepal
40;Shrestha et al 2017 ;PoultryESBL;ESBL prevalence in broiler chicken;37;percent;2017;year;Nepal;Asia south;27;0.37037037;5.2;MDR ;1071.1;good sanitation 
40;Shrestha et al 2017 ;PoultryESBL;ESBL prevalence in broiler chicken;39;percent;2017;year;Nepal;Asia south;76;0.394736842;8.72;MDR ;1071.1;poor sanitation
8;Wu et al 2013;CommunityESBL;ESBL gene prevalence in adult;73;percent;2005-2009';year;Netherlands;Europe;108;isolates;10.39;CTX-M-1;52447.8;
8;Wu et al 2013;CommunityESBL;ESBL gene prevalence in adult;12;percent;2005-2009';year;Netherlands;Europe;108;isolates;10.39;CTX-M-9;52447.8;
8;Wu et al 2013;CommunityESBL;ESBL gene prevalence in adult;6;percent;2005-2009';year;Netherlands;Europe;108;isolates;10.39;SHV;52447.8;
8;Wu et al 2013;CommunityESBL;ESBL gene prevalence in adult;1;percent;2005-2009';year;Netherlands;Europe;108;isolates;10.39;CMY-611;52447.8;
8;Wu et al 2013;CommunityESBL;ESBL gene prevalence in adult;0;percent;2005-2009';year;Netherlands;Europe;108;isolates;10.39;CMY-11;52447.8;
8;Wu et al 2013;CommunityESBL;ESBL gene prevalence in adult;2;percent;2005-2009';year;Netherlands;Europe;108;isolates;10.39;MOX;52447.8;
8;Wu et al 2013;PoultryESBL;ESBL gene prevalence in Chicken host;54;percent;2005-2009';year;Netherlands;Europe;136;isolates;11.66;CTX-M-1;52447.8;
8;Wu et al 2013;PoultryESBL;ESBL gene prevalence in Chicken host;1;percent;2005-2009';year;Netherlands;Europe;136;isolates;11.66;CTX-M-9;52447.8;
8;Wu et al 2013;PoultryESBL;ESBL gene prevalence in Chicken host;6;percent;2005-2009';year;Netherlands;Europe;136;isolates;11.66;SHV;52447.8;
8;Wu et al 2013;PoultryESBL;ESBL gene prevalence in Chicken host;20;percent;2005-2009';year;Netherlands;Europe;136;isolates;11.66;CMY-611;52447.8;
8;Wu et al 2013;PoultryESBL;ESBL gene prevalence in Chicken host;19;percent;2005-2009';year;Netherlands;Europe;136;isolates;11.66;CMY-11;52447.8;
8;Wu et al 2013;PoultryESBL;ESBL gene prevalence in Chicken host;4;percent;2005-2009';year;Netherlands;Europe;136;isolates;11.66;MOX;52447.8;
38;Eibach et al 2018;PoultryESBL;ESBL prevalence in chicken meat from Ghana market;26.3;percent;2015;year;Netherlands;Europe;38;broiler sample;6.16;cefotaxime&Ceftazidime;52447.8;frozen and fresh chicken meat from 75 supermarkets in Kumasi city
25;Ruppe et al 2015;Acquisition rate of returning traveller ;prevalence of french travellers acquired ESBL;0;percent;2015;year;New Guinea;Oceania;1;traveller ;1;MDR (ESBL AmpC CPR);2845.2;
25;Ruppe et al 2015;Acquisition rate of returning traveller ;prevalence of french travellers acquired ESBL;0;percent;2015;year;Nicaragua;Americas;1;traveller ;1;MDR (ESBL AmpC CPR);1912.9;
25;Ruppe et al 2015;Acquisition rate of returning traveller ;prevalence of french travellers acquired ESBL;100;percent;2015;year;Niger;Africa;1;traveller ;1;MDR (ESBL AmpC CPR);554.6;
41;Woerther 2013;CommunityESBL;Pediatric patients;30.9;percent;2007-2008;year;Niger;Africa;55;human;7.42;;554.6;
36;Chah KF et al 2018;PoultryESBL;ESBL prevalence in broiler chicken;4.1;percent;2015-2016;year;Nigeria;Africa;410;Broiler meat ;20.25;cefotaxime;2229.9;Nsukka chicken farm
24;Paltansing et al 2013;Acquisition rate of returning traveller ;prevalence of Dutch travellers acquired ESBL;40;percent;2013;year;North Africa;Americas;10;traveller ;3.16;;;IR/pdt 1.76 mean travel day 11.2
26;Ostholm et al 2013;Acquisition rate of returning traveller ;prevalence of sweden travellers acquired ESBL;19;percent;2008-2009;year;North Africa;Africa;30;traveller ;5.48;Travel carriage ESBL;;OR1.96(0.89-4.30)
26;Ostholm et al 2013;Acquisition rate of returning traveller ;prevalence of sweden travellers acquired ESBL;0;percent;2008-2009;year;North America;Americas;16;traveller ;4;Travel carriage ESBL;;
27;Lubbert et al 2015;Acquisition rate of returning traveller ;prevalence of geman travellers acquired ESBL;0;percent;2013;year;North America;Americas;2;traveller ;1.41;Travel carriage ESBL;;
31;Angelin et al 2015;Acquisition rate of returning traveller ;prevalence of ESBL in Germany traveller with gastrointestical symptom;0;percent;2010-2014;year;North America;Americas;3;traveller ;1.73;Travel carriage ESBL;;
32;Tangden et al 2010;Acquisition rate of returning traveller ;prevalence of swedish travellers acquired ESBL;0;percent;2007;year;North America;Americas;2;traveller ;1.41;Travel carriage ESBL;;
33;Kassenborg et al 2004;CommunityESBL;prevalence resistance;11;percent;1998-1999;year;North America;Europe;858;Campylobater infection cases;29.29;fluoroquinolone resistance ;;
33;Kassenborg et al 2004;CommunityESBL;prevalence resistance;5;percent;1998-1999;year;North America;Europe;339;Campylobater infection cases;18.41;fluoroquinolone resistance ;;Minnesota
33;Kassenborg et al 2004;CommunityESBL;prevalence resistance;16;percent;1998-1999;year;North America;Europe;292;Campylobater infection cases;17.09;fluoroquinolone resistance ;;Connecticut 
38;Eibach et al 2018;PoultryESBL;ESBL prevalence in chicken meat from Ghana market;22.5;percent;2015;year;North America;Americas;31;broiler sample;5.57;cefotaxime&Ceftazidime;;frozen and fresh chicken meat from 75 supermarkets in Kumasi city
24;Paltansing et al 2013;Acquisition rate of returning traveller ;prevalence of Dutch travellers acquired ESBL;31;percent;2013;year;Outside EU;World;370;traveller ;19.24;MDR-E;;avg 21 day
27;Lubbert et al 2015;Acquisition rate of returning traveller ;prevalence of geman travellers acquired ESBL;28.2;percent;2013;year;Outside EU;World;191;traveller ;13.82;Travel carriage ESBL;;
24;Paltansing et al 2013;Persistance rate of returning traveller ;Persistent carriage of same ESBL group after 6month;17;percent;2013;year;Outside EU;World;113;traveller ;10.63;MDR-E;;6 months post travel
27;Lubbert et al 2015;Persistance rate of returning traveller ;Persistent carriage of same ESBL group ;30.3;percent;2013;year;Outside EU;World;58;traveller ;7.62;Travel carriage ESBL;;3 months post travel
27;Lubbert et al 2015;Persistance rate of returning traveller ;Persistent carriage of same ESBL group ;8.57;percent;2013;year;Outside EU;World;35;traveller ;5.92;Travel carriage ESBL;;6 months post travel
29;Arcilla et al 2017;Persistance rate of returning traveller ;Persistent carriage of same ESBL group ;100;percent;2001;year;Outside EU;World;623;traveller ;24.96;Travel carriage ESBL;;Immerdiate post travel
29;Arcilla et al 2017;Persistance rate of returning traveller ;Persistent carriage of same ESBL group ;42.9;percent;2001;year;Outside EU;World;613;traveller ;24.76;Travel carriage ESBL;;1 month post travel
29;Arcilla et al 2017;Persistance rate of returning traveller ;Persistent carriage of same ESBL group ;22.4;percent;2001;year;Outside EU;World;606;traveller ;24.62;Travel carriage ESBL;;3 months post travel
29;Arcilla et al 2017;Persistance rate of returning traveller ;Persistent carriage of same ESBL group ;11.3;percent;2001;year;Outside EU;World;601;traveller ;24.52;Travel carriage ESBL;;6 months post travel
29;Arcilla et al 2017;Persistance rate of returning traveller ;Persistent carriage of same ESBL group ;6.6;percent;2001;year;Outside EU;World;577;traveller ;24.02;Travel carriage ESBL;;12 months post travel
28;Peirano et al 2017;Acquisition rate of returning traveller ;prevalence of canadian travellers acquired ESBL;100;percent;2012-2014;year;Pakistan;Asia south;1;traveller ;1;Travel carriage ESBL;1284.7;
25;Ruppe et al 2015;Acquisition rate of returning traveller ;prevalence of french travellers acquired ESBL;0;percent;2015;year;Panama;Americas;1;traveller ;1;MDR (ESBL AmpC CPR);15731;
25;Ruppe et al 2015;Acquisition rate of returning traveller ;prevalence of french travellers acquired ESBL;84.6;percent;2015;year;Peru;Americas;26;traveller ;5.1;MDR (ESBL AmpC CPR);6977.7;
29;Arcilla et al 2017;Acquisition rate of returning traveller ;prevalence of dutch travellers acquired ESBL;60;percent;2001;year;Peru;Americas;20;traveller ;4.47;Travel carriage ESBL;6977.7;Incidenec/100pdt 4.28
41;Woerther 2013;CommunityESBL;Ecol;2.7;percent;2007-2008;year;Portugal;Europe;112;adults;10.58;;23145;
25;Ruppe et al 2015;Acquisition rate of returning traveller ;prevalence of french travellers acquired ESBL;0;percent;2015;year;Sao Tome and Principe;Africa;1;traveller ;1;MDR (ESBL AmpC CPR);;
41;Woerther 2013;CommunityESBL;Ecol and Kp isolates from healthy students;13.1;percent;2006;year;Saudi Arabia;Asia east;426;adults;20.63976744;;23139.8;
41;Woerther 2013;CommunityESBL;Healthy adults;12.3;percent;2006-2007;year;Saudi Arabia;Asia east;505;adults;22.47220505;;23139.8;
25;Ruppe et al 2015;Acquisition rate of returning traveller ;prevalence of french travellers acquired ESBL;37.8;percent;2015;year;Senegal;Africa;45;traveller ;6.71;MDR (ESBL AmpC CPR);1446.8;
41;Woerther 2013;CommunityESBL;Healthy children;10;percent;2008;year;Senegal;Africa;20;human;4.47;;1446.8;
25;Ruppe et al 2015;Acquisition rate of returning traveller ;prevalence of french travellers acquired ESBL;0;percent;2015;year;South Africa;Africa;1;traveller ;1;MDR (ESBL AmpC CPR);;
26;Ostholm et al 2013;Acquisition rate of returning traveller ;prevalence of sweden travellers acquired ESBL;22;percent;2008-2009;year;South Africa;Africa;71;traveller ;8.43;Travel carriage ESBL;;OR 0.52(0.27-0.99)
27;Lubbert et al 2015;Acquisition rate of returning traveller ;prevalence of geman travellers acquired ESBL;11.421769;percent;2013;year;South Africa;Africa;18;traveller ;4.24;Travel carriage ESBL;;
29;Arcilla et al 2017;Acquisition rate of returning traveller ;prevalence of dutch travellers acquired ESBL;4.55;percent;2001;year;South Africa;Africa;66;traveller ;8.12;Travel carriage ESBL;;Incidenec/100pdt 0.22
24;Paltansing et al 2013;Acquisition rate of returning traveller ;prevalence of Dutch travellers acquired ESBL;6;percent;2013;year;South America;Americas;32;traveller ;5.66;;;IR/pdt 0.15 mean travel day 29
26;Ostholm et al 2013;Acquisition rate of returning traveller ;prevalence of sweden travellers acquired ESBL;7;percent;2008-2009;year;South America;Americas;29;traveller ;5.39;Travel carriage ESBL;;OR0.44(0.16-1.22)
27;Lubbert et al 2015;Acquisition rate of returning traveller ;prevalence of geman travellers acquired ESBL;8.000919;percent;2013;year;South America;Americas;63;traveller ;7.94;Travel carriage ESBL;;
32;Tangden et al 2010;Acquisition rate of returning traveller ;prevalence of swedish travellers acquired ESBL;0;percent;2007;year;South America;Americas;1;traveller ;1;Travel carriage ESBL;;
30;Miranda et al 2016;Acquisition rate of returning traveller ;prevalence of ESBL in Germany traveller with gastrointestical symptom;14.6;percent;2013;year;South and Central america;Americas;21;traveller ;4.58;Travel carriage ESBL;;
24;Paltansing et al 2013;Acquisition rate of returning traveller ;prevalence of Dutch travellers acquired ESBL;72;percent;2013;year;South asia;Asia south;25;traveller ;5;MDR-E;;IR/pdt 0.70 mean travel day 24
28;Peirano et al 2017;Acquisition rate of returning traveller ;prevalence of canadian travellers acquired ESBL;64;percent;2012-2014;year;South asia;Asia south;109;traveller ;10.44;Travel carriage ESBL;;
28;Peirano et al 2017;Acquisition rate of returning traveller ;prevalence of canadian travellers acquired ESBL;2;percent;2012-2014;year;South asia;Asia south;109;traveller ;10.44;Travel carriage ESBL;;AmpC
28;Peirano et al 2017;Acquisition rate of returning traveller ;prevalence of canadian travellers acquired ESBL;21;percent;2012-2014;year;South asia;Asia south;70;traveller ;8.37;Travel carriage ESBL;;6 months post travel
32;Tangden et al 2010;Acquisition rate of returning traveller ;prevalence of swedish travellers acquired ESBL;13;percent;2007;year;South EU;Europe;16;traveller ;4;Travel carriage ESBL;;
27;Lubbert et al 2015;Acquisition rate of returning traveller ;prevalence of geman travellers acquired ESBL;25.27837;percent;2013;year;South Europe;Europe;8;traveller ;2.83;Travel carriage ESBL;;
24;Paltansing et al 2013;Acquisition rate of returning traveller ;prevalence of Dutch travellers acquired ESBL;12;percent;2013;year;Southern Africa;Americas;26;traveller ;5.1;;;IR/pdt 0.27 mean travel day 25
41;Woerther 2013;CommunityESBL;Ecol;3.3;percent;2001-2002;year;Spain;Europe;1321;adults;36.35;;;
41;Woerther 2013;CommunityESBL;Ecol;3.7;percent;2003;year;Spain;Europe;108;adults;10.39;;29613.7;
41;Woerther 2013;CommunityESBL;Ecol;6.6;percent;2003;year;Spain;Europe;948;adults;30.79;;29613.7;
41;Woerther 2013;CommunityESBL;Ecol;7.4;percent;2005-2006;year;Spain;Europe;54;adults;7.35;;29613.7;
41;Woerther 2013;CommunityESBL;Ecol;6.7;percent;2007;year;Spain;Europe;105;adults;10.25;;29613.7;
23;Kuenzli et al ;Acquisition rate of returning traveller ;prevalence ESBL carriage from returning swiss traveller ;34.7;percent;2013;year;Sri Lanka;Asia south;14;traveller ;3.74;MDR;3853.1;OR: 0.05/avg stay 18.4 days
25;Ruppe et al 2015;Acquisition rate of returning traveller ;prevalence of french travellers acquired ESBL;100;percent;2015;year;Sri Lanka;Asia south;3;traveller ;1.73;MDR (ESBL AmpC CPR);3853.1;
28;Peirano et al 2017;Acquisition rate of returning traveller ;prevalence of canadian travellers acquired ESBL;0;percent;2012-2014;year;Sri Lanka;Asia south;8;traveller ;2.83;Travel carriage ESBL;3853.1;
29;Arcilla et al 2017;Acquisition rate of returning traveller ;prevalence of dutch travellers acquired ESBL;51.16;percent;2001;year;Sri Lanka;Asia south;43;traveller ;6.56;Travel carriage ESBL;3853.1;Incidenec/100pdt 3.66
25;Ruppe et al 2015;Persistance rate of returning traveller ;Persistent carriage of same ESBL group ;100;percent;2015;year;Subsaharan Africa;Africa;292;traveller ;17.09;MDR (ESBL AmpC CPR);;0
25;Ruppe et al 2015;Persistance rate of returning traveller ;Persistent carriage of same ESBL group ;12.5;percent;2015;year;Subsaharan Africa;Africa;245;traveller ;15.65;MDR (ESBL AmpC CPR);;1 month post travel
25;Ruppe et al 2015;Persistance rate of returning traveller ;Persistent carriage of same ESBL group ;6.9;percent;2015;year;Subsaharan Africa;Africa;236;traveller ;15.36;MDR (ESBL AmpC CPR);;2 months post travel
25;Ruppe et al 2015;Persistance rate of returning traveller ;Persistent carriage of same ESBL group ;4.2;percent;2015;year;Subsaharan Africa;Africa;233;traveller ;15.26;MDR (ESBL AmpC CPR);;3 months post travel
25;Ruppe et al 2015;Persistance rate of returning traveller ;Persistent carriage of same ESBL group ;0;percent;2015;year;Subsaharan Africa;Africa;230;traveller ;15.17;MDR (ESBL AmpC CPR);;6 months post travel
25;Ruppe et al 2015;Persistance rate of returning traveller ;Persistent carriage of same ESBL group ;0;percent;2015;year;Subsaharan Africa;Africa;227;traveller ;15.07;MDR (ESBL AmpC CPR);;12 months post travel
29;Arcilla et al 2017;Acquisition rate of returning traveller ;prevalence of dutch travellers acquired ESBL;3.57;percent;2001;year;Suriname;Americas;56;traveller ;7.48;Travel carriage ESBL;6854.9;Incidenec/100pdt 0.14
41;Woerther 2013;CommunityESBL;Ecol;2.1;percent;2008;year;Sweden;Europe;96;adults;9.8;;51610.1;
41;Woerther 2013;CommunityESBL;Ecol;3;percent;2010;year;Sweden;Europe;100;adults;10;;51610.1;
1;Stewardson et al 2014;CommunityESBL;ESBL percentage in Food handler in hospital;6.5;percent;2012;year;Switzerland;Europe;91;person;9.54;MDR;81993.7;Geneva university hospital
1;Stewardson et al 2014;PoultryESBL;ESBL percentage in chicken meat in hospital;92;percent;2012;year;Switzerland;Europe;132;person;11.49;MDR;81993.7;Geneva university hospital
41;Woerther 2013;CommunityESBL;Ecol;5.8;percent;2010;year;Switzerland;Europe;586;adults;24.21;;81993.7;
25;Ruppe et al 2015;Acquisition rate of returning traveller ;prevalence of french travellers acquired ESBL;63.6;percent;2015;year;Tanzania;Africa;11;traveller ;3.32;MDR (ESBL AmpC CPR);1122.1;
29;Arcilla et al 2017;Acquisition rate of returning traveller ;prevalence of dutch travellers acquired ESBL;24.56;percent;2001;year;Tanzania;Africa;57;traveller ;7.55;Travel carriage ESBL;1122.1;Incidenec/100pdt 1.73
2;Nakayama et al 2015 ;CommunityESBL;ESBL carriage ;69.3;percent;2012;year;Thailand;Asia southeast;417;person;20.42;MDR;7808.2;Kanchanaburi
3;Ulzii-Orshikh 2011;CommunityESBL;ESBL carriage in Asymptomatic residents;32;percent;2009;year;Thailand;Asia southeast;147;person;12.12;MDR;7808.2;Nan
3;Ulzii-Orshikh 2011;CommunityESBL;ESBL carriage in Asymptomatic residents;32.6;percent;2010;year;Thailand;Asia southeast;144;person;12;MDR;7808.2;Nakhon Si Thammarat
3;Ulzii-Orshikh 2011;CommunityESBL;ESBL carriage in Asymptomatic residents;53.9;percent;2011;year;Thailand;Asia southeast;154;person;12.41;MDR;7808.2;Kanchanaburi
5;Niumsup et al 2017;CommunityESBL;CtxRE isolated from stool sample;27.9;percent;2013;year;Thailand;Asia southeast;307;person;17.52;MDR;7808.2;Phisanoulok
5;Niumsup et al 2017;CommunityESBL;E coli isolates;66.3;percent;2013;year;Thailand;Asia southeast;307;person;17.52;MDR;7808.2;Phisanoulok
5;Niumsup et al 2017;CommunityESBL;enterobacter cloacae;14.8;percent;2013;year;Thailand;Asia southeast;307;person;17.52;MDR;7808.2;Phisanoulok
5;Niumsup et al 2017;CommunityESBL;K pneumonia;1.4;percent;2013;year;Thailand;Asia southeast;307;person;17.52;MDR;7808.2;Phisanoulok
18;Tansawai et al 2017;PoultryESBL;number of cefotaxime positiveEcli in chicken;54.8;percent;2011;year;Thailand;Asia southeast;126;isolates;11.22;cefotaxime ;7808.2;Phitsanulok
18;Tansawai et al 2017;PoultryESBL;number of cefotaxime positiveEcli in birds;50;percent;2011;year;Thailand;Asia southeast;18;isolates;4.24;cefotaxime;7808.2;Phitsanulok
18;Tansawai et al 2017;PoultryESBL;number of cefotaxime positiveEcli in chicken;36.5;percent;2011;year;Thailand;Asia southeast;126;isolates;11.22;ESBL;7808.2;Phitsanulok
18;Tansawai et al 2017;PoultryESBL;number of cefotaxime positiveEcli in birds;50;percent;2011;year;Thailand;Asia southeast;18;isolates;4.24;ESBL;7808.2;Phitsanulok
18;Tansawai et al 2017;PoultryESBL;number of cefotaxime positiveEcli in chicken;66.3;percent;2011;year;Thailand;Asia southeast;92;isolates;9.59;cefotaxime ;7808.2;Phitsanulok
18;Tansawai et al 2017;PoultryESBL;number of cefotaxime positiveEcli in duck;36.4;percent;2011;year;Thailand;Asia southeast;11;isolates;3.32;cefotaxime;7808.2;Phitsanulok
18;Tansawai et al 2017;PoultryESBL;number of cefotaxime positiveEcli in chicken;44.6;percent;2011;year;Thailand;Asia southeast;92;isolates;9.59;ESBL ;7808.2;Phitsanulok
18;Tansawai et al 2017;PoultryESBL;number of cefotaxime positiveEcli in duck;36.4;percent;2011;year;Thailand;Asia southeast;11;isolates;3.32;ESBL ;7808.2;Phitsanulok
41;Woerther 2013;CommunityESBL;Healthy adults;61.7;percent;2008;year;Thailand;Asia southeast;160;human;12.65;;7808.2;
41;Woerther 2013;CommunityESBL;Healthy adults;40;percent;2009;year;Thailand;Asia southeast;445;human;21.1;;7808.2;
41;Woerther 2013;CommunityESBL;Healthy adults;69.3;percent;2010;year;Thailand;Asia southeast;417;human;20.42;;7808.2;
25;Ruppe et al 2015;Acquisition rate of returning traveller ;prevalence of french travellers acquired ESBL;70.3;percent;2015;year;Thailand ;Asia southeast;37;traveller ;6.08;MDR (ESBL AmpC CPR);7808.2;
29;Arcilla et al 2017;Acquisition rate of returning traveller ;prevalence of dutch travellers acquired ESBL;51.69;percent;2001;year;Thailand ;Asia southeast;89;traveller ;9.43;Travel carriage ESBL;7808.2;Incidenec/100pdt 3.78
30;Miranda et al 2016;Acquisition rate of returning traveller ;prevalence of ESBL in Germany traveller with gastrointestical symptom;31.5;percent;2013;year;Thailand ;Asia southeast;16;traveller ;4;Travel carriage ESBL;7808.2;
25;Ruppe et al 2015;Acquisition rate of returning traveller ;prevalence of french travellers acquired ESBL;75;percent;2015;year;Togo ;Africa;12;traveller ;3.46;MDR (ESBL AmpC CPR);675.5;
41;Woerther 2013;CommunityESBL;Healthy adults;7.3;percent;2009-2010;year;Tunisia;Eastern Mediterranean;150;human;12.25;;3317.5;
29;Arcilla et al 2017;Acquisition rate of returning traveller ;prevalence of dutch travellers acquired ESBL;43.75;percent;2001;year;Turkey;Asia west;16;traveller ;4;Travel carriage ESBL;9042.5;Incidenec/100pdt 6.03
29;Arcilla et al 2017;Acquisition rate of returning traveller ;prevalence of dutch travellers acquired ESBL;44.44;percent;2001;year;Uganda;Africa;27;traveller ;5.2;Travel carriage ESBL;776.8;Incidenec/100pdt 2.65
41;Woerther 2013;CommunityESBL;Ecol;1.6;percent;2003;year;United Kingdom;Europe;565;adults;23.77;;42300.3;
31;Angelin et al 2015;Acquisition rate of returning traveller ;prevalence of ESBL in Germany traveller with gastrointestical symptom;0;percent;2010-2014;year;United Kingdom;Europe;1;traveller ;1;Travel carriage ESBL;42300.3;
7;Mcnulty et al 2018;CommunityESBL;ESBL prevalence_CTX-M;8.6;percent;2014;year;United Kingdom;Europe;2074;person;45.54;MDR;42300.3;
8;Wu et al 2013;CommunityESBL;ESBL gene prevalence in adult;74;percent;2005-2009';year;United Kingdom;Europe;152;isolates;12.33;CTX-M-1;42300.3;
8;Wu et al 2013;CommunityESBL;ESBL gene prevalence in adult;6;percent;2005-2009';year;United Kingdom;Europe;152;isolates;12.33;CTX-M-9;42300.3;
8;Wu et al 2013;CommunityESBL;ESBL gene prevalence in adult;16;percent;2005-2009';year;United Kingdom;Europe;152;isolates;12.33;SHV;42300.3;
8;Wu et al 2013;CommunityESBL;ESBL gene prevalence in adult;0;percent;2005-2009';year;United Kingdom;Europe;152;isolates;12.33;CMY-611;42300.3;
8;Wu et al 2013;CommunityESBL;ESBL gene prevalence in adult;5;percent;2005-2009';year;United Kingdom;Europe;152;isolates;12.33;CMY-11;42300.3;
8;Wu et al 2013;CommunityESBL;ESBL gene prevalence in adult;10;percent;2005-2009';year;United Kingdom;Europe;152;isolates;12.33;MOX;42300.3;
8;Wu et al 2013;PoultryESBL;ESBL gene prevalence in Chicken host;100;percent;2005-2009';year;United Kingdom;Europe;10;isolates;3.16;CTX-M-1;42300.3;
8;Wu et al 2013;PoultryESBL;ESBL gene prevalence in Chicken host;0;percent;2005-2009';year;United Kingdom;Europe;10;isolates;3.16;CTX-M-9;42300.3;
8;Wu et al 2013;PoultryESBL;ESBL gene prevalence in Chicken host;0;percent;2005-2009';year;United Kingdom;Europe;10;isolates;3.16;SHV;42300.3;
8;Wu et al 2013;PoultryESBL;ESBL gene prevalence in Chicken host;0;percent;2005-2009';year;United Kingdom;Europe;10;isolates;3.16;CMY-611;42300.3;
8;Wu et al 2013;PoultryESBL;ESBL gene prevalence in Chicken host;0;percent;2005-2009';year;United Kingdom;Europe;10;isolates;3.16;CMY-11;42300.3;
8;Wu et al 2013;PoultryESBL;ESBL gene prevalence in Chicken host;0;percent;2005-2009';year;United Kingdom;Europe;10;isolates;3.16;MOX;42300.3;
31;Angelin et al 2015;Acquisition rate of returning traveller ;prevalence of ESBL in Germany traveller with gastrointestical symptom;0;percent;2010-2014;year;Uruguay;Americas;1;traveller ;1;Travel carriage ESBL;16190.1;
31;Angelin et al 2015;Acquisition rate of returning traveller ;prevalence of ESBL in Germany traveller with gastrointestical symptom;0;percent;2010-2014;year;Uzbekistan;Asia central;2;traveller ;1.41;Travel carriage ESBL;1724.8;
25;Ruppe et al 2015;Acquisition rate of returning traveller ;prevalence of french travellers acquired ESBL;25;percent;2015;year;Venezuela;Americas;4;traveller ;2;MDR (ESBL AmpC CPR);16054.5;GDP2014
31;Angelin et al 2015;Acquisition rate of returning traveller ;prevalence of ESBL in Germany traveller with gastrointestical symptom;86;percent;2010-2014;year;Vietnam;Asia southeast;7;traveller ;2.65;Travel carriage ESBL;2715.3;
2;Nakayama et al 2015 ;CommunityESBL;ESBL carriage ;51;percent;2013;year;Vietnam;Asia southeast;198;person;14.07;MDR;2715.3;Bavi&Hanoi
19;Nguyen T et al 2015;PoultryESBL;prevalence resistance;86;percent;2015;year;Vietnam;Asia southeast;895;isolates;29.92;ampicillin;2715.3;Mekong Delta
19;Nguyen T et al 2016;PoultryESBL;prevalence resistance;47.9;percent;2015;year;Vietnam;Asia southeast;895;isolates;29.92;Amoxicillin-clavulanic acid;2715.3;Mekong Delta
19;Nguyen T et al 2017;PoultryESBL;prevalence resistance;2;percent;2015;year;Vietnam;Asia southeast;895;isolates;29.92;ceftazidime;2715.3;Mekong Delta
19;Nguyen T et al 2018;PoultryESBL;prevalence resistance;2.5;percent;2015;year;Vietnam;Asia southeast;895;isolates;29.92;ceftriaxone;2715.3;Mekong Delta
19;Nguyen T et al 2019;PoultryESBL;prevalence resistance;3.2;percent;2015;year;Vietnam;Asia southeast;895;isolates;29.92;Third gen cephalosporin;2715.3;Mekong Delta
19;Nguyen T et al 2020;PoultryESBL;prevalence resistance;0.2;percent;2015;year;Vietnam;Asia southeast;895;isolates;29.92;ESBL ;2715.3;Mekong Delta
42;Thi Mai Huong Bui 2015;CommunityESBL;Healthy adults in Bavoi ditrict total isolates 199 healthy adults 597 from three sampling moments;46.7;percent;2013;year;Vietnam;Asia southeast;199;adults;14.11;;2715.3;
42;Thi Mai Huong Bui 2015;CommunityESBL;Healthy adults in Bavoi ditrict total isolates 597 from three sampling moments;52.8;percent;2013;year;Vietnam;Asia southeast;199;adults;14.11;;2715.3;
42;Thi Mai Huong Bui 2015;CommunityESBL;Healthy adults in Bavoi ditrict total isolates 597 from three sampling moments;46.2;percent;2014;year;Vietnam;Asia southeast;199;adults;14.11;;2715.3;
25;Ruppe et al 2015;Acquisition rate of returning traveller ;prevalence of french travellers acquired ESBL;92.9;percent;2015;year;Vietnam ;Asia southeast;14;traveller ;3.74;MDR (ESBL AmpC CPR);2715.3;
29;Arcilla et al 2017;Acquisition rate of returning traveller ;prevalence of dutch travellers acquired ESBL;72.22;percent;2001;year;Vietnam ;Asia southeast;36;traveller ;6;Travel carriage ESBL;2715.3;Incidenec/100pdt 6.10
27;Lubbert et al 2015;Acquisition rate of returning traveller ;prevalence of geman travellers acquired ESBL;38.53796;percent;2013;year;West and Central Africa;Africa;13;traveller ;3.61;Travel carriage ESBL;;
