Unq_ID,DataOrigin,TraitName,TraitDef,TraitValue,TraitUnit,Time,TimeUnit,Location,Continent,Samplesize,SamplesizeUnit,SamplesizeSqrt,Antibiotics ,Note,;
1,Stewardson et al 2014,CommunityESBL,ESBL percentage in Food handler in hospital,6.5,percent,2012,year,Switzerland,Europe,91,person,9.54,MDR,Geneva university hospital,;
1,Stewardson et al 2014,PoultryESBL,ESBL percentage in chicken meat in hospital,92,percent,2012,year,Switzerland,Europe,132,person,11.49,MDR,Geneva university hospital,;
2,Nakayama et al 2015 ,CommunityESBL,ESBL carriage ,71.9,percent,2012,year,Laos,Southeast Asia,57,person,7.55,MDR,Sawanalet,;
2,Nakayama et al 2015 ,CommunityESBL,ESBL carriage ,51,percent,2013,year,Vietnam,Southeast Asia,198,person,14.07,MDR,Bavi&Hanoi,;
2,Nakayama et al 2015 ,CommunityESBL,ESBL carriage ,69.3,percent,2012,year,Thailand,Southeast Asia,417,person,20.42,MDR,Kanchanaburi,;
3,Ulzii-Orshikh 2011,CommunityESBL,ESBL carriage in Asymptomatic residents,32,percent,2009,year,Thailand,Southeast Asia,147,person,12.12,MDR,Nan,;
3,Ulzii-Orshikh 2011,CommunityESBL,ESBL carriage in Asymptomatic residents,32.6,percent,2010,year,Thailand,Southeast Asia,144,person,12.00,MDR,Nakhon Si Thammarat,;
3,Ulzii-Orshikh 2011,CommunityESBL,ESBL carriage in Asymptomatic residents,53.9,percent,2011,year,Thailand,Southeast Asia,154,person,12.41,MDR,Kanchanaburi,;
4, Luo et al 2011,CommunityESBL,ESBL percentage in Food handler in hospital,50,percent,2009,year,China,Eastern Asia,92,person,9.59,MDR,Beijing,;
4, Luo et al 2011,CommunityESBL,ESBL percentage in Food handler in hospital,67.4,percent,2009,year,China,Eastern Asia,92,person,9.59,Tetracycline,Beijing,;
4, Luo et al 2011,CommunityESBL,ESBL percentage in Food handler in hospital,65.2,percent,2009,year,China,Eastern Asia,92,person,9.59,Nalidixic acid ,Beijing,;
4, Luo et al 2011,CommunityESBL,ESBL percentage in Food handler in hospital,47.8,percent,2009,year,China,Eastern Asia,92,person,9.59,Ampicillin,Beijing,;
4, Luo et al 2011,CommunityESBL,ESBL percentage in Food handler in hospital,7.6,percent,2009,year,China,Eastern Asia,92,person,9.59,Cefepime ,Beijing,;
4, Luo et al 2011,CommunityESBL,ESBL percentage in Food handler in hospital,7.6,percent,2009,year,China,Eastern Asia,92,person,9.59,Ceftazidime,Beijing,;
4, Luo et al 2011,CommunityESBL,ESBL percentage in Food handler in hospital,14.1,percent,2009,year,China,Eastern Asia,92,person,9.59,Ciprofloxacin,Beijing,;
4, Luo et al 2011,CommunityESBL,ESBL percentage in Food handler in hospital,8.7,percent,2009,year,China,Eastern Asia,92,person,9.59,Chloramphenicol ,Beijing,;
4, Luo et al 2011,CommunityESBL,ESBL percentage in Food handler in hospital,20.7,percent,2009,year,China,Eastern Asia,92,person,9.59,Gentamicin,Beijing,;
4, Luo et al 2011,CommunityESBL,ESBL percentage in Food handler in hospital,67.4,percent,2009,year,China,Eastern Asia,92,person,9.59,Trimethoprim_sulfamethoxazole ,Beijing,;
5,Niumsup et al 2017,CommunityESBL,CtxRE isolated from stool sample,27.9,percent,2013,year,Thailand,Southeast Asia,307,person,17.52,MDR,Phisanoulok,;
5,Niumsup et al 2017,CommunityESBL,E coli isolates,66.3,percent,2013,year,Thailand,Southeast Asia,307,person,17.52,MDR,Phisanoulok,;
5,Niumsup et al 2017,CommunityESBL,enterobacter cloacae,14.8,percent,2013,year,Thailand,Southeast Asia,307,person,17.52,MDR,Phisanoulok,;
5,Niumsup et al 2017,CommunityESBL,K pneumonia,1.4,percent,2013,year,Thailand,Southeast Asia,307,person,17.52,MDR,Phisanoulok,;
6,Marguilieux et al 2018,CommunityESBL,ESL prevalence from acute diarrhea in Nepa;,0,,2007,year,Nepal,Southern Asia,34,person,5.83,MDR,travel clinics In Nepal,
6,Marguilieux et al 2018,CommunityESBL,ESL prevalence from acute diarrhea in Nepa;,1.5,,2008,year,Nepal,Southern Asia,62,person,7.87,MDR,travel clinics In Nepal,
6,Marguilieux et al 2018,CommunityESBL,ESL prevalence from acute diarrhea in Nepa;,0,,2009,year,Nepal,Southern Asia,8,person,2.83,MDR,travel clinics In Nepal,
6,Marguilieux et al 2018,CommunityESBL,ESL prevalence from acute diarrhea in Nepa;,0,,2012,year,Nepal,Southern Asia,1,person,1.00,MDR,travel clinics In Nepal,
6,Marguilieux et al 2018,CommunityESBL,ESL prevalence from acute diarrhea in Nepa;,35.6,,2013,year,Nepal,Southern Asia,21,person,4.58,MDR,travel clinics In Nepal,
6,Marguilieux et al 2018,CommunityESBL,ESL prevalence from acute diarrhea in Nepa;,31.2,,2014,year,Nepal,Southern Asia,32,person,5.66,MDR,travel clinics In Nepal,
6,Marguilieux et al 2018,CommunityESBL,ESL prevalence from acute diarrhea in Nepa;,35,,2016,year,Nepal,Southern Asia,60,person,7.75,MDR,travel clinics In Nepal,
"7,Mcnulty et al 2018,CommunityESBL,adjusted CTX-M ESBL estimate prevalence in UK,8.6,percent,2014,year,United Kingdom,Europe,2074,person,45.54,MDR,""[5.5,8.0]CI"",";
8,Wu et al 2013,CommunityESBL,ESBL gene prevalence in adult,74,percent,2005-2009',year,United Kingdom,Europe,152,isolates,12.33,CTX-M-1,,;
8,Wu et al 2013,CommunityESBL,ESBL gene prevalence in adult,93,percent,2005-2009',year,Germany,Europe,14,isolates,3.74,CTX-M-1,,;
8,Wu et al 2013,CommunityESBL,ESBL gene prevalence in adult,73,percent,2005-2009',year,Netherlands,Europe,108,isolates,10.39,CTX-M-1,,;
8,Wu et al 2013,CommunityESBL,ESBL gene prevalence in adult,6,percent,2005-2009',year,United Kingdom,Europe,152,isolates,12.33,CTX-M-9,,;
8,Wu et al 2013,CommunityESBL,ESBL gene prevalence in adult,7,percent,2005-2009',year,Germany,Europe,14,isolates,3.74,CTX-M-9,,;
8,Wu et al 2013,CommunityESBL,ESBL gene prevalence in adult,12,percent,2005-2009',year,Netherlands,Europe,108,isolates,10.39,CTX-M-9,,;
8,Wu et al 2013,CommunityESBL,ESBL gene prevalence in adult,16,percent,2005-2009',year,United Kingdom,Europe,152,isolates,12.33,SHV,,;
8,Wu et al 2013,CommunityESBL,ESBL gene prevalence in adult,0,percent,2005-2009',year,Germany,Europe,14,isolates,3.74,SHV,,;
8,Wu et al 2013,CommunityESBL,ESBL gene prevalence in adult,6,percent,2005-2009',year,Netherlands,Europe,108,isolates,10.39,SHV,,;
8,Wu et al 2013,CommunityESBL,ESBL gene prevalence in adult,0,percent,2005-2009',year,United Kingdom,Europe,152,isolates,12.33,CMY-611,,;
8,Wu et al 2013,CommunityESBL,ESBL gene prevalence in adult,7,percent,2005-2009',year,Germany,Europe,14,isolates,3.74,CMY-611,,;
8,Wu et al 2013,CommunityESBL,ESBL gene prevalence in adult,1,percent,2005-2009',year,Netherlands,Europe,108,isolates,10.39,CMY-611,,;
8,Wu et al 2013,CommunityESBL,ESBL gene prevalence in adult,5,percent,2005-2009',year,United Kingdom,Europe,152,isolates,12.33,CMY-11,,;
8,Wu et al 2013,CommunityESBL,ESBL gene prevalence in adult,7,percent,2005-2009',year,Germany,Europe,14,isolates,3.74,CMY-11,,;
8,Wu et al 2013,CommunityESBL,ESBL gene prevalence in adult,0,percent,2005-2009',year,Netherlands,Europe,108,isolates,10.39,CMY-11,,;
8,Wu et al 2013,CommunityESBL,ESBL gene prevalence in adult,10,percent,2005-2009',year,United Kingdom,Europe,152,isolates,12.33,MOX,,;
8,Wu et al 2013,CommunityESBL,ESBL gene prevalence in adult,7,percent,2005-2009',year,Germany,Europe,14,isolates,3.74,MOX,,;
8,Wu et al 2013,CommunityESBL,ESBL gene prevalence in adult,2,percent,2005-2009',year,Netherlands,Europe,108,isolates,10.39,MOX,,;
8,Wu et al 2013,PoultryESBL,ESBL gene prevalence in Chicken host,100,percent,2005-2009',year,United Kingdom,Europe,10,isolates,3.16,CTX-M-1,,;
8,Wu et al 2013,PoultryESBL,ESBL gene prevalence in Chicken host,18,percent,2005-2009',year,Germany,Europe,11,isolates,3.32,CTX-M-1,,;
8,Wu et al 2013,PoultryESBL,ESBL gene prevalence in Chicken host,54,percent,2005-2009',year,Netherlands,Europe,136,isolates,11.66,CTX-M-1,,;
8,Wu et al 2013,PoultryESBL,ESBL gene prevalence in Chicken host,0,percent,2005-2009',year,United Kingdom,Europe,10,isolates,3.16,CTX-M-9,,;
8,Wu et al 2013,PoultryESBL,ESBL gene prevalence in Chicken host,0,percent,2005-2009',year,Germany,Europe,11,isolates,3.32,CTX-M-9,,;
8,Wu et al 2013,PoultryESBL,ESBL gene prevalence in Chicken host,1,percent,2005-2009',year,Netherlands,Europe,136,isolates,11.66,CTX-M-9,,;
8,Wu et al 2013,PoultryESBL,ESBL gene prevalence in Chicken host,0,percent,2005-2009',year,United Kingdom,Europe,10,isolates,3.16,SHV,,;
8,Wu et al 2013,PoultryESBL,ESBL gene prevalence in Chicken host,0,percent,2005-2009',year,Germany,Europe,11,isolates,3.32,SHV,,;
8,Wu et al 2013,PoultryESBL,ESBL gene prevalence in Chicken host,6,percent,2005-2009',year,Netherlands,Europe,136,isolates,11.66,SHV,,;
8,Wu et al 2013,PoultryESBL,ESBL gene prevalence in Chicken host,0,percent,2005-2009',year,United Kingdom,Europe,10,isolates,3.16,CMY-611,,;
8,Wu et al 2013,PoultryESBL,ESBL gene prevalence in Chicken host,72,percent,2005-2009',year,Germany,Europe,11,isolates,3.32,CMY-611,,;
8,Wu et al 2013,PoultryESBL,ESBL gene prevalence in Chicken host,20,percent,2005-2009',year,Netherlands,Europe,136,isolates,11.66,CMY-611,,;
8,Wu et al 2013,PoultryESBL,ESBL gene prevalence in Chicken host,0,percent,2005-2009',year,United Kingdom,Europe,10,isolates,3.16,CMY-11,,;
8,Wu et al 2013,PoultryESBL,ESBL gene prevalence in Chicken host,73,percent,2005-2009',year,Germany,Europe,11,isolates,3.32,CMY-11,,;
8,Wu et al 2013,PoultryESBL,ESBL gene prevalence in Chicken host,19,percent,2005-2009',year,Netherlands,Europe,136,isolates,11.66,CMY-11,,;
8,Wu et al 2013,PoultryESBL,ESBL gene prevalence in Chicken host,0,percent,2005-2009',year,United Kingdom,Europe,10,isolates,3.16,MOX,,;
8,Wu et al 2013,PoultryESBL,ESBL gene prevalence in Chicken host,0,percent,2005-2009',year,Germany,Europe,11,isolates,3.32,MOX,,;
8,Wu et al 2013,PoultryESBL,ESBL gene prevalence in Chicken host,4,percent,2005-2009',year,Netherlands,Europe,136,isolates,11.66,MOX,,;
9,Aliyu et al 2016,PoultryESBL,ESBL gene prevalence in Chicken meat,48.8,percent,2012-2013,year,Malaysia,Southeast Asia,240,isolates,15.49,CTX,Salangor,;
10,Carmo et al 2014,PoultryESBL,ESBL gene prevalence in Chicken meat,83.8,percent,2009,year,Denmark,Europe,80,isolates,8.94,MDR,,;
11,Sheng et al 2007,PoultryESBL,prevalence of antimicrobial resistance ,7,percent,2009,year,China,Eastern Asia,70,isolates,8.37,Ceftiofur,Henan,;
11,Sheng et al 2007,PoultryESBL,prevalence of antimicrobial resistance ,83,percent,2009,year,China,Eastern Asia,70,isolates,8.37,ampicillin,Henan,;
11,Sheng et al 2007,PoultryESBL,prevalence of antimicrobial resistance ,100,percent,2009,year,China,Eastern Asia,70,isolates,8.37,Oxytetracycline,Henan,;
11,Sheng et al 2007,PoultryESBL,prevalence of antimicrobial resistance ,83,percent,2009,year,China,Eastern Asia,70,isolates,8.37,enrofloxacin,Henan,;
11,Sheng et al 2007,PoultryESBL,prevalence of antimicrobial resistance ,81,percent,2009,year,China,Eastern Asia,70,isolates,8.37,ciprofloaxin,Henan,;
11,Sheng et al 2007,PoultryESBL,prevalence of antimicrobial resistance ,100,percent,2009,year,China,Eastern Asia,70,isolates,8.37,Oxytetracycline,Henan,;
11,Sheng et al 2007,PoultryESBL,prevalence of antimicrobial resistance ,83,percent,2009,year,China,Eastern Asia,70,isolates,8.37,Enrofloxacin,Henan,;
11,Sheng et al 2007,PoultryESBL,prevalence of antimicrobial resistance ,81,percent,2009,year,China,Eastern Asia,70,isolates,8.37,Ciprofloxacin,Henan,;
12, Ye Q et al 2018,PoultryESBL,ESBL gene prevalence in Chicken meat,23.8,percent,2018,year,China,Eastern Asia,42,isolates,6.48,,Henan,;
13,Wu H et al 2018,PoultryESBL,ESBL gene prevalence in Chicken meat,23.8,percent,2008,year,China,Eastern Asia,105,isolates,10.25,,,;
13,Wu H et al 2018,PoultryESBL,ESBL gene prevalence in Chicken meat,25.7,percent,2009,year,China,Eastern Asia,140,isolates,11.83,,,;
13,Wu H et al 2018,PoultryESBL,ESBL gene prevalence in Chicken meat,41.2,percent,2010,year,China,Eastern Asia,102,isolates,10.10,,,;
13,Wu H et al 2018,PoultryESBL,ESBL gene prevalence in Chicken meat,44.9,percent,2011,year,China,Eastern Asia,127,isolates,11.27,,,;
13,Wu H et al 2018,PoultryESBL,ESBL gene prevalence in Chicken meat,49.6,percent,2012,year,China,Eastern Asia,115,isolates,10.72,,,;
13,Wu H et al 2018,PoultryESBL,ESBL gene prevalence in Chicken meat,50,percent,2013,year,China,Eastern Asia,118,isolates,10.86,,,;
13,Wu H et al 2018,PoultryESBL,ESBL gene prevalence in Chicken meat,57,percent,2014,year,China,Eastern Asia,114,isolates,10.68,,,;
14,Li S et al  2016,PoultryESBL,prevalence ESBL-EC,88.8,percent,2014-2015,year,China,Eastern Asia,169,isolates,13.00,MDR,fecal isolate,;
15,Wu H et al 2016,PoultryESBL,prevalence ESBL-EC,96.7,percent,2013,year,China ,Eastern Asia,90,isolates,9.49,MDR,Wet market,;
16,Kuang X et al 2015,PoultryESBL,Confirmed ESBL producer ,5.47,percent,2010,year,China,Eastern Asia,159,isolates,12.61,MDR,,;
17,Wu H et al 2013,PoultryESBL,prevalence ESBL salmonella,8.58,percent,2011,year,China,Eastern Asia,699,isolates,26.44,MDR,6 provinces supermarkt and wetmarket,;
17,Wu H et al 2013,PoultryESBL,prevalence ESBL salmonella,24.64,percent,2011,year,China,Eastern Asia,69,isolates,8.31,MDR,Shanghai city ,;
17,Wu H et al 2013,PoultryESBL,prevalence ESBL salmonella,15.38,percent,2011,year,China,Eastern Asia,65,isolates,8.06,MDR,Shaanxi,;
17,Wu H et al 2013,PoultryESBL,prevalence ESBL salmonella,11.69,percent,2011,year,China,Eastern Asia,77,isolates,8.77,MDR,Fujian,;
17,Wu H et al 2013,PoultryESBL,prevalence ESBL salmonella,7.69,percent,2011,year,China,Eastern Asia,117,isolates,10.82,MDR,Guangdong,;
17,Wu H et al 2013,PoultryESBL,prevalence ESBL salmonella,7.25,percent,2011,year,China,Eastern Asia,69,isolates,8.31,MDR,Sichuan,;
17,Wu H et al 2013,PoultryESBL,prevalence ESBL salmonella,5.17,percent,2011,year,China,Eastern Asia,116,isolates,10.77,MDR,Beijing,;
17,Wu H et al 2013,PoultryESBL,prevalence ESBL salmonella,4.65,percent,2011,year,China,Eastern Asia,86,isolates,9.27,MDR,Henan ,;
17,Wu H et al 2013,PoultryESBL,prevalence ESBL salmonella,0,percent,2011,year,China,Eastern Asia,100,isolates,10.00,MDR,Guangxi,;
18,Tansawai et al 2017,PoultryESBL,number of cefotaxime positiveEcli in chicken,54.8,percent,2011,year,Thailand,Southeast Asia,126,isolates,11.22,cefotaxime ,Phitsanulok,;
18,Tansawai et al 2017,PoultryESBL,number of cefotaxime positiveEcli in birds,50,percent,2011,year,Thailand,Southeast Asia,18,isolates,4.24,cefotaxime,Phitsanulok,;
18,Tansawai et al 2017,PoultryESBL,number of cefotaxime positiveEcli in chicken,36.5,percent,2011,year,Thailand,Southeast Asia,126,isolates,11.22,ESBL,Phitsanulok,;
18,Tansawai et al 2017,PoultryESBL,number of cefotaxime positiveEcli in birds,50,percent,2011,year,Thailand,Southeast Asia,18,isolates,4.24,ESBL,Phitsanulok,;
18,Tansawai et al 2017,PoultryESBL,number of cefotaxime positiveEcli in chicken,66.3,percent,2011,year,Thailand,Southeast Asia,92,isolates,9.59,cefotaxime ,Phitsanulok,;
18,Tansawai et al 2017,PoultryESBL,number of cefotaxime positiveEcli in duck,36.4,percent,2011,year,Thailand,Southeast Asia,11,isolates,3.32,cefotaxime,Phitsanulok,;
18,Tansawai et al 2017,PoultryESBL,number of cefotaxime positiveEcli in chicken,44.6,percent,2011,year,Thailand,Southeast Asia,92,isolates,9.59,ESBL ,Phitsanulok,;
18,Tansawai et al 2017,PoultryESBL,number of cefotaxime positiveEcli in duck,36.4,percent,2011,year,Thailand,Southeast Asia,11,isolates,3.32,ESBL ,Phitsanulok,;
19,Nguyen T et al 2015,PoultryESBL,prevalence resistance,86,percent,2015,year,Vietnam,Southeast Asia,895,isolates,29.92,ampicillin,Mekong Delta,;
19,Nguyen T et al 2016,PoultryESBL,prevalence resistance,47.9,percent,2015,year,Vietnam,Southeast Asia,895,isolates,29.92,Amoxicillin-clavulanic acid,Mekong Delta,;
19,Nguyen T et al 2017,PoultryESBL,prevalence resistance,2,percent,2015,year,Vietnam,Southeast Asia,895,isolates,29.92,ceftazidime,Mekong Delta,;
19,Nguyen T et al 2018,PoultryESBL,prevalence resistance,2.5,percent,2015,year,Vietnam,Southeast Asia,895,isolates,29.92,ceftriaxone,Mekong Delta,;
19,Nguyen T et al 2019,PoultryESBL,prevalence resistance,3.2,percent,2015,year,Vietnam,Southeast Asia,895,isolates,29.92,Third gen cephalosporin,Mekong Delta,;
19,Nguyen T et al 2020,PoultryESBL,prevalence resistance,0.2,percent,2015,year,Vietnam,Southeast Asia,895,isolates,29.92,ESBL ,Mekong Delta,;
20,Hussein et al 2017,PoultryESBL,ESBL prevalence in meat and ceca isolate,37.5,percent,2015,year,India,Southern Asia,168,isolates,12.96,ESBL ,total meat and ceca isolates,;
20,Hussein et al 2017,PoultryESBL,ESBL prevalence in meat and ceca isolate,79,percent,2015,year,India,Southern Asia,63,isolates,7.94,CTX,total meat and ceca isolates,;
20,Hussein et al 2017,PoultryESBL,ESBL prevalence in meat and ceca isolate,63,percent,2015,year,India,Southern Asia,63,isolates,7.94,TEX,total meat and ceca isolates,;
20,Hussein et al 2017,PoultryESBL,ESBL prevalence in meat and ceca isolate,32,percent,2015,year,India,Southern Asia,63,isolates,7.94,SHV,total meat and ceca isolates,;
20,Hussein et al 2017,PoultryESBL,ESBL prevalence in raw broiler meat,46.2,percent,2015,year,India,Southern Asia,54,isolates,7.35,ESBL ,broiler meat,;
20,Hussein et al 2017,PoultryESBL,ESBL prevalence in raw broiler meat,84,percent,2015,year,India,Southern Asia,25,isolates,5.00,CTX,broiler meat,;
20,Hussein et al 2017,PoultryESBL,ESBL prevalence in raw broiler meat,68,percent,2015,year,India,Southern Asia,25,isolates,5.00,TEX,broiler meat,;
20,Hussein et al 2017,PoultryESBL,ESBL prevalence in raw broiler meat,32,percent,2015,year,India,Southern Asia,25,isolates,5.00,SHV,broiler meat,;
20,Hussein et al 2017,PoultryESBL,ESBL prevalence in raw freerange meat,15.3,percent,2015,year,India,Southern Asia,13,isolates,3.61,ESBL ,freerange meat,;
20,Hussein et al 2017,PoultryESBL,ESBL prevalence in raw freerange meat,100,percent,2015,year,India,Southern Asia,2,isolates,1.41,CTX,freerange meat,;
20,Hussein et al 2017,PoultryESBL,ESBL prevalence in raw freerange meat,100,percent,2015,year,India,Southern Asia,2,isolates,1.41,TEX,freerange meat,;
20,Hussein et al 2017,PoultryESBL,ESBL prevalence in raw freerange meat,100,percent,2015,year,India,Southern Asia,2,isolates,1.41,SHV,freerange meat,;
20,Hussein et al 2017,PoultryESBL,ESBL prevalence in broiler ceca,40,percent,2015,year,India,Southern Asia,55,isolates,7.42,ESBL ,broiler ceca,;
20,Hussein et al 2017,PoultryESBL,ESBL prevalence in broiler ceca,77,percent,2015,year,India,Southern Asia,22,isolates,4.69,CTX,broiler ceca,;
20,Hussein et al 2017,PoultryESBL,ESBL prevalence in broiler ceca,50,percent,2015,year,India,Southern Asia,22,isolates,4.69,TEX,broiler ceca,;
20,Hussein et al 2017,PoultryESBL,ESBL prevalence in broiler ceca,27,percent,2015,year,India,Southern Asia,22,isolates,4.69,SHV,broiler ceca,;
20,Hussein et al 2017,PoultryESBL,ESBL prevalence in free range ceca,30.4,percent,2015,year,India,Southern Asia,46,isolates,6.78,ESBL ,freerange ceca,;
20,Hussein et al 2017,PoultryESBL,ESBL prevalence in free range ceca,71,percent,2015,year,India,Southern Asia,14,isolates,3.74,CTX,freerange ceca,;
20,Hussein et al 2017,PoultryESBL,ESBL prevalence in free range ceca,71,percent,2015,year,India,Southern Asia,14,isolates,3.74,TEX,freerange ceca,;
20,Hussein et al 2017,PoultryESBL,ESBL prevalence in free range ceca,36,percent,2015,year,India,Southern Asia,14,isolates,3.74,SHV,freerange ceca,;
"21,Bhoomika et al 2016,PoultryESBL,ESBL gene prevalence in Chicken meat,66.32,percent,2014,year,India,Southern Asia,98,isolates,9.90,MDR,""Jagdalpur, Dantewada, Kanker, and Kondagaon districts of Chhattisgarh, India"",";
22,Brower et al 2017,PoultryESBL,ESBL prevalence in chicken farm,87.4,percent,2014,year,India,Southern Asia,270,isolates,16.43,MDR,Broiler ,;
22,Brower et al 2017,PoultryESBL,ESBL prevalence in chicken farm,42.1,percent,2014,year,India,Southern Asia,240,isolates,15.49,MDR,Layer,;
22,Brower et al 2017,PoultryESBL,ESBL prevalence in chicken farm,66.1,percent,2014,year,India,Southern Asia,510,isolates,22.58,MDR,Broiler and layer,;
23,Kuenzli et al ,Acquisition rate of returning traveller ,prevalence ESBL carriage from returning swiss traveller ,86.8,percent,2013,year,India,Southern Asia,68,traveller ,8.25,MDR,OR: 1/avg stay 18.4 days,;
23,Kuenzli et al ,Acquisition rate of returning traveller ,prevalence ESBL carriage from returning swiss traveller ,78.6,percent,2013,year,Bhutan,Southern Asia,49,traveller ,7.00,MDR,OR: 0.66/avg stay 18.4 days,;
23,Kuenzli et al ,Acquisition rate of returning traveller ,prevalence ESBL carriage from returning swiss traveller ,79.5,percent,2013,year,Nepal,Southern Asia,39,traveller ,6.24,MDR,OR: 0.57/avg stay 18.4 days,;
23,Kuenzli et al ,Acquisition rate of returning traveller ,prevalence ESBL carriage from returning swiss traveller ,34.7,percent,2013,year,Sri Lanka,Southern Asia,14,traveller ,3.74,MDR,OR: 0.05/avg stay 18.4 days,;
24,Paltansing et al 2013,Acquisition rate of returning traveller ,prevalence of Dutch travellers acquired ESBL,31,percent,2013,year,Outside EU,World,370,traveller ,19.24,MDR-E,avg 21 day,;
24,Paltansing et al 2013,Persistance rate of returning traveller ,Persistent carriage of same ESBL group after 6month,17,percent,2013,year,Outside EU,World,113,traveller ,10.63,MDR-E,6 months post travel,;
24,Paltansing et al 2013,Acquisition rate of returning traveller ,prevalence of Dutch travellers acquired ESBL,34,percent,2013,year,Southeast asia,Southeast Asia,110,traveller ,10.49,MDR-E,IR/pdt 1.24 mean travel day 27,;
24,Paltansing et al 2013,Acquisition rate of returning traveller ,prevalence of Dutch travellers acquired ESBL,67,percent,2013,year,East asia,Eastern Asia,33,traveller ,5.74,MDR-E,IR/pdt 0.60 mean travel day 24,;
24,Paltansing et al 2013,Acquisition rate of returning traveller ,prevalence of Dutch travellers acquired ESBL,72,percent,2013,year,South asia,Southern Asia,25,traveller ,5.00,MDR-E,IR/pdt 0.70 mean travel day 24,;
24,Paltansing et al 2013,Acquisition rate of returning traveller ,prevalence of Dutch travellers acquired ESBL,30,percent,2013,year,central asia,Central Asia,3,traveller ,1.73,MDR-E,IR/pdt 1.06 mean travel day 31,;
24,Paltansing et al 2013,Acquisition rate of returning traveller ,prevalence of Dutch travellers acquired ESBL,40,percent,2013,year,North Africa,Americas,10,traveller ,3.16,,IR/pdt 1.76 mean travel day 11.2,;
24,Paltansing et al 2013,Acquisition rate of returning traveller ,prevalence of Dutch travellers acquired ESBL,30,percent,2013,year,Central Aftrica,Americas,56,traveller ,7.48,,IR/pdt 0.25 mean travel day 29,;
24,Paltansing et al 2013,Acquisition rate of returning traveller ,prevalence of Dutch travellers acquired ESBL,12,percent,2013,year,Southern Africa,Americas,26,traveller ,5.10,,IR/pdt 0.27 mean travel day 25,;
24,Paltansing et al 2013,Acquisition rate of returning traveller ,prevalence of Dutch travellers acquired ESBL,13,percent,2013,year,Middle east,Western Asia,15,traveller ,3.87,,IR/pdt 0.64 mean travel day 14.8,;
24,Paltansing et al 2013,Acquisition rate of returning traveller ,prevalence of Dutch travellers acquired ESBL,25,percent,2013,year,Central America and Carribean ,Americas,28,traveller ,5.29,,IR/pdt 0.48 mean travel day 19,;
24,Paltansing et al 2013,Acquisition rate of returning traveller ,prevalence of Dutch travellers acquired ESBL,6,percent,2013,year,South America,Americas,32,traveller ,5.66,,IR/pdt 0.15 mean travel day 29,;
25,Ruppe et al 2015,Persistance rate of returning traveller ,Persistent carriage of same ESBL group after 6month,100,percent,2015,year,Asia,Asia,292,traveller ,17.09,MDR (ESBL AmpC CPR),0,;
25,Ruppe et al 2015,Persistance rate of returning traveller ,Persistent carriage of same ESBL group after 6month,52,percent,2015,year,Asia,Asia,245,traveller ,15.65,MDR (ESBL AmpC CPR),1 month post travel,;
25,Ruppe et al 2015,Persistance rate of returning traveller ,Persistent carriage of same ESBL group after 6month,30.2,percent,2015,year,Asia,Asia,236,traveller ,15.36,MDR (ESBL AmpC CPR),2 months post travel,;
25,Ruppe et al 2015,Persistance rate of returning traveller ,Persistent carriage of same ESBL group after 6month,15.8,percent,2015,year,Asia,Asia,233,traveller ,15.26,MDR (ESBL AmpC CPR),3 months post travel,;
25,Ruppe et al 2015,Persistance rate of returning traveller ,Persistent carriage of same ESBL group after 6month,7.2,percent,2015,year,Asia,Asia,230,traveller ,15.17,MDR (ESBL AmpC CPR),6 months post travel,;
25,Ruppe et al 2015,Persistance rate of returning traveller ,Persistent carriage of same ESBL group after 6month,3.7,percent,2015,year,Asia,Asia,227,traveller ,15.07,MDR (ESBL AmpC CPR),12 months post travel,;
25,Ruppe et al 2015,Acquisition rate of returning traveller ,prevalence of french travellers acquired ESBL,100,percent,2015,year,Bangladesh,Southern Asia,1,traveller ,1.00,MDR (ESBL AmpC CPR),,;
25,Ruppe et al 2015,Acquisition rate of returning traveller ,prevalence of french travellers acquired ESBL,80,percent,2015,year,Cambodia,Southeast Asia,5,traveller ,2.24,MDR (ESBL AmpC CPR),,;
25,Ruppe et al 2015,Acquisition rate of returning traveller ,prevalence of french travellers acquired ESBL,60,percent,2015,year,China,Eastern Asia,5,traveller ,2.24,MDR (ESBL AmpC CPR),,;
25,Ruppe et al 2015,Acquisition rate of returning traveller ,prevalence of french travellers acquired ESBL,90.6,percent,2015,year,India,Southern Asia,53,traveller ,7.28,MDR (ESBL AmpC CPR),,;
25,Ruppe et al 2015,Acquisition rate of returning traveller ,prevalence of french travellers acquired ESBL,35.5,percent,2015,year,Indonesia,Southeast Asia,17,traveller ,4.12,MDR (ESBL AmpC CPR),,;
25,Ruppe et al 2015,Acquisition rate of returning traveller ,prevalence of french travellers acquired ESBL,100,percent,2015,year,Laos,Southeast Asia,2,traveller ,1.41,MDR (ESBL AmpC CPR),,;
25,Ruppe et al 2015,Acquisition rate of returning traveller ,prevalence of french travellers acquired ESBL,16.7,percent,2015,year,Malaysia,Southeast Asia,6,traveller ,2.45,MDR (ESBL AmpC CPR),,;
25,Ruppe et al 2015,Acquisition rate of returning traveller ,prevalence of french travellers acquired ESBL,0,percent,2015,year,Maldives,Southern Asia,2,traveller ,1.41,MDR (ESBL AmpC CPR),,;
25,Ruppe et al 2015,Acquisition rate of returning traveller ,prevalence of french travellers acquired ESBL,85.7,percent,2015,year,Myanmar,Southeast Asia,7,traveller ,2.65,MDR (ESBL AmpC CPR),,;
25,Ruppe et al 2015,Acquisition rate of returning traveller ,prevalence of french travellers acquired ESBL,100,percent,2015,year,Nepal,Southern Asia,1,traveller ,1.00,MDR (ESBL AmpC CPR),,;
25,Ruppe et al 2015,Acquisition rate of returning traveller ,prevalence of french travellers acquired ESBL,0,percent,2015,year,New Guinea,Oceania,1,traveller ,1.00,MDR (ESBL AmpC CPR),,;
25,Ruppe et al 2015,Acquisition rate of returning traveller ,prevalence of french travellers acquired ESBL,100,percent,2015,year,Sri Lanka,Southern Asia,3,traveller ,1.73,MDR (ESBL AmpC CPR),,;
25,Ruppe et al 2015,Acquisition rate of returning traveller ,prevalence of french travellers acquired ESBL,70.3,percent,2015,year,Thailand ,Southeast Asia,37,traveller ,6.08,MDR (ESBL AmpC CPR),,;
25,Ruppe et al 2015,Acquisition rate of returning traveller ,prevalence of french travellers acquired ESBL,92.9,percent,2015,year,Vietnam ,Southeast Asia,14,traveller ,3.74,MDR (ESBL AmpC CPR),,;
25,Ruppe et al 2015,Acquisition rate of returning traveller ,prevalence of french travellers acquired ESBL,14.3,percent,2015,year,Argentina,Americas,7,traveller ,2.65,MDR (ESBL AmpC CPR),,;
25,Ruppe et al 2015,Acquisition rate of returning traveller ,prevalence of french travellers acquired ESBL,33.3,percent,2015,year,Bolivia,Americas,3,traveller ,1.73,MDR (ESBL AmpC CPR),,;
25,Ruppe et al 2015,Acquisition rate of returning traveller ,prevalence of french travellers acquired ESBL,34.1,percent,2015,year,Brazil,Americas,44,traveller ,6.63,MDR (ESBL AmpC CPR),,;
25,Ruppe et al 2015,Acquisition rate of returning traveller ,prevalence of french travellers acquired ESBL,0,percent,2015,year,Colombia,Americas,10,traveller ,3.16,MDR (ESBL AmpC CPR),,;
25,Ruppe et al 2015,Acquisition rate of returning traveller ,prevalence of french travellers acquired ESBL,100,percent,2015,year,Costa Rica,Americas,1,traveller ,1.00,MDR (ESBL AmpC CPR),,;
25,Ruppe et al 2015,Acquisition rate of returning traveller ,prevalence of french travellers acquired ESBL,0,percent,2015,year,Cuba,Americas,2,traveller ,1.41,MDR (ESBL AmpC CPR),,;
25,Ruppe et al 2015,Acquisition rate of returning traveller ,prevalence of french travellers acquired ESBL,57.1,percent,2015,year,Ecuador,Americas,7,traveller ,2.65,MDR (ESBL AmpC CPR),,;
25,Ruppe et al 2015,Acquisition rate of returning traveller ,prevalence of french travellers acquired ESBL,4.8,percent,2015,year,French Guiana,Americas,42,traveller ,6.48,MDR (ESBL AmpC CPR),,;
25,Ruppe et al 2015,Acquisition rate of returning traveller ,prevalence of french travellers acquired ESBL,0,percent,2015,year,Guadeloupe,Americas,1,traveller ,1.00,MDR (ESBL AmpC CPR),,;
25,Ruppe et al 2015,Acquisition rate of returning traveller ,prevalence of french travellers acquired ESBL,0,percent,2015,year,Honduras,Americas,1,traveller ,1.00,MDR (ESBL AmpC CPR),,;
25,Ruppe et al 2015,Acquisition rate of returning traveller ,prevalence of french travellers acquired ESBL,20,percent,2015,year,Mexico,Americas,5,traveller ,2.24,MDR (ESBL AmpC CPR),,;
25,Ruppe et al 2015,Acquisition rate of returning traveller ,prevalence of french travellers acquired ESBL,0,percent,2015,year,Nicaragua,Americas,1,traveller ,1.00,MDR (ESBL AmpC CPR),,;
25,Ruppe et al 2015,Acquisition rate of returning traveller ,prevalence of french travellers acquired ESBL,0,percent,2015,year,Panama,Americas,1,traveller ,1.00,MDR (ESBL AmpC CPR),,;
25,Ruppe et al 2015,Acquisition rate of returning traveller ,prevalence of french travellers acquired ESBL,84.6,percent,2015,year,Peru,Americas,26,traveller ,5.10,MDR (ESBL AmpC CPR),,;
25,Ruppe et al 2015,Acquisition rate of returning traveller ,prevalence of french travellers acquired ESBL,25,percent,2015,year,Venezuela,Americas,4,traveller ,2.00,MDR (ESBL AmpC CPR),,;
25,Ruppe et al 2015,Acquisition rate of returning traveller ,prevalence of french travellers acquired ESBL,33.3,percent,2015,year,Angola,Americas,3,traveller ,1.73,MDR (ESBL AmpC CPR),,;
25,Ruppe et al 2015,Acquisition rate of returning traveller ,prevalence of french travellers acquired ESBL,36.4,percent,2015,year,Benin,Africa,11,traveller ,3.32,MDR (ESBL AmpC CPR),,;
25,Ruppe et al 2015,Acquisition rate of returning traveller ,prevalence of french travellers acquired ESBL,50,percent,2015,year,Burkina Faso,Africa,8,traveller ,2.83,MDR (ESBL AmpC CPR),,;
25,Ruppe et al 2015,Acquisition rate of returning traveller ,prevalence of french travellers acquired ESBL,54.2,percent,2015,year,Cameroon,Africa,24,traveller ,4.90,MDR (ESBL AmpC CPR),,;
25,Ruppe et al 2015,Acquisition rate of returning traveller ,prevalence of french travellers acquired ESBL,0,percent,2015,year,Central Aftrica,Africa,1,traveller ,1.00,MDR (ESBL AmpC CPR),,;
25,Ruppe et al 2015,Acquisition rate of returning traveller ,prevalence of french travellers acquired ESBL,61.5,percent,2015,year,Congo,Africa,13,traveller ,3.61,MDR (ESBL AmpC CPR),,;
25,Ruppe et al 2015,Acquisition rate of returning traveller ,prevalence of french travellers acquired ESBL,50,percent,2015,year,Ethiopia,Africa,4,traveller ,2.00,MDR (ESBL AmpC CPR),,;
25,Ruppe et al 2015,Acquisition rate of returning traveller ,prevalence of french travellers acquired ESBL,66.7,percent,2015,year,Gabon,Africa,3,traveller ,1.73,MDR (ESBL AmpC CPR),,;
25,Ruppe et al 2015,Acquisition rate of returning traveller ,prevalence of french travellers acquired ESBL,100,percent,2015,year,Ghana,Africa,1,traveller ,1.00,MDR (ESBL AmpC CPR),,;
25,Ruppe et al 2015,Acquisition rate of returning traveller ,prevalence of french travellers acquired ESBL,75,percent,2015,year,Guinea,Africa,4,traveller ,2.00,MDR (ESBL AmpC CPR),,;
25,Ruppe et al 2015,Acquisition rate of returning traveller ,prevalence of french travellers acquired ESBL,0,percent,2015,year,Guinea-Basseur,Africa,3,traveller ,1.73,MDR (ESBL AmpC CPR),,;
25,Ruppe et al 2015,Acquisition rate of returning traveller ,prevalence of french travellers acquired ESBL,47.1,percent,2015,year,Ivoty Coast,Africa,17,traveller ,4.12,MDR (ESBL AmpC CPR),,;
25,Ruppe et al 2015,Acquisition rate of returning traveller ,prevalence of french travellers acquired ESBL,66.7,percent,2015,year,Kenya,Africa,6,traveller ,2.45,MDR (ESBL AmpC CPR),,;
25,Ruppe et al 2015,Acquisition rate of returning traveller ,prevalence of french travellers acquired ESBL,57.1,percent,2015,year,Madagasca,Africa,7,traveller ,2.65,MDR (ESBL AmpC CPR),,;
25,Ruppe et al 2015,Acquisition rate of returning traveller ,prevalence of french travellers acquired ESBL,20,percent,2015,year,Mali,Africa,5,traveller ,2.24,MDR (ESBL AmpC CPR),,;
25,Ruppe et al 2015,Acquisition rate of returning traveller ,prevalence of french travellers acquired ESBL,0,percent,2015,year,Mozambique,Africa,1,traveller ,1.00,MDR (ESBL AmpC CPR),,;
25,Ruppe et al 2015,Acquisition rate of returning traveller ,prevalence of french travellers acquired ESBL,100,percent,2015,year,Niger,Africa,1,traveller ,1.00,MDR (ESBL AmpC CPR),,;
25,Ruppe et al 2015,Acquisition rate of returning traveller ,prevalence of french travellers acquired ESBL,0,percent,2015,year,Sao Tome and Principe,Africa,1,traveller ,1.00,MDR (ESBL AmpC CPR),,;
25,Ruppe et al 2015,Acquisition rate of returning traveller ,prevalence of french travellers acquired ESBL,37.8,percent,2015,year,Senegal,Africa,45,traveller ,6.71,MDR (ESBL AmpC CPR),,;
25,Ruppe et al 2015,Acquisition rate of returning traveller ,prevalence of french travellers acquired ESBL,0,percent,2015,year,South africa,Africa,1,traveller ,1.00,MDR (ESBL AmpC CPR),,;
25,Ruppe et al 2015,Acquisition rate of returning traveller ,prevalence of french travellers acquired ESBL,63.6,percent,2015,year,Tanzania,Africa,11,traveller ,3.32,MDR (ESBL AmpC CPR),,;
25,Ruppe et al 2015,Acquisition rate of returning traveller ,prevalence of french travellers acquired ESBL,75,percent,2015,year,Togo ,Africa,12,traveller ,3.46,MDR (ESBL AmpC CPR),,;
25,Ruppe et al 2015,Persistance rate of returning traveller ,Persistent carriage of same ESBL group ,100,percent,2015,year,Latin America ,Americas,292,traveller ,17.09,MDR (ESBL AmpC CPR),0,;
25,Ruppe et al 2015,Persistance rate of returning traveller ,Persistent carriage of same ESBL group ,20,percent,2015,year,Latin America ,Americas,245,traveller ,15.65,MDR (ESBL AmpC CPR),1 month post travel,;
25,Ruppe et al 2015,Persistance rate of returning traveller ,Persistent carriage of same ESBL group ,10.4,percent,2015,year,Latin America ,Americas,236,traveller ,15.36,MDR (ESBL AmpC CPR),2 months post travel,;
25,Ruppe et al 2015,Persistance rate of returning traveller ,Persistent carriage of same ESBL group ,6.4,percent,2015,year,Latin America ,Americas,233,traveller ,15.26,MDR (ESBL AmpC CPR),3 months post travel,;
25,Ruppe et al 2015,Persistance rate of returning traveller ,Persistent carriage of same ESBL group ,6.4,percent,2015,year,Latin America ,Americas,230,traveller ,15.17,MDR (ESBL AmpC CPR),6 months post travel,;
25,Ruppe et al 2015,Persistance rate of returning traveller ,Persistent carriage of same ESBL group ,2.2,percent,2015,year,Latin America ,Americas,227,traveller ,15.07,MDR (ESBL AmpC CPR),12 months post travel,;
25,Ruppe et al 2015,Persistance rate of returning traveller ,Persistent carriage of same ESBL group ,100,percent,2015,year,Subsaharan Africa,Africa,292,traveller ,17.09,MDR (ESBL AmpC CPR),0,;
25,Ruppe et al 2015,Persistance rate of returning traveller ,Persistent carriage of same ESBL group ,12.5,percent,2015,year,Subsaharan Africa,Africa,245,traveller ,15.65,MDR (ESBL AmpC CPR),1 month post travel,;
25,Ruppe et al 2015,Persistance rate of returning traveller ,Persistent carriage of same ESBL group ,6.9,percent,2015,year,Subsaharan Africa,Africa,236,traveller ,15.36,MDR (ESBL AmpC CPR),2 months post travel,;
25,Ruppe et al 2015,Persistance rate of returning traveller ,Persistent carriage of same ESBL group ,4.2,percent,2015,year,Subsaharan Africa,Africa,233,traveller ,15.26,MDR (ESBL AmpC CPR),3 months post travel,;
25,Ruppe et al 2015,Persistance rate of returning traveller ,Persistent carriage of same ESBL group ,0,percent,2015,year,Subsaharan Africa,Africa,230,traveller ,15.17,MDR (ESBL AmpC CPR),6 months post travel,;
25,Ruppe et al 2015,Persistance rate of returning traveller ,Persistent carriage of same ESBL group ,0,percent,2015,year,Subsaharan Africa,Africa,227,traveller ,15.07,MDR (ESBL AmpC CPR),12 months post travel,;
26,Ostholm et al 2013,Acquisition rate of returning traveller ,prevalence of sweden travellers acquired ESBL,0,percent,2008-2009,year,Europe,Europe,15,traveller ,3.87,Travel carriage ESBL,,;
26,Ostholm et al 2013,Acquisition rate of returning traveller ,prevalence of sweden travellers acquired ESBL,22,percent,2008-2009,year,South africa,Africa,71,traveller ,8.43,Travel carriage ESBL,OR 0.52(0.27-0.99),;
26,Ostholm et al 2013,Acquisition rate of returning traveller ,prevalence of sweden travellers acquired ESBL,19,percent,2008-2009,year,North Africa,Africa,30,traveller ,5.48,Travel carriage ESBL,OR1.96(0.89-4.30),;
26,Ostholm et al 2013,Acquisition rate of returning traveller ,prevalence of sweden travellers acquired ESBL,38,percent,2008-2009,year,Asia,Asia,58,traveller ,7.62,Travel carriage ESBL,OR2.44(1.31-4.55),;
26,Ostholm et al 2013,Acquisition rate of returning traveller ,prevalence of sweden travellers acquired ESBL,15,percent,2008-2009,year,India subcontinent,Southern Asia,14,traveller ,3.74,Travel carriage ESBL,OR6.64(2-22),;
26,Ostholm et al 2013,Acquisition rate of returning traveller ,prevalence of sweden travellers acquired ESBL,0,percent,2008-2009,year,Australia and Oceania,Oceania,2,traveller ,1.41,Travel carriage ESBL,,;
26,Ostholm et al 2013,Acquisition rate of returning traveller ,prevalence of sweden travellers acquired ESBL,7,percent,2008-2009,year,South America,Americas,29,traveller ,5.39,Travel carriage ESBL,OR0.44(0.16-1.22),;
26,Ostholm et al 2013,Acquisition rate of returning traveller ,prevalence of sweden travellers acquired ESBL,0,percent,2008-2009,year,North America,Americas,16,traveller ,4.00,Travel carriage ESBL,,;
27,Lubbert et al 2015,Acquisition rate of returning traveller ,prevalence of geman travellers acquired ESBL,28.2,percent,2013,year,Outside EU,World,191,traveller ,13.82,Travel carriage ESBL,,;
27,Lubbert et al 2015,Persistance rate of returning traveller ,Persistent carriage of same ESBL group ,30.3,percent,2013,year,Outside EU,World,58,traveller ,7.62,Travel carriage ESBL,3 months post travel,;
27,Lubbert et al 2015,Persistance rate of returning traveller ,Persistent carriage of same ESBL group ,8.57,percent,2013,year,Outside EU,World,35,traveller ,5.92,Travel carriage ESBL,6 months post travel,;
27,Lubbert et al 2015,Acquisition rate of returning traveller ,prevalence of geman travellers acquired ESBL,0,percent,2013,year,North America,Americas,2,traveller ,1.41,Travel carriage ESBL,,;
27,Lubbert et al 2015,Acquisition rate of returning traveller ,prevalence of geman travellers acquired ESBL,0,percent,2013,year,East EU,Europe,2,traveller ,1.41,Travel carriage ESBL,,;
27,Lubbert et al 2015,Acquisition rate of returning traveller ,prevalence of geman travellers acquired ESBL,6.967563,percent,2013,year,Central America and Carribean ,Americas,15,traveller ,3.87,Travel carriage ESBL,,;
27,Lubbert et al 2015,Acquisition rate of returning traveller ,prevalence of geman travellers acquired ESBL,8.000919,percent,2013,year,South America,Americas,63,traveller ,7.94,Travel carriage ESBL,,;
27,Lubbert et al 2015,Acquisition rate of returning traveller ,prevalence of geman travellers acquired ESBL,11.421769,percent,2013,year,South africa,Africa,18,traveller ,4.24,Travel carriage ESBL,,;
27,Lubbert et al 2015,Acquisition rate of returning traveller ,prevalence of geman travellers acquired ESBL,13.648315,percent,2013,year,Asia,Asia,30,traveller ,5.48,Travel carriage ESBL,,;
27,Lubbert et al 2015,Acquisition rate of returning traveller ,prevalence of geman travellers acquired ESBL,25.27837,percent,2013,year,South Europe,Europe,8,traveller ,2.83,Travel carriage ESBL,,;
27,Lubbert et al 2015,Acquisition rate of returning traveller ,prevalence of geman travellers acquired ESBL,25.713879,percent,2013,year,East Africa,Africa,47,traveller ,6.86,Travel carriage ESBL,,;
27,Lubbert et al 2015,Acquisition rate of returning traveller ,prevalence of geman travellers acquired ESBL,38.53796,percent,2013,year,West and Central Africa,Africa,13,traveller ,3.61,Travel carriage ESBL,,;
27,Lubbert et al 2015,Acquisition rate of returning traveller ,prevalence of geman travellers acquired ESBL,47.928936,percent,2013,year,Southeast asia,Southeast Asia,46,traveller ,6.78,Travel carriage ESBL,,;
27,Lubbert et al 2015,Acquisition rate of returning traveller ,prevalence of geman travellers acquired ESBL,73.289734,percent,2013,year,India,Southern Asia,15,traveller ,3.87,Travel carriage ESBL,,;
28,Peirano et al 2017,Acquisition rate of returning traveller ,prevalence of canadian travellers acquired ESBL,64,percent,2012-2014,year,South asia,Southern Asia,109,traveller ,10.44,Travel carriage ESBL,,;
28,Peirano et al 2017,Acquisition rate of returning traveller ,prevalence of canadian travellers acquired ESBL,2,percent,2012-2014,year,South asia,Southern Asia,109,traveller ,10.44,Travel carriage ESBL,AmpC,;
28,Peirano et al 2017,Acquisition rate of returning traveller ,prevalence of canadian travellers acquired ESBL,21,percent,2012-2014,year,South asia,Southern Asia,70,traveller ,8.37,Travel carriage ESBL,6 months post travel,;
28,Peirano et al 2017,Acquisition rate of returning traveller ,prevalence of canadian travellers acquired ESBL,73,percent,2012-2014,year,India,Southern Asia,90,traveller ,9.49,Travel carriage ESBL,,;
28,Peirano et al 2017,Acquisition rate of returning traveller ,prevalence of canadian travellers acquired ESBL,22,percent,2012-2014,year,Nepal,Southern Asia,9,traveller ,3.00,Travel carriage ESBL,,;
28,Peirano et al 2017,Acquisition rate of returning traveller ,prevalence of canadian travellers acquired ESBL,100,percent,2012-2014,year,Pakistan,Southern Asia,1,traveller ,1.00,Travel carriage ESBL,,;
28,Peirano et al 2017,Acquisition rate of returning traveller ,prevalence of canadian travellers acquired ESBL,100,percent,2012-2014,year,Bangladesh,Southern Asia,1,traveller ,1.00,Travel carriage ESBL,,;
28,Peirano et al 2017,Acquisition rate of returning traveller ,prevalence of canadian travellers acquired ESBL,0,percent,2012-2014,year,Sri Lanka,Southern Asia,8,traveller ,2.83,Travel carriage ESBL,,;
29,Arcilla et al 2017,Persistance rate of returning traveller ,Persistent carriage of same ESBL group ,100,percent,2001,year,Outside EU,World,623,traveller ,24.96,Travel carriage ESBL,Immerdiate post travel,;
29,Arcilla et al 2017,Persistance rate of returning traveller ,Persistent carriage of same ESBL group ,42.9,percent,2001,year,Outside EU,World,613,traveller ,24.76,Travel carriage ESBL,1 month post travel,;
29,Arcilla et al 2017,Persistance rate of returning traveller ,Persistent carriage of same ESBL group ,22.4,percent,2001,year,Outside EU,World,606,traveller ,24.62,Travel carriage ESBL,3 months post travel,;
29,Arcilla et al 2017,Persistance rate of returning traveller ,Persistent carriage of same ESBL group ,11.3,percent,2001,year,Outside EU,World,601,traveller ,24.52,Travel carriage ESBL,6 months post travel,;
29,Arcilla et al 2017,Persistance rate of returning traveller ,Persistent carriage of same ESBL group ,6.6,percent,2001,year,Outside EU,World,577,traveller ,24.02,Travel carriage ESBL,12 months post travel,;
29,Arcilla et al 2017,Acquisition rate of returning traveller ,prevalence of dutch travellers acquired ESBL,88.61,percent,2001,year,India ,Southern Asia,79,traveller ,8.89,Travel carriage ESBL,Incidenec/100pdt 12.18,;
29,Arcilla et al 2017,Acquisition rate of returning traveller ,prevalence of dutch travellers acquired ESBL,80,percent,2001,year,Egypt ,Americas,30,traveller ,5.48,Travel carriage ESBL,Incidenec/100pdt 13.98,;
29,Arcilla et al 2017,Acquisition rate of returning traveller ,prevalence of dutch travellers acquired ESBL,79.31,percent,2001,year,Nepal,Southeast Asia,29,traveller ,5.39,Travel carriage ESBL,Incidenec/100pdt 7.49,;
29,Arcilla et al 2017,Acquisition rate of returning traveller ,prevalence of dutch travellers acquired ESBL,72.22,percent,2001,year,Vietnam ,Southeast Asia,36,traveller ,6.00,Travel carriage ESBL,Incidenec/100pdt 6.10,;
29,Arcilla et al 2017,Acquisition rate of returning traveller ,prevalence of dutch travellers acquired ESBL,60,percent,2001,year,Peru,Americas,20,traveller ,4.47,Travel carriage ESBL,Incidenec/100pdt 4.28,;
29,Arcilla et al 2017,Acquisition rate of returning traveller ,prevalence of dutch travellers acquired ESBL,53.73,percent,2001,year,China,Eastern Asia,67,traveller ,8.19,Travel carriage ESBL,Incidenec/100pdt 4.19,;
29,Arcilla et al 2017,Acquisition rate of returning traveller ,prevalence of dutch travellers acquired ESBL,53.33,percent,2001,year,Myanmar,Southeast Asia,15,traveller ,3.87,Travel carriage ESBL,Incidenec/100pdt 3.91,;
29,Arcilla et al 2017,Acquisition rate of returning traveller ,prevalence of dutch travellers acquired ESBL,51.69,percent,2001,year,Thailand ,Southeast Asia,89,traveller ,9.43,Travel carriage ESBL,Incidenec/100pdt 3.78,;
29,Arcilla et al 2017,Acquisition rate of returning traveller ,prevalence of dutch travellers acquired ESBL,51.16,percent,2001,year,Sri Lanka,Southern Asia,43,traveller ,6.56,Travel carriage ESBL,Incidenec/100pdt 3.66,;
29,Arcilla et al 2017,Acquisition rate of returning traveller ,prevalence of dutch travellers acquired ESBL,25,percent,2001,year,Malaysia,Southeast Asia,28,traveller ,5.29,Travel carriage ESBL,Incidenec/100pdt 1.50,;
29,Arcilla et al 2017,Acquisition rate of returning traveller ,prevalence of dutch travellers acquired ESBL,18.69,percent,2001,year,Indonesia,Southeast Asia,211,traveller ,14.53,Travel carriage ESBL,Incidenec/100pdt 0.92,;
29,Arcilla et al 2017,Acquisition rate of returning traveller ,prevalence of dutch travellers acquired ESBL,44.44,percent,2001,year,Uganda,Africa,27,traveller ,5.20,Travel carriage ESBL,Incidenec/100pdt 2.65,;
29,Arcilla et al 2017,Acquisition rate of returning traveller ,prevalence of dutch travellers acquired ESBL,43.75,percent,2001,year,Turkey,Western Asia,16,traveller ,4.00,Travel carriage ESBL,Incidenec/100pdt 6.03,;
29,Arcilla et al 2017,Acquisition rate of returning traveller ,prevalence of dutch travellers acquired ESBL,40,percent,2001,year,Ghana,Africa,20,traveller ,4.47,Travel carriage ESBL,Incidenec/100pdt 2.65,;
29,Arcilla et al 2017,Acquisition rate of returning traveller ,prevalence of dutch travellers acquired ESBL,33.33,percent,2001,year,Kenya,Africa,30,traveller ,5.48,Travel carriage ESBL,Incidenec/100pdt 1.95,;
29,Arcilla et al 2017,Acquisition rate of returning traveller ,prevalence of dutch travellers acquired ESBL,24.56,percent,2001,year,Tanzania,Africa,57,traveller ,7.55,Travel carriage ESBL,Incidenec/100pdt 1.73,;
29,Arcilla et al 2017,Acquisition rate of returning traveller ,prevalence of dutch travellers acquired ESBL,22.22,percent,2001,year,Morroco,Africa,36,traveller ,6.00,Travel carriage ESBL,Incidenec/100pdt 7.21,;
29,Arcilla et al 2017,Acquisition rate of returning traveller ,prevalence of dutch travellers acquired ESBL,22.22,percent,2001,year,Mexico,Americas,18,traveller ,4.24,Travel carriage ESBL,Incidenec/100pdt 1.73,;
29,Arcilla et al 2017,Acquisition rate of returning traveller ,prevalence of dutch travellers acquired ESBL,16.33,percent,2001,year,Gambia,Africa,49,traveller ,7.00,Travel carriage ESBL,Incidenec/100pdt 1.30,;
29,Arcilla et al 2017,Acquisition rate of returning traveller ,prevalence of dutch travellers acquired ESBL,8,percent,2001,year,Brazil,Americas,25,traveller ,5.00,Travel carriage ESBL,Incidenec/100pdt 0.42,;
29,Arcilla et al 2017,Acquisition rate of returning traveller ,prevalence of dutch travellers acquired ESBL,4.55,percent,2001,year,South africa,Africa,66,traveller ,8.12,Travel carriage ESBL,Incidenec/100pdt 0.22,;
29,Arcilla et al 2017,Acquisition rate of returning traveller ,prevalence of dutch travellers acquired ESBL,3.57,percent,2001,year,Suriname,Americas,56,traveller ,7.48,Travel carriage ESBL,Incidenec/100pdt 0.14,;
30,Miranda et al 2016,Acquisition rate of returning traveller ,prevalence of ESBL in German traveller with gastrointestical symptom,72,percent,2013,year,India,Southern Asia,81,traveller ,9.00,Travel carriage ESBL,,;
30,Miranda et al 2016,Acquisition rate of returning traveller ,prevalence of ESBL in German traveller with gastrointestical symptom,59.5,percent,2013,year,Southeast asia,Southeast Asia,39,traveller ,6.24,Travel carriage ESBL,,;
30,Miranda et al 2016,Acquisition rate of returning traveller ,prevalence of ESBL in German traveller with gastrointestical symptom,43,percent,2013,year,Asia outside SEA,Asia,7,traveller ,2.65,Travel carriage ESBL,,;
30,Miranda et al 2016,Acquisition rate of returning traveller ,prevalence of ESBL in German traveller with gastrointestical symptom,40.3,percent,2013,year,India subcontinent,Southern Asia,15,traveller ,3.87,Travel carriage ESBL,,;
30,Miranda et al 2016,Acquisition rate of returning traveller ,prevalence of ESBL in German traveller with gastrointestical symptom,33.6,percent,2013,year,Africa,Africa,27,traveller ,5.20,Travel carriage ESBL,,;
30,Miranda et al 2016,Acquisition rate of returning traveller ,prevalence of ESBL in German traveller with gastrointestical symptom,31.5,percent,2013,year,Thailand ,Southeast Asia,16,traveller ,4.00,Travel carriage ESBL,,;
30,Miranda et al 2016,Acquisition rate of returning traveller ,prevalence of ESBL in German traveller with gastrointestical symptom,14.6,percent,2013,year,South and Central america,Americas,21,traveller ,4.58,Travel carriage ESBL,,;
30,Miranda et al 2016,Acquisition rate of returning traveller ,prevalence of ESBL in German traveller with gastrointestical symptom,0,percent,2013,year,EU/North America,Americas,5,traveller ,2.24,Travel carriage ESBL,,;
31,Angelin et al 2015,Acquisition rate of returning traveller ,prevalence of ESBL in German traveller with gastrointestical symptom,67,percent,2010-2014,year,Southeast asia,Southeast Asia,46,traveller ,6.78,Travel carriage ESBL,,;
31,Angelin et al 2015,Acquisition rate of returning traveller ,prevalence of ESBL in German traveller with gastrointestical symptom,10,percent,2010-2014,year,Africa,Africa,40,traveller ,6.32,Travel carriage ESBL,,;
31,Angelin et al 2015,Acquisition rate of returning traveller ,prevalence of ESBL in German traveller with gastrointestical symptom,0,percent,2010-2014,year,North America,Americas,3,traveller ,1.73,Travel carriage ESBL,,;
31,Angelin et al 2015,Acquisition rate of returning traveller ,prevalence of ESBL in German traveller with gastrointestical symptom,0,percent,2010-2014,year,Aegentina,Americas,2,traveller ,1.41,Travel carriage ESBL,,;
31,Angelin et al 2015,Acquisition rate of returning traveller ,prevalence of ESBL in German traveller with gastrointestical symptom,0,percent,2010-2014,year,Uzbekistan,Central Asia,2,traveller ,1.41,Travel carriage ESBL,,;
31,Angelin et al 2015,Acquisition rate of returning traveller ,prevalence of ESBL in German traveller with gastrointestical symptom,0,percent,2010-2014,year,Brazil,Americas,1,traveller ,1.00,Travel carriage ESBL,,;
31,Angelin et al 2015,Acquisition rate of returning traveller ,prevalence of ESBL in German traveller with gastrointestical symptom,0,percent,2010-2014,year,Canada ,Americas,1,traveller ,1.00,Travel carriage ESBL,,;
31,Angelin et al 2015,Acquisition rate of returning traveller ,prevalence of ESBL in German traveller with gastrointestical symptom,0,percent,2010-2014,year,Costa Rica,Americas,1,traveller ,1.00,Travel carriage ESBL,,;
31,Angelin et al 2015,Acquisition rate of returning traveller ,prevalence of ESBL in German traveller with gastrointestical symptom,0,percent,2010-2014,year,Israel,Western Asia,1,traveller ,1.00,Travel carriage ESBL,,;
31,Angelin et al 2015,Acquisition rate of returning traveller ,prevalence of ESBL in German traveller with gastrointestical symptom,0,percent,2010-2014,year,United Kingdom,Europe,1,traveller ,1.00,Travel carriage ESBL,,;
31,Angelin et al 2015,Acquisition rate of returning traveller ,prevalence of ESBL in German traveller with gastrointestical symptom,0,percent,2010-2014,year,Uruguay,Americas,1,traveller ,1.00,Travel carriage ESBL,,;
31,Angelin et al 2015,Acquisition rate of returning traveller ,prevalence of ESBL in German traveller with gastrointestical symptom,70,percent,2010-2014,year,India,Southern Asia,30,traveller ,5.48,Travel carriage ESBL,,;
31,Angelin et al 2015,Acquisition rate of returning traveller ,prevalence of ESBL in German traveller with gastrointestical symptom,14,percent,2010-2014,year,Cameroon,Africa,22,traveller ,4.69,Travel carriage ESBL,,;
31,Angelin et al 2015,Acquisition rate of returning traveller ,prevalence of ESBL in German traveller with gastrointestical symptom,86,percent,2010-2014,year,Vietnam,Southeast Asia,7,traveller ,2.65,Travel carriage ESBL,,;
32,Tangden et al 2010,Acquisition rate of returning traveller ,prevalence of swedish travellers acquired ESBL,4,percent,2007,year,Africa,Africa,25,traveller ,5.00,Travel carriage ESBL,,;
32,Tangden et al 2010,Acquisition rate of returning traveller ,prevalence of swedish travellers acquired ESBL,32,percent,2007,year,Asia ,Asia,31,traveller ,5.57,Travel carriage ESBL,,;
32,Tangden et al 2010,Acquisition rate of returning traveller ,prevalence of swedish travellers acquired ESBL,0,percent,2007,year,Central America ,Americas,6,traveller ,2.45,Travel carriage ESBL,,;
32,Tangden et al 2010,Acquisition rate of returning traveller ,prevalence of swedish travellers acquired ESBL,88,percent,2007,year,India ,Southern Asia,8,traveller ,2.83,Travel carriage ESBL,,;
32,Tangden et al 2010,Acquisition rate of returning traveller ,prevalence of swedish travellers acquired ESBL,29,percent,2007,year,Middle east,Western Asia,14,traveller ,3.74,Travel carriage ESBL,,;
32,Tangden et al 2010,Acquisition rate of returning traveller ,prevalence of swedish travellers acquired ESBL,0,percent,2007,year,North America,Americas,2,traveller ,1.41,Travel carriage ESBL,,;
32,Tangden et al 2010,Acquisition rate of returning traveller ,prevalence of swedish travellers acquired ESBL,0,percent,2007,year,South America,Americas,1,traveller ,1.00,Travel carriage ESBL,,;
32,Tangden et al 2010,Acquisition rate of returning traveller ,prevalence of swedish travellers acquired ESBL,13,percent,2007,year,South EU,Europe,16,traveller ,4.00,Travel carriage ESBL,,;
33,Kassenborg et al 2004,CommunityESBL,prevalence resistance,11,percent,1998-1999,year,North America,Europe,858,Campylobater infection cases,29.29,fluoroquinolone resistance ,,;
33,Kassenborg et al 2004,CommunityESBL,prevalence resistance,5,percent,1998-1999,year,North America,Europe,339,Campylobater infection cases,18.41,fluoroquinolone resistance ,Minnesota,;
33,Kassenborg et al 2004,CommunityESBL,prevalence resistance,16,percent,1998-1999,year,North America,Europe,292,Campylobater infection cases,17.09,fluoroquinolone resistance ,Connecticut ,;
34,hijazi et al 2016,CommunityESBL,prevalence ESBL in children under 6 year old,24.8,percent,2013,,Lebanon,Western Asia,125,children,11.18,MDR,,;
35,Carmo et al 2014,PoultryESBL,Prevalence of ESBL in Danish broiler meat,44.7,percent,2009-2011,,Denmark,Europe,571,Broiler meat ,23.90,,21 percent CMY,;
36,Chah KF et al 2018,PoultryESBL,ESBL prevalence in broiler chicken,4.1,percent,2015-2016,,Nigeria,Africa,410,Broiler meat ,20.25,cefotaxime,Nsukka chicken farm,;
37,Tippelskirch et al 2018,PoultryESBL,ESBL prevalence in broiler chicken,47.4,percent,2014-2016,,German ,Europe,175,broiler sample,13.23,cefotaxime,caecum ,;
37,Tippelskirch et al 2018,PoultryESBL,ESBL prevalence in broiler chicken,54.9,percent,2014-2016,,German ,Europe,175,broiler sample,13.23,cefotaxime,skin ,;
37,Tippelskirch et al 2018,PoultryESBL,ESBL prevalence in broiler chicken,28,percent,2014-2016,,German ,Europe,175,broiler sample,13.23,cefotaxime,filet,;
38,Eibach et al 2018,PoultryESBL,ESBL prevalence in chicken meat from Ghana market,87.5,percent,2015,,Belgium,Europe,8,broiler sample,2.83,cefotaxime&Ceftazidime,frozen and fresh chicken meat from 75 supermarkets in Kumasi city,;
38,Eibach et al 2018,PoultryESBL,ESBL prevalence in chicken meat from Ghana market,44.1,percent,2015,,Ghana,Africa,68,broiler sample,8.25,cefotaxime&Ceftazidime,frozen and fresh chicken meat from 75 supermarkets in Kumasi city,;
38,Eibach et al 2018,PoultryESBL,ESBL prevalence in chicken meat from Ghana market,32.2,percent,2015,,Brazil ,Americas,31,broiler sample,5.57,cefotaxime&Ceftazidime,frozen and fresh chicken meat from 75 supermarkets in Kumasi city,;
38,Eibach et al 2018,PoultryESBL,ESBL prevalence in chicken meat from Ghana market,26.3,percent,2015,,Netherlands,Europe,38,broiler sample,6.16,cefotaxime&Ceftazidime,frozen and fresh chicken meat from 75 supermarkets in Kumasi city,;
38,Eibach et al 2018,PoultryESBL,ESBL prevalence in chicken meat from Ghana market,22.5,percent,2015,,North America,Americas,31,broiler sample,5.57,cefotaxime&Ceftazidime,frozen and fresh chicken meat from 75 supermarkets in Kumasi city,;
39,Dandachi et al 2018,PoultryESBL,ESBL prevalence in broiler chicken,40.7,percent,2015,,Lebanon,Western Asia,27,rectal sample,5.20,MDR ,farm size 18000,;
39,Dandachi et al 2018,PoultryESBL,ESBL prevalence in broiler chicken,18.5,percent,2015,,Lebanon,Western Asia,27,rectal sample,5.20,MDR ,farm size 11300,;
39,Dandachi et al 2018,PoultryESBL,ESBL prevalence in broiler chicken,7.4,percent,2015,,Lebanon,Western Asia,27,rectal sample,5.20,MDR ,farm size 20000,;
39,Dandachi et al 2018,PoultryESBL,ESBL prevalence in broiler chicken,45.0,percent,2015,,Lebanon,Western Asia,20,rectal sample,4.47,MDR ,farm size 23000,;
39,Dandachi et al 2018,PoultryESBL,ESBL prevalence in broiler chicken,70.0,percent,2015,,Lebanon,Western Asia,20,rectal sample,4.47,MDR ,farm size 4000,;
39,Dandachi et al 2018,PoultryESBL,ESBL prevalence in broiler chicken,65.0,percent,2015,,Lebanon,Western Asia,20,rectal sample,4.47,MDR ,farm size 20000,;
39,Dandachi et al 2018,PoultryESBL,ESBL prevalence in broiler chicken,40.0,percent,2015,,Lebanon,Western Asia,20,rectal sample,4.47,MDR ,farm size 15000,;
39,Dandachi et al 2018,PoultryESBL,ESBL prevalence in broiler chicken,25.0,percent,2015,,Lebanon,Western Asia,20,rectal sample,4.47,MDR ,farm size 5000,;
39,Dandachi et al 2018,PoultryESBL,ESBL prevalence in broiler chicken,25.0,percent,2015,,Lebanon,Western Asia,20,rectal sample,4.47,MDR ,farm size 4000,;
39,Dandachi et al 2018,PoultryESBL,ESBL prevalence in broiler chicken,45.0,percent,2015,,Lebanon,Western Asia,20,rectal sample,4.47,MDR ,farm size 6000,;
39,Dandachi et al 2018,PoultryESBL,ESBL prevalence in broiler chicken,55.0,percent,2015,,Lebanon,Western Asia,20,rectal sample,4.47,MDR ,farm size 4600,;
39,Dandachi et al 2018,PoultryESBL,ESBL prevalence in broiler chicken,55.0,percent,2015,,Lebanon,Western Asia,20,rectal sample,4.47,MDR ,farm size 15000,;
39,Dandachi et al 2018,PoultryESBL,ESBL prevalence in broiler chicken,5.0,percent,2015,,Lebanon,Western Asia,20,rectal sample,4.47,MDR ,farm size 6000,;
39,Dandachi et al 2018,PoultryESBL,ESBL prevalence in broiler chicken,20.0,percent,2015,,Lebanon,Western Asia,20,rectal sample,4.47,MDR ,farm size 10700,;
39,Dandachi et al 2018,PoultryESBL,ESBL prevalence in broiler chicken,30.0,percent,2015,,Lebanon,Western Asia,20,rectal sample,4.47,MDR ,farm size 5000,;
39,Dandachi et al 2018,PoultryESBL,ESBL prevalence in broiler chicken,15.0,percent,2015,,Lebanon,Western Asia,20,rectal sample,4.47,MDR ,farm size 3000,;
39,Dandachi et al 2018,PoultryESBL,ESBL prevalence in broiler chicken,5.0,percent,2015,,Lebanon,Western Asia,20,rectal sample,4.47,MDR ,farm size 6000,;
39,Dandachi et al 2018,PoultryESBL,ESBL prevalence in broiler chicken,30.0,percent,2015,,Lebanon,Western Asia,20,rectal sample,4.47,MDR ,farm size 6000,;
39,Dandachi et al 2018,PoultryESBL,ESBL prevalence in broiler chicken,15.0,percent,2015,,Lebanon,Western Asia,20,rectal sample,4.47,MDR ,farm size 6000,;
39,Dandachi et al 2018,PoultryESBL,ESBL prevalence in broiler chicken,15.0,percent,2015,,Lebanon,Western Asia,20,rectal sample,4.47,MDR ,farm size 5000,;
39,Dandachi et al 2018,PoultryESBL,ESBL prevalence in broiler chicken,15.0,percent,2015,,Lebanon,Western Asia,20,rectal sample,4.47,MDR ,farm size 6500,;
39,Dandachi et al 2018,PoultryESBL,ESBL prevalence in broiler chicken,4.8,percent,2015,,Lebanon,Western Asia,21,rectal sample,4.58,MDR ,farm size 6700,;
39,Dandachi et al 2018,PoultryESBL,ESBL prevalence in broiler chicken,20.0,percent,2015,,Lebanon,Western Asia,20,rectal sample,4.47,MDR ,farm size 11800,;
39,Dandachi et al 2018,PoultryESBL,ESBL prevalence in broiler chicken,10.0,percent,2015,,Lebanon,Western Asia,20,rectal sample,4.47,MDR ,farm size 10000,;
39,Dandachi et al 2018,PoultryESBL,ESBL prevalence in broiler chicken,5.0,percent,2015,,Lebanon,Western Asia,20,rectal sample,4.47,MDR ,farm size 10000,;
39,Dandachi et al 2018,PoultryESBL,ESBL prevalence in broiler chicken,5.0,percent,2015,,Lebanon,Western Asia,20,rectal sample,4.47,MDR ,farm size 5000,;
39,Dandachi et al 2018,PoultryESBL,ESBL prevalence in broiler chicken,40.0,percent,2015,,Lebanon,Western Asia,20,rectal sample,4.47,MDR ,farm size 10000,;
39,Dandachi et al 2018,PoultryESBL,ESBL prevalence in broiler chicken,20.0,percent,2015,,Lebanon,Western Asia,20,rectal sample,4.47,MDR ,farm size 5000,;
39,Dandachi et al 2018,PoultryESBL,ESBL prevalence in broiler chicken,35.0,percent,2015,,Lebanon,Western Asia,20,rectal sample,4.47,MDR ,farm size 5000,;
39,Dandachi et al 2018,PoultryESBL,ESBL prevalence in broiler chicken,10.0,percent,2015,,Lebanon,Western Asia,20,rectal sample,4.47,MDR ,farm size 10000,;
39,Dandachi et al 2018,PoultryESBL,ESBL prevalence in broiler chicken,20.0,percent,2015,,Lebanon,Western Asia,20,rectal sample,4.47,MDR ,farm size 10000,;
39,Dandachi et al 2018,PoultryESBL,ESBL prevalence in broiler chicken,25.0,percent,2015,,Lebanon,Western Asia,20,rectal sample,4.47,MDR ,farm size 18000,;
39,Dandachi et al 2018,PoultryESBL,ESBL prevalence in broiler chicken,15.0,percent,2015,,Lebanon,Western Asia,20,rectal sample,4.47,MDR ,farm size 6000,;
39,Dandachi et al 2018,PoultryESBL,ESBL prevalence in broiler chicken,30.0,percent,2015,,Lebanon,Western Asia,20,rectal sample,4.47,MDR ,farm size 6000,;
39,Dandachi et al 2018,PoultryESBL,ESBL prevalence in broiler chicken,50.0,percent,2015,,Lebanon,Western Asia,20,rectal sample,4.47,MDR ,farm size 3300,;
39,Dandachi et al 2018,PoultryESBL,ESBL prevalence in broiler chicken,25.0,percent,2015,,Lebanon,Western Asia,20,rectal sample,4.47,MDR ,farm size 10000,;
39,Dandachi et al 2018,PoultryESBL,ESBL prevalence in broiler chicken,5.0,percent,2015,,Lebanon,Western Asia,20,rectal sample,4.47,MDR ,farm size 10000,;
39,Dandachi et al 2018,PoultryESBL,ESBL prevalence in broiler chicken,30.0,percent,2015,,Lebanon,Western Asia,20,rectal sample,4.47,MDR ,farm size 10000,;
40,Shrestha et al 2017 ,PoultryESBL,ESBL prevalence in broiler chicken,37.0,percent,2017,,Nepal,Southern Asia,27,0.37037037,5.20,MDR ,good sanitation ,;
,,,,39.0,,2017,,Nepal,Southern Asia,76,0.394736842,8.72,MDR ,poor sanitation,;
,,,,,,,,,,,,0.00,,,;
,,,,,,,,,,,,0.00,,,;
,,,,,,,,,,,,0.00,,,;
,,,,,,,,,,,,0.00,,,;
,,,,,,,,,,,,0.00,,,;
,,,,,,,,,,,,0.00,,,;
,,,,,,,,,,,,0.00,,,;
,,,,,,,,,,,,0.00,,,;
,,,,,,,,,,,,0.00,,,;
,,,,,,,,,,,,0.00,,,;
,,,,,,,,,,,,0.00,,,;
,,,,,,,,,,,,0.00,,,;
,,,,,,,,,,,,0.00,,,;
,,,,,,,,,,,,0.00,,,;
,,,,,,,,,,,,0.00,,,;
,,,,,,,,,,,,0.00,,,;
,,,,,,,,,,,,0.00,,,;
