"","author_yr","outcome_type","outcome_value","travel_yr_value","sample_size","destination_name","destination_country","destination_country_code","destination_region","destination_incomelvl","destination_gdp","origin_name","origin_country","origin_country_code","origin_region","origin_incomelvl","origin_gdp","resistance_type","resistance_type_specify"
"1","MIRANDA ET AL 2016","human_acquisition_origin",34,"2013",27,"AFRICA",NA,NA,"AFRICA",NA,NA,"GERMANY","GERMANY","DE","EUROPE & CENTRAL ASIA","High.income",44143.1278,"3GCR","TRAVEL CARRIAGE ESBL"
"2","ANGELIN ET AL 2015","human_acquisition_origin",10,"2010-2014",40,"AFRICA",NA,NA,"AFRICA",NA,NA,"GERMANY","GERMANY","DE","EUROPE & CENTRAL ASIA","High.income",44930.7921,"3GCR","TRAVEL CARRIAGE ESBL"
"3","TANGDEN ET AL 2010","human_acquisition_origin",4,"2007",25,"AFRICA",NA,NA,"AFRICA",NA,NA,"SWEDEN","SWEDEN","SE","EUROPE & CENTRAL ASIA","High.income",53716.4434,"3GCR","TRAVEL CARRIAGE ESBL"
"4","RUPPE ET AL 2015","human_acquisition_origin",33,"2015",3,"ANGOLA","ANGOLA","AO","SUB-SAHARAN AFRICA","Lower.middle.income",3748.3201,"FRANCE","FRANCE","FR","EUROPE & CENTRAL ASIA","High.income",41793.5447,"unspecified","MDR (ESBL AMPC CPR)"
"5","RUPPE ET AL 2015","human_acquisition_origin",14,"2015",7,"ARGENTINA","ARGENTINA","AR","LATIN AMERICA & CARIBBEAN","Upper.middle.income",10568.1578,"FRANCE","FRANCE","FR","EUROPE & CENTRAL ASIA","High.income",41793.5447,"unspecified","MDR (ESBL AMPC CPR)"
"6","ANGELIN ET AL 2015","human_acquisition_origin",0,"2010-2014",2,"ARGENTINA","ARGENTINA","AR","LATIN AMERICA & CARIBBEAN","Upper.middle.income",10398.694,"GERMANY","GERMANY","DE","EUROPE & CENTRAL ASIA","High.income",44930.7921,"3GCR","TRAVEL CARRIAGE ESBL"
"7","RUPPE ET AL 2015","human_persistence_origin",100,"2015",292,"ASIA",NA,NA,"ASIA",NA,NA,"FRANCE","FRANCE","FR","EUROPE & CENTRAL ASIA","High.income",41793.5447,"unspecified","MDR (ESBL AMPC CPR)"
"8","RUPPE ET AL 2015","human_persistence_origin",52,"2015",245,"ASIA",NA,NA,"ASIA",NA,NA,"FRANCE","FRANCE","FR","EUROPE & CENTRAL ASIA","High.income",41793.5447,"unspecified","MDR (ESBL AMPC CPR)"
"9","RUPPE ET AL 2015","human_persistence_origin",30,"2015",236,"ASIA",NA,NA,"ASIA",NA,NA,"FRANCE","FRANCE","FR","EUROPE & CENTRAL ASIA","High.income",41793.5447,"unspecified","MDR (ESBL AMPC CPR)"
"10","RUPPE ET AL 2015","human_persistence_origin",16,"2015",233,"ASIA",NA,NA,"ASIA",NA,NA,"FRANCE","FRANCE","FR","EUROPE & CENTRAL ASIA","High.income",41793.5447,"unspecified","MDR (ESBL AMPC CPR)"
"11","RUPPE ET AL 2015","human_persistence_origin",7,"2015",230,"ASIA",NA,NA,"ASIA",NA,NA,"FRANCE","FRANCE","FR","EUROPE & CENTRAL ASIA","High.income",41793.5447,"unspecified","MDR (ESBL AMPC CPR)"
"12","RUPPE ET AL 2015","human_persistence_origin",4,"2015",227,"ASIA",NA,NA,"ASIA",NA,NA,"FRANCE","FRANCE","FR","EUROPE & CENTRAL ASIA","High.income",41793.5447,"unspecified","MDR (ESBL AMPC CPR)"
"13","OSTHOLM ET AL 2013","human_acquisition_origin",38,"2008-2009",58,"ASIA",NA,NA,"ASIA",NA,NA,"SWEDEN","SWEDEN","SE","EUROPE & CENTRAL ASIA","High.income",50326.2221,"3GCR","TRAVEL CARRIAGE ESBL"
"14","LUBBERT ET AL 2015","human_acquisition_origin",14,"2013",30,"ASIA",NA,NA,"ASIA",NA,NA,"GERMANY","GERMANY","DE","EUROPE & CENTRAL ASIA","High.income",44143.1278,"3GCR","TRAVEL CARRIAGE ESBL"
"15","TANGDEN ET AL 2010","human_acquisition_origin",32,"2007",31,"ASIA",NA,NA,"ASIA",NA,NA,"SWEDEN","SWEDEN","SE","EUROPE & CENTRAL ASIA","High.income",53716.4434,"3GCR","TRAVEL CARRIAGE ESBL"
"16","MIRANDA ET AL 2016","human_acquisition_origin",43,"2013",7,"ASIA OUTSIDE SEA",NA,NA,"ASIA OUTSIDE SEA",NA,NA,"GERMANY","GERMANY","DE","EUROPE & CENTRAL ASIA","High.income",44143.1278,"3GCR","TRAVEL CARRIAGE ESBL"
"17","PALTANSING ET AL 2013","human_acquisition_origin",34,"2013",110,"ASIA SOUTHEAST",NA,NA,"EAST ASIA & PACIFIC (EXCLUDING HIGH INCOME)","Upper.middle.income",4900.5081,"NETHERLANDS","NETHERLANDS","NL","EUROPE & CENTRAL ASIA","High.income",50565.3021,"unspecified","MDR-E"
"18","LUBBERT ET AL 2015","human_acquisition_origin",48,"2013",46,"ASIA SOUTHEAST",NA,NA,"EAST ASIA & PACIFIC (EXCLUDING HIGH INCOME)","Upper.middle.income",4900.5081,"GERMANY","GERMANY","DE","EUROPE & CENTRAL ASIA","High.income",44143.1278,"3GCR","TRAVEL CARRIAGE ESBL"
"19","MIRANDA ET AL 2016","human_acquisition_origin",60,"2013",39,"ASIA SOUTHEAST",NA,NA,"EAST ASIA & PACIFIC (EXCLUDING HIGH INCOME)","Upper.middle.income",4900.5081,"GERMANY","GERMANY","DE","EUROPE & CENTRAL ASIA","High.income",44143.1278,"3GCR","TRAVEL CARRIAGE ESBL"
"20","ANGELIN ET AL 2015","human_acquisition_origin",67,"2010-2014",46,"ASIA SOUTHEAST",NA,NA,"EAST ASIA & PACIFIC (EXCLUDING HIGH INCOME)","Upper.middle.income",5199.5057,"GERMANY","GERMANY","DE","EUROPE & CENTRAL ASIA","High.income",44930.7921,"3GCR","TRAVEL CARRIAGE ESBL"
"21","OSTHOLM ET AL 2013","human_acquisition_origin",0,"2008-2009",2,"AUSTRALIA","AUSTRALIA","AU","EAST ASIA & PACIFIC","High.income",51767.4025,"SWEDEN","SWEDEN","SE","EUROPE & CENTRAL ASIA","High.income",50326.2221,"3GCR","TRAVEL CARRIAGE ESBL"
"22","RUPPE ET AL 2015","human_acquisition_origin",100,"2015",1,"BANGLADESH","BANGLADESH","BD","SOUTH ASIA","Low.income",1002.3889,"FRANCE","FRANCE","FR","EUROPE & CENTRAL ASIA","High.income",41793.5447,"unspecified","MDR (ESBL AMPC CPR)"
"23","PEIRANO ET AL 2017","human_acquisition_origin",100,"2012-2014",1,"BANGLADESH","BANGLADESH","BD","SOUTH ASIA","Low.income",951.3149,"CANADA","CANADA","CA","NORTH AMERICA","High.income",50306.9446,"3GCR","TRAVEL CARRIAGE ESBL"
"24","EIBACH ET AL 2018","animal_prevalence_destination",88,"2015",8,"BELGIUM","BELGIUM","BE","EUROPE & CENTRAL ASIA","High.income",45507.2311,"CHICKEN",NA,NA,NA,NA,NA,"3GCR","CEFOTAXIME&CEFTAZIDIME"
"25","WOERTHER 2013","human_prevalence_destination",12,"2010-2011",337,"BELGIUM","BELGIUM","BE","EUROPE & CENTRAL ASIA","High.income",44309.6325,"",NA,NA,NA,NA,NA,NA,""
"26","RUPPE ET AL 2015","human_acquisition_origin",36,"2015",11,"BENIN","BENIN","BJ","SUB-SAHARAN AFRICA","Lower.middle.income",1128.9964,"FRANCE","FRANCE","FR","EUROPE & CENTRAL ASIA","High.income",41793.5447,"unspecified","MDR (ESBL AMPC CPR)"
"27","KUENZLI ET AL","human_acquisition_origin",79,"2013",49,"BHUTAN","BHUTAN","BT","SOUTH ASIA","Lower.middle.income",2526.4337,"SWITZERLAND","SWITZERLAND","CH","EUROPE & CENTRAL ASIA","High.income",75499.7068,"unspecified","MDR"
"28","RUPPE ET AL 2015","human_acquisition_origin",33,"2015",3,"BOLIVIA","BOLIVIA","BO","LATIN AMERICA & CARIBBEAN","Lower.middle.income",2361.0565,"FRANCE","FRANCE","FR","EUROPE & CENTRAL ASIA","High.income",41793.5447,"unspecified","MDR (ESBL AMPC CPR)"
"29","WOERTHER 2013","human_prevalence_destination",0,"2002",3208,"BOLIVIA AND PERU",NA,NA,"LATIN AMERICA & CARIBBEAN","Upper.middle.income",7408.1336,"",NA,NA,NA,NA,NA,NA,""
"30","WOERTHER 2013","human_prevalence_destination",2,"2005",3193,"BOLIVIA AND PERU",NA,NA,"LATIN AMERICA & CARIBBEAN","Upper.middle.income",8026.5984,"",NA,NA,NA,NA,NA,NA,""
"31","WOERTHER 2013","human_prevalence_destination",12,"2011",482,"BOLIVIA AND PERU",NA,NA,"LATIN AMERICA & CARIBBEAN","Upper.middle.income",9367.9239,"",NA,NA,NA,NA,NA,NA,""
"32","RUPPE ET AL 2015","human_acquisition_origin",34,"2015",44,"BRAZIL","BRAZIL","BR","LATIN AMERICA & CARIBBEAN","Upper.middle.income",11431.1545,"FRANCE","FRANCE","FR","EUROPE & CENTRAL ASIA","High.income",41793.5447,"unspecified","MDR (ESBL AMPC CPR)"
"33","ARCILLA ET AL 2017","human_acquisition_origin",8,"2001",25,"BRAZIL","BRAZIL","BR","LATIN AMERICA & CARIBBEAN","Upper.middle.income",8804.3295,"NETHERLANDS","NETHERLANDS","NL","EUROPE & CENTRAL ASIA","High.income",47158.4236,"3GCR","TRAVEL CARRIAGE ESBL"
"34","ANGELIN ET AL 2015","human_acquisition_origin",0,"2010-2014",1,"BRAZIL","BRAZIL","BR","LATIN AMERICA & CARIBBEAN","Upper.middle.income",11951.2094,"GERMANY","GERMANY","DE","EUROPE & CENTRAL ASIA","High.income",44930.7921,"3GCR","TRAVEL CARRIAGE ESBL"
"35","EIBACH ET AL 2018","animal_prevalence_destination",32,"2015",31,"BRAZIL","BRAZIL","BR","LATIN AMERICA & CARIBBEAN","Upper.middle.income",11431.1545,"CHICKEN",NA,NA,NA,NA,NA,"3GCR","CEFOTAXIME&CEFTAZIDIME"
"36","RUPPE ET AL 2015","human_acquisition_origin",50,"2015",8,"BURKINA FASO","BURKINA FASO","BF","SUB-SAHARAN AFRICA","Low.income",726.7125,"FRANCE","FRANCE","FR","EUROPE & CENTRAL ASIA","High.income",41793.5447,"unspecified","MDR (ESBL AMPC CPR)"
"37","RUPPE ET AL 2015","human_acquisition_origin",80,"2015",5,"CAMBODIA","CAMBODIA","KH","EAST ASIA & PACIFIC","Low.income",1024.6214,"FRANCE","FRANCE","FR","EUROPE & CENTRAL ASIA","High.income",41793.5447,"unspecified","MDR (ESBL AMPC CPR)"
"38","RUPPE ET AL 2015","human_acquisition_origin",54,"2015",24,"CAMEROON","CAMEROON","CM","SUB-SAHARAN AFRICA","Lower.middle.income",1441.784,"FRANCE","FRANCE","FR","EUROPE & CENTRAL ASIA","High.income",41793.5447,"unspecified","MDR (ESBL AMPC CPR)"
"39","ANGELIN ET AL 2015","human_acquisition_origin",14,"2010-2014",22,"CAMEROON","CAMEROON","CM","SUB-SAHARAN AFRICA","Lower.middle.income",1401.7532,"GERMANY","GERMANY","DE","EUROPE & CENTRAL ASIA","High.income",44930.7921,"3GCR","TRAVEL CARRIAGE ESBL"
"40","WOERTHER 2013","human_prevalence_destination",7,"2009",150,"CAMEROON","CAMEROON","CM","SUB-SAHARAN AFRICA","Lower.middle.income",1278.5962,"",NA,NA,NA,NA,NA,NA,""
"41","ANGELIN ET AL 2015","human_acquisition_origin",0,"2010-2014",1,"CANADA","CANADA","CA","NORTH AMERICA","High.income",50306.9446,"GERMANY","GERMANY","DE","EUROPE & CENTRAL ASIA","High.income",44930.7921,"3GCR","TRAVEL CARRIAGE ESBL"
"42","RUPPE ET AL 2015","human_acquisition_origin",0,"2015",1,"CENTRAL AFRICA",NA,NA,"CENTRAL AFRICA",NA,NA,"FRANCE","FRANCE","FR","EUROPE & CENTRAL ASIA","High.income",41793.5447,"unspecified","MDR (ESBL AMPC CPR)"
"43","LUBBERT ET AL 2015","human_acquisition_origin",0,"2013",2,"CENTRAL EUROPE AND THE BALTICS",NA,NA,"EUROPEAN UNION","High.income",33202.3717,"GERMANY","GERMANY","DE","EUROPE & CENTRAL ASIA","High.income",44143.1278,"3GCR","TRAVEL CARRIAGE ESBL"
"44","LUO ET AL 2011","human_prevalence_destination",50,"2009",92,"CHINA","CHINA","CN","EAST ASIA & PACIFIC","Upper.middle.income",4132.9119,"",NA,NA,NA,NA,NA,"unspecified","MDR"
"45","LUO ET AL 2011","human_prevalence_destination",67,"2009",92,"CHINA","CHINA","CN","EAST ASIA & PACIFIC","Upper.middle.income",4132.9119,"",NA,NA,NA,NA,NA,"TTXR","TETRACYCLINE"
"46","LUO ET AL 2011","human_prevalence_destination",65,"2009",92,"CHINA","CHINA","CN","EAST ASIA & PACIFIC","Upper.middle.income",4132.9119,"",NA,NA,NA,NA,NA,"FLQR","NALIDIXIC ACID"
"47","LUO ET AL 2011","human_prevalence_destination",48,"2009",92,"CHINA","CHINA","CN","EAST ASIA & PACIFIC","Upper.middle.income",4132.9119,"",NA,NA,NA,NA,NA,"3GCR","AMPICILLIN"
"48","LUO ET AL 2011","human_prevalence_destination",8,"2009",92,"CHINA","CHINA","CN","EAST ASIA & PACIFIC","Upper.middle.income",4132.9119,"",NA,NA,NA,NA,NA,"3GCR","CEFEPIME"
"49","LUO ET AL 2011","human_prevalence_destination",8,"2009",92,"CHINA","CHINA","CN","EAST ASIA & PACIFIC","Upper.middle.income",4132.9119,"",NA,NA,NA,NA,NA,"3GCR","CEFTAZIDIME"
"50","LUO ET AL 2011","human_prevalence_destination",14,"2009",92,"CHINA","CHINA","CN","EAST ASIA & PACIFIC","Upper.middle.income",4132.9119,"",NA,NA,NA,NA,NA,"FLQR","CIPROFLOXACIN"
"51","LUO ET AL 2011","human_prevalence_destination",9,"2009",92,"CHINA","CHINA","CN","EAST ASIA & PACIFIC","Upper.middle.income",4132.9119,"",NA,NA,NA,NA,NA,"CHLRPHR","CHLORAMPHENICOL "
"52","LUO ET AL 2011","human_prevalence_destination",21,"2009",92,"CHINA","CHINA","CN","EAST ASIA & PACIFIC","Upper.middle.income",4132.9119,"",NA,NA,NA,NA,NA,"AMNGR","GENTAMICIN"
"53","LUO ET AL 2011","human_prevalence_destination",67,"2009",92,"CHINA","CHINA","CN","EAST ASIA & PACIFIC","Upper.middle.income",4132.9119,"",NA,NA,NA,NA,NA,"BCTR","TRIMETHOPRIM_SULFAMETHOXAZOLE"
"54","YE Q ET AL 2018","animal_prevalence_destination",24,"2018",42,"CHINA","CHINA","CN","EAST ASIA & PACIFIC","Upper.middle.income",7807.0578,"CHICKEN",NA,NA,NA,NA,NA,NA,""
"55","WU H ET AL 2018","animal_prevalence_destination",24,"2008",105,"CHINA","CHINA","CN","EAST ASIA & PACIFIC","Lower.middle.income",3796.6799,"CHICKEN",NA,NA,NA,NA,NA,NA,""
"56","WU H ET AL 2018","animal_prevalence_destination",26,"2009",140,"CHINA","CHINA","CN","EAST ASIA & PACIFIC","Upper.middle.income",4132.9119,"CHICKEN",NA,NA,NA,NA,NA,NA,""
"57","WU H ET AL 2018","animal_prevalence_destination",41,"2010",102,"CHINA","CHINA","CN","EAST ASIA & PACIFIC","Upper.middle.income",4550.4531,"CHICKEN",NA,NA,NA,NA,NA,NA,""
"58","WU H ET AL 2018","animal_prevalence_destination",45,"2011",127,"CHINA","CHINA","CN","EAST ASIA & PACIFIC","Upper.middle.income",4961.2304,"CHICKEN",NA,NA,NA,NA,NA,NA,""
"59","WU H ET AL 2018","animal_prevalence_destination",50,"2012",115,"CHINA","CHINA","CN","EAST ASIA & PACIFIC","Upper.middle.income",5325.3584,"CHICKEN",NA,NA,NA,NA,NA,NA,""
"60","WU H ET AL 2018","animal_prevalence_destination",50,"2013",118,"CHINA","CHINA","CN","EAST ASIA & PACIFIC","Upper.middle.income",5710.6699,"CHICKEN",NA,NA,NA,NA,NA,NA,""
"61","WU H ET AL 2018","animal_prevalence_destination",57,"2014",114,"CHINA","CHINA","CN","EAST ASIA & PACIFIC","Upper.middle.income",6103.7484,"CHICKEN",NA,NA,NA,NA,NA,NA,""
"62","LI S ET AL  2016","animal_prevalence_destination",89,"2014-2015",169,"CHINA","CHINA","CN","EAST ASIA & PACIFIC","Upper.middle.income",6500.4183,"CHICKEN",NA,NA,NA,NA,NA,"unspecified","MDR"
"63","KUANG X ET AL 2015","animal_prevalence_destination",5,"2010",159,"CHINA","CHINA","CN","EAST ASIA & PACIFIC","Upper.middle.income",4550.4531,"CHICKEN",NA,NA,NA,NA,NA,"unspecified","MDR"
"64","WU H ET AL 2013","animal_prevalence_destination",9,"2011",699,"CHINA","CHINA","CN","EAST ASIA & PACIFIC","Upper.middle.income",4961.2304,"CHICKEN",NA,NA,NA,NA,NA,"unspecified","MDR"
"65","WU H ET AL 2013","animal_prevalence_destination",25,"2011",69,"CHINA","CHINA","CN","EAST ASIA & PACIFIC","Upper.middle.income",4961.2304,"CHICKEN",NA,NA,NA,NA,NA,"unspecified","MDR"
"66","WU H ET AL 2013","animal_prevalence_destination",15,"2011",65,"CHINA","CHINA","CN","EAST ASIA & PACIFIC","Upper.middle.income",4961.2304,"CHICKEN",NA,NA,NA,NA,NA,"unspecified","MDR"
"67","WU H ET AL 2013","animal_prevalence_destination",12,"2011",77,"CHINA","CHINA","CN","EAST ASIA & PACIFIC","Upper.middle.income",4961.2304,"CHICKEN",NA,NA,NA,NA,NA,"unspecified","MDR"
"68","WU H ET AL 2013","animal_prevalence_destination",8,"2011",117,"CHINA","CHINA","CN","EAST ASIA & PACIFIC","Upper.middle.income",4961.2304,"CHICKEN",NA,NA,NA,NA,NA,"unspecified","MDR"
"69","WU H ET AL 2013","animal_prevalence_destination",7,"2011",69,"CHINA","CHINA","CN","EAST ASIA & PACIFIC","Upper.middle.income",4961.2304,"CHICKEN",NA,NA,NA,NA,NA,"unspecified","MDR"
"70","WU H ET AL 2013","animal_prevalence_destination",5,"2011",116,"CHINA","CHINA","CN","EAST ASIA & PACIFIC","Upper.middle.income",4961.2304,"CHICKEN",NA,NA,NA,NA,NA,"unspecified","MDR"
"71","WU H ET AL 2013","animal_prevalence_destination",5,"2011",86,"CHINA","CHINA","CN","EAST ASIA & PACIFIC","Upper.middle.income",4961.2304,"CHICKEN",NA,NA,NA,NA,NA,"unspecified","MDR"
"72","WU H ET AL 2013","animal_prevalence_destination",0,"2011",100,"CHINA","CHINA","CN","EAST ASIA & PACIFIC","Upper.middle.income",4961.2304,"CHICKEN",NA,NA,NA,NA,NA,"unspecified","MDR"
"73","RUPPE ET AL 2015","human_acquisition_origin",60,"2015",5,"CHINA","CHINA","CN","EAST ASIA & PACIFIC","Upper.middle.income",6500.4183,"FRANCE","FRANCE","FR","EUROPE & CENTRAL ASIA","High.income",41793.5447,"unspecified","MDR (ESBL AMPC CPR)"
"74","ARCILLA ET AL 2017","human_acquisition_origin",54,"2001",67,"CHINA","CHINA","CN","EAST ASIA & PACIFIC","Lower.middle.income",1901.3623,"NETHERLANDS","NETHERLANDS","NL","EUROPE & CENTRAL ASIA","High.income",47158.4236,"3GCR","TRAVEL CARRIAGE ESBL"
"75","WOERTHER 2013","human_prevalence_destination",11,"2002",53,"CHINA","CHINA","CN","EAST ASIA & PACIFIC","Lower.middle.income",2061.1695,"",NA,NA,NA,NA,NA,NA,""
"76","WOERTHER 2013","human_prevalence_destination",7,"2007",270,"CHINA","CHINA","CN","EAST ASIA & PACIFIC","Lower.middle.income",3480.31,"",NA,NA,NA,NA,NA,NA,""
"77","WOERTHER 2013","human_prevalence_destination",46,"2007-2008",225,"CHINA","CHINA","CN","EAST ASIA & PACIFIC","Lower.middle.income",3796.6799,"",NA,NA,NA,NA,NA,NA,""
"78","WOERTHER 2013","human_prevalence_destination",51,"2009",109,"CHINA","CHINA","CN","EAST ASIA & PACIFIC","Upper.middle.income",4132.9119,"",NA,NA,NA,NA,NA,NA,""
"79","YANG ET AL 2010","animal_prevalence_destination",25,"2009",292,"CHINA","CHINA","CN","EAST ASIA & PACIFIC","Upper.middle.income",4132.9119,"CHICKEN",NA,NA,NA,NA,NA,"3GCR","ESBL"
"80","YANG ET AL 2010","animal_prevalence_destination",39,"2009",38,"CHINA","CHINA","CN","EAST ASIA & PACIFIC","Upper.middle.income",4132.9119,"CHICKEN",NA,NA,NA,NA,NA,"3GCR","ESBL"
"81","YANG ET AL 2010","animal_prevalence_destination",23,"2009",13,"CHINA","CHINA","CN","EAST ASIA & PACIFIC","Upper.middle.income",4132.9119,"CHICKEN",NA,NA,NA,NA,NA,"3GCR","ESBL"
"82","YANG ET AL 2010","animal_prevalence_destination",25,"2009",16,"CHINA","CHINA","CN","EAST ASIA & PACIFIC","Upper.middle.income",4132.9119,"CHICKEN",NA,NA,NA,NA,NA,"3GCR","ESBL"
"83","RUPPE ET AL 2015","human_acquisition_origin",0,"2015",10,"COLOMBIA","COLOMBIA","CO","LATIN AMERICA & CARIBBEAN","Upper.middle.income",7580.2757,"FRANCE","FRANCE","FR","EUROPE & CENTRAL ASIA","High.income",41793.5447,"unspecified","MDR (ESBL AMPC CPR)"
"84","RUPPE ET AL 2015","human_acquisition_origin",62,"2015",13,"CONGO, REP.","CONGO, REP.","CG","SUB-SAHARAN AFRICA","Lower.middle.income",3097.2761,"FRANCE","FRANCE","FR","EUROPE & CENTRAL ASIA","High.income",41793.5447,"unspecified","MDR (ESBL AMPC CPR)"
"85","RUPPE ET AL 2015","human_acquisition_origin",100,"2015",1,"COSTA RICA","COSTA RICA","CR","LATIN AMERICA & CARIBBEAN","Upper.middle.income",9219.3897,"FRANCE","FRANCE","FR","EUROPE & CENTRAL ASIA","High.income",41793.5447,"unspecified","MDR (ESBL AMPC CPR)"
"86","ANGELIN ET AL 2015","human_acquisition_origin",0,"2010-2014",1,"COSTA RICA","COSTA RICA","CR","LATIN AMERICA & CARIBBEAN","Upper.middle.income",8993.526,"GERMANY","GERMANY","DE","EUROPE & CENTRAL ASIA","High.income",44930.7921,"3GCR","TRAVEL CARRIAGE ESBL"
"87","RUPPE ET AL 2015","human_acquisition_origin",47,"2015",17,"COTE D'IVOIRE","COTE D'IVOIRE","CI","SUB-SAHARAN AFRICA","Lower.middle.income",1463.7105,"FRANCE","FRANCE","FR","EUROPE & CENTRAL ASIA","High.income",41793.5447,"unspecified","MDR (ESBL AMPC CPR)"
"88","RUPPE ET AL 2015","human_acquisition_origin",0,"2015",2,"CUBA","CUBA","CU","LATIN AMERICA & CARIBBEAN","Upper.middle.income",6522.7368,"FRANCE","FRANCE","FR","EUROPE & CENTRAL ASIA","High.income",41793.5447,"unspecified","MDR (ESBL AMPC CPR)"
"89","CARMO ET AL 2014","animal_prevalence_destination",1.2,"2009-2011",562,"DENMARK","DENMARK","DK","EUROPE & CENTRAL ASIA","High.income",58575.6078,"PIG",NA,NA,NA,NA,NA,"unspecified","MDR"
"90","CARMO ET AL 2014","animal_prevalence_destination",0.5,"2009-2011",382,"DENMARK","DENMARK","DK","EUROPE & CENTRAL ASIA","High.income",58575.6078,"COW",NA,NA,NA,NA,NA,NA,""
"91","CARMO ET AL 2014","animal_prevalence_destination",17.8,"2009-2011",440,"DENMARK","DENMARK","DK","EUROPE & CENTRAL ASIA","High.income",58575.6078,"CHICKEN",NA,NA,NA,NA,NA,NA,""
"92","CARMO ET AL 2014","animal_prevalence_destination",45,"2009-2011",571,"DENMARK","DENMARK","DK","EUROPE & CENTRAL ASIA","High.income",58575.6078,"CHICKEN",NA,NA,NA,NA,NA,NA,""
"93","WOERTHER 2013","human_prevalence_destination",4,"2008",84,"DENMARK","DENMARK","DK","EUROPE & CENTRAL ASIA","High.income",60504.777,"",NA,NA,NA,NA,NA,NA,""
"94","LUBBERT ET AL 2015","human_acquisition_origin",26,"2013",47,"EAST AFRICA",NA,NA,"EAST AFRICA",NA,NA,"GERMANY","GERMANY","DE","EUROPE & CENTRAL ASIA","High.income",44143.1278,"3GCR","TRAVEL CARRIAGE ESBL"
"95","PALTANSING ET AL 2013","human_acquisition_origin",67,"2013",33,"EAST ASIA & PACIFIC",NA,NA,"ASIA",NA,NA,"NETHERLANDS","NETHERLANDS","NL","EUROPE & CENTRAL ASIA","High.income",50565.3021,"unspecified","MDR-E"
"96","RUPPE ET AL 2015","human_acquisition_origin",57,"2015",7,"ECUADOR","ECUADOR","EC","LATIN AMERICA & CARIBBEAN","Upper.middle.income",5330.5392,"FRANCE","FRANCE","FR","EUROPE & CENTRAL ASIA","High.income",41793.5447,"unspecified","MDR (ESBL AMPC CPR)"
"97","ARCILLA ET AL 2017","human_acquisition_origin",80,"2001",30,"EGYPT, ARAB REP.","EGYPT, ARAB REP.","EG","MIDDLE EAST & NORTH AFRICA","Lower.middle.income",2013.2526,"NETHERLANDS","NETHERLANDS","NL","EUROPE & CENTRAL ASIA","High.income",47158.4236,"3GCR","TRAVEL CARRIAGE ESBL"
"98","WOERTHER 2013","human_prevalence_destination",63,"2010-2011",632,"EGYPT, ARAB REP.","EGYPT, ARAB REP.","EG","MIDDLE EAST & NORTH AFRICA","Lower.middle.income",2636.3394,"",NA,NA,NA,NA,NA,NA,""
"99","RUPPE ET AL 2015","human_acquisition_origin",50,"2015",4,"ETHIOPIA","ETHIOPIA","ET","SUB-SAHARAN AFRICA","Low.income",482.6391,"FRANCE","FRANCE","FR","EUROPE & CENTRAL ASIA","High.income",41793.5447,"unspecified","MDR (ESBL AMPC CPR)"
"100","CARMO ET AL 2014","animal_prevalence_destination",2.4,"2009-2011",448,"EU",NA,NA,"EUROPEAN UNION","High.income",33603.2175,"PIG",NA,NA,NA,NA,NA,NA,""
"101","CARMO ET AL 2014","animal_prevalence_destination",1.1,"2009-2011",298,"EU",NA,NA,"EUROPEAN UNION","High.income",33603.2175,"COW",NA,NA,NA,NA,NA,NA,""
"102","CARMO ET AL 2014","animal_prevalence_destination",44.7,"2009-2011",571,"EU",NA,NA,"EUROPEAN UNION","High.income",33603.2175,"CHICKEN",NA,NA,NA,NA,NA,NA,""
"103","MIRANDA ET AL 2016","human_acquisition_origin",0,"2013",5,"EU/NORTH AMERICA",NA,NA,"EUROPEAN UNION","High.income",33202.3717,"GERMANY","GERMANY","DE","EUROPE & CENTRAL ASIA","High.income",44143.1278,"3GCR","TRAVEL CARRIAGE ESBL"
"104","PALTANSING ET AL 2013","human_acquisition_origin",30,"2013",3,"EUROPE & CENTRAL ASIA (EXCLUDING HIGH INCOME)",NA,NA,"ASIA",NA,NA,"NETHERLANDS","NETHERLANDS","NL","EUROPE & CENTRAL ASIA","High.income",50565.3021,"unspecified","MDR-E"
"105","OSTHOLM ET AL 2013","human_acquisition_origin",0,"2008-2009",15,"EUROPEAN UNION",NA,NA,"EUROPEAN UNION","High.income",32272.7707,"SWEDEN","SWEDEN","SE","EUROPE & CENTRAL ASIA","High.income",50326.2221,"3GCR","TRAVEL CARRIAGE ESBL"
"106","RUPPE ET AL 2015","human_acquisition_origin",5,"2015",42,"FRANCE","FRANCE","FR","EUROPE & CENTRAL ASIA","High.income",41793.5447,"FRANCE","FRANCE","FR","EUROPE & CENTRAL ASIA","High.income",41793.5447,"unspecified","MDR (ESBL AMPC CPR)"
"107","RUPPE ET AL 2015","human_acquisition_origin",0,"2015",1,"FRANCE","FRANCE","FR","EUROPE & CENTRAL ASIA","High.income",41793.5447,"FRANCE","FRANCE","FR","EUROPE & CENTRAL ASIA","High.income",41793.5447,"unspecified","MDR (ESBL AMPC CPR)"
"108","WOERTHER 2013","human_prevalence_destination",0,"1999",517,"FRANCE","FRANCE","FR","EUROPE & CENTRAL ASIA","High.income",37116.4108,"",NA,NA,NA,NA,NA,NA,""
"109","WOERTHER 2013","human_prevalence_destination",1,"2006",332,"FRANCE","FRANCE","FR","EUROPE & CENTRAL ASIA","High.income",40850.3555,"",NA,NA,NA,NA,NA,NA,""
"110","WOERTHER 2013","human_prevalence_destination",7,"2008",500,"FRANCE","FRANCE","FR","EUROPE & CENTRAL ASIA","High.income",41456.4834,"",NA,NA,NA,NA,NA,NA,""
"111","WOERTHER 2013","human_prevalence_destination",2,"2009",517,"FRANCE","FRANCE","FR","EUROPE & CENTRAL ASIA","High.income",40058.6798,"",NA,NA,NA,NA,NA,NA,""
"112","WOERTHER 2013","human_prevalence_destination",6,"2011",345,"FRANCE","FRANCE","FR","EUROPE & CENTRAL ASIA","High.income",41329.0354,"",NA,NA,NA,NA,NA,NA,""
"113","WOERTHER 2013","human_prevalence_destination",8,"2006",163,"FRANCE","FRANCE","FR","EUROPE & CENTRAL ASIA","High.income",40850.3555,"",NA,NA,NA,NA,NA,NA,""
"114","RUPPE ET AL 2015","human_acquisition_origin",67,"2015",3,"GABON","GABON","GA","SUB-SAHARAN AFRICA","Upper.middle.income",9521.2886,"FRANCE","FRANCE","FR","EUROPE & CENTRAL ASIA","High.income",41793.5447,"unspecified","MDR (ESBL AMPC CPR)"
"115","ARCILLA ET AL 2017","human_acquisition_origin",16,"2001",49,"GAMBIA, THE","GAMBIA, THE","GM","SUB-SAHARAN AFRICA","Low.income",853.5316,"NETHERLANDS","NETHERLANDS","NL","EUROPE & CENTRAL ASIA","High.income",47158.4236,"3GCR","TRAVEL CARRIAGE ESBL"
"116","WU ET AL 2013","human_prevalence_destination",93,"2005-2009",14,"GERMANY","GERMANY","DE","EUROPE & CENTRAL ASIA","High.income",39804.5723,"",NA,NA,NA,NA,NA,"3GCR","CTX-M-1"
"117","WU ET AL 2013","human_prevalence_destination",7,"2005-2009",14,"GERMANY","GERMANY","DE","EUROPE & CENTRAL ASIA","High.income",39804.5723,"",NA,NA,NA,NA,NA,"3GCR","CTX-M-9"
"118","WU ET AL 2013","human_prevalence_destination",0,"2005-2009",14,"GERMANY","GERMANY","DE","EUROPE & CENTRAL ASIA","High.income",39804.5723,"",NA,NA,NA,NA,NA,"3GCR","SHV"
"119","WU ET AL 2013","human_prevalence_destination",7,"2005-2009",14,"GERMANY","GERMANY","DE","EUROPE & CENTRAL ASIA","High.income",39804.5723,"",NA,NA,NA,NA,NA,"3GCR","CMY-611"
"120","WU ET AL 2013","human_prevalence_destination",7,"2005-2009",14,"GERMANY","GERMANY","DE","EUROPE & CENTRAL ASIA","High.income",39804.5723,"",NA,NA,NA,NA,NA,"3GCR","CMY-11"
"121","WU ET AL 2013","human_prevalence_destination",7,"2005-2009",14,"GERMANY","GERMANY","DE","EUROPE & CENTRAL ASIA","High.income",39804.5723,"",NA,NA,NA,NA,NA,"3GCR","MOX"
"122","WU ET AL 2013","animal_prevalence_destination",18,"2005-2009",11,"GERMANY","GERMANY","DE","EUROPE & CENTRAL ASIA","High.income",39804.5723,"CHICKEN",NA,NA,NA,NA,NA,"3GCR","CTX-M-1"
"123","WU ET AL 2013","animal_prevalence_destination",0,"2005-2009",11,"GERMANY","GERMANY","DE","EUROPE & CENTRAL ASIA","High.income",39804.5723,"CHICKEN",NA,NA,NA,NA,NA,"3GCR","CTX-M-9"
"124","WU ET AL 2013","animal_prevalence_destination",0,"2005-2009",11,"GERMANY","GERMANY","DE","EUROPE & CENTRAL ASIA","High.income",39804.5723,"CHICKEN",NA,NA,NA,NA,NA,"3GCR","SHV"
"125","WU ET AL 2013","animal_prevalence_destination",72,"2005-2009",11,"GERMANY","GERMANY","DE","EUROPE & CENTRAL ASIA","High.income",39804.5723,"CHICKEN",NA,NA,NA,NA,NA,"3GCR","CMY-611"
"126","WU ET AL 2013","animal_prevalence_destination",73,"2005-2009",11,"GERMANY","GERMANY","DE","EUROPE & CENTRAL ASIA","High.income",39804.5723,"CHICKEN",NA,NA,NA,NA,NA,"3GCR","CMY-11"
"127","WU ET AL 2013","animal_prevalence_destination",0,"2005-2009",11,"GERMANY","GERMANY","DE","EUROPE & CENTRAL ASIA","High.income",39804.5723,"CHICKEN",NA,NA,NA,NA,NA,"3GCR","MOX"
"128","TIPPELSKIRCH ET AL 2018","animal_prevalence_destination",47,"2014-2016",175,"GERMANY","GERMANY","DE","EUROPE & CENTRAL ASIA","High.income",45844.6381,"CHICKEN",NA,NA,NA,NA,NA,"3GCR","CEFOTAXIME"
"129","TIPPELSKIRCH ET AL 2018","animal_prevalence_destination",55,"2014-2016",175,"GERMANY","GERMANY","DE","EUROPE & CENTRAL ASIA","High.income",45844.6381,"CHICKEN",NA,NA,NA,NA,NA,"3GCR","CEFOTAXIME"
"130","TIPPELSKIRCH ET AL 2018","animal_prevalence_destination",28,"2014-2016",175,"GERMANY","GERMANY","DE","EUROPE & CENTRAL ASIA","High.income",45844.6381,"CHICKEN",NA,NA,NA,NA,NA,"3GCR","CEFOTAXIME"
"131","WOERTHER 2013","human_prevalence_destination",4,"2011",231,"GERMANY","GERMANY","DE","EUROPE & CENTRAL ASIA","High.income",43969.7075,"",NA,NA,NA,NA,NA,NA,""
"132","RUPPE ET AL 2015","human_acquisition_origin",100,"2015",1,"GHANA","GHANA","GH","SUB-SAHARAN AFRICA","Lower.middle.income",1625.9058,"FRANCE","FRANCE","FR","EUROPE & CENTRAL ASIA","High.income",41793.5447,"unspecified","MDR (ESBL AMPC CPR)"
"133","ARCILLA ET AL 2017","human_acquisition_origin",40,"2001",20,"GHANA","GHANA","GH","SUB-SAHARAN AFRICA","Low.income",966.9376,"NETHERLANDS","NETHERLANDS","NL","EUROPE & CENTRAL ASIA","High.income",47158.4236,"3GCR","TRAVEL CARRIAGE ESBL"
"134","EIBACH ET AL 2018","animal_prevalence_destination",44,"2015",68,"GHANA","GHANA","GH","SUB-SAHARAN AFRICA","Lower.middle.income",1625.9058,"CHICKEN",NA,NA,NA,NA,NA,"3GCR","CEFOTAXIME&CEFTAZIDIME"
"135","EIBACH ET AL 2018","animal_prevalence_destination",23,"2015",31,"GHANA","GHANA","GH","SUB-SAHARAN AFRICA","Lower.middle.income",1625.9058,"CHICKEN",NA,NA,NA,NA,NA,"3GCR","CEFOTAXIME&CEFTAZIDIME"
"136","RUPPE ET AL 2015","human_acquisition_origin",75,"2015",4,"GUINEA","GUINEA","GN","SUB-SAHARAN AFRICA","Low.income",750.4031,"FRANCE","FRANCE","FR","EUROPE & CENTRAL ASIA","High.income",41793.5447,"unspecified","MDR (ESBL AMPC CPR)"
"137","RUPPE ET AL 2015","human_acquisition_origin",0,"2015",3,"GUINEA-BISSAU","GUINEA-BISSAU","GW","SUB-SAHARAN AFRICA","Low.income",575.0521,"FRANCE","FRANCE","FR","EUROPE & CENTRAL ASIA","High.income",41793.5447,"unspecified","MDR (ESBL AMPC CPR)"
"138","RUPPE ET AL 2015","human_acquisition_origin",0,"2015",1,"HONDURAS","HONDURAS","HN","LATIN AMERICA & CARIBBEAN","Lower.middle.income",2067.29,"FRANCE","FRANCE","FR","EUROPE & CENTRAL ASIA","High.income",41793.5447,"unspecified","MDR (ESBL AMPC CPR)"
"139","HUSSAIN ET AL 2017","animal_prevalence_destination",24,"2015",32,"INDIA","INDIA","IN","SOUTH ASIA","Lower.middle.income",1751.6644,"CHICKEN",NA,NA,NA,NA,NA,"3GCR","ESBL"
"140","HUSSAIN ET AL 2017","animal_prevalence_destination",9,"2015",12,"INDIA","INDIA","IN","SOUTH ASIA","Lower.middle.income",1751.6644,"CHICKEN",NA,NA,NA,NA,NA,"3GCR","CTX"
"141","BHOOMIKA ET AL 2016","animal_prevalence_destination",3,"2014",98,"INDIA","INDIA","IN","SOUTH ASIA","Lower.middle.income",1640.1807,"CHICKEN",NA,NA,NA,NA,NA,"unspecified","MDR"
"142","BHOOMIKA ET AL 2016","animal_prevalence_destination",18,"2014",82,"INDIA","INDIA","IN","SOUTH ASIA","Lower.middle.income",1640.1807,"GOAT",NA,NA,NA,NA,NA,NA,""
"143","BHOOMIKA ET AL 2016","animal_prevalence_destination",12,"2014",90,"INDIA","INDIA","IN","SOUTH ASIA","Lower.middle.income",1640.1807,"COW",NA,NA,NA,NA,NA,NA,""
"144","BHOOMIKA ET AL 2016","human_prevalence_destination",20,"2014",60,"INDIA","INDIA","IN","SOUTH ASIA","Lower.middle.income",1640.1807,"",NA,NA,NA,NA,NA,NA,""
"145","BROWER ET AL 2017","animal_prevalence_destination",87,"2014",270,"INDIA","INDIA","IN","SOUTH ASIA","Lower.middle.income",1640.1807,"CHICKEN",NA,NA,NA,NA,NA,"unspecified","MDR"
"146","BROWER ET AL 2017","animal_prevalence_destination",42,"2014",240,"INDIA","INDIA","IN","SOUTH ASIA","Lower.middle.income",1640.1807,"CHICKEN",NA,NA,NA,NA,NA,"unspecified","MDR"
"147","BROWER ET AL 2017","animal_prevalence_destination",66,"2014",510,"INDIA","INDIA","IN","SOUTH ASIA","Lower.middle.income",1640.1807,"CHICKEN",NA,NA,NA,NA,NA,"unspecified","MDR"
"148","KUENZLI ET AL","human_acquisition_origin",87,"2013",68,"INDIA","INDIA","IN","SOUTH ASIA","Lower.middle.income",1544.6192,"SWITZERLAND","SWITZERLAND","CH","EUROPE & CENTRAL ASIA","High.income",75499.7068,"unspecified","MDR"
"149","RUPPE ET AL 2015","human_acquisition_origin",91,"2015",53,"INDIA","INDIA","IN","SOUTH ASIA","Lower.middle.income",1751.6644,"FRANCE","FRANCE","FR","EUROPE & CENTRAL ASIA","High.income",41793.5447,"unspecified","MDR (ESBL AMPC CPR)"
"150","LUBBERT ET AL 2015","human_acquisition_origin",73,"2013",15,"INDIA","INDIA","IN","SOUTH ASIA","Lower.middle.income",1544.6192,"GERMANY","GERMANY","DE","EUROPE & CENTRAL ASIA","High.income",44143.1278,"3GCR","TRAVEL CARRIAGE ESBL"
"151","PEIRANO ET AL 2017","human_acquisition_origin",73,"2012-2014",90,"INDIA","INDIA","IN","SOUTH ASIA","Lower.middle.income",1640.1807,"CANADA","CANADA","CA","NORTH AMERICA","High.income",50306.9446,"3GCR","TRAVEL CARRIAGE ESBL"
"152","ARCILLA ET AL 2017","human_acquisition_origin",89,"2001",79,"INDIA","INDIA","IN","SOUTH ASIA","Low.income",851.6166,"NETHERLANDS","NETHERLANDS","NL","EUROPE & CENTRAL ASIA","High.income",47158.4236,"3GCR","TRAVEL CARRIAGE ESBL"
"153","MIRANDA ET AL 2016","human_acquisition_origin",72,"2013",81,"INDIA","INDIA","IN","SOUTH ASIA","Lower.middle.income",1544.6192,"GERMANY","GERMANY","DE","EUROPE & CENTRAL ASIA","High.income",44143.1278,"3GCR","TRAVEL CARRIAGE ESBL"
"154","ANGELIN ET AL 2015","human_acquisition_origin",70,"2010-2014",30,"INDIA","INDIA","IN","SOUTH ASIA","Lower.middle.income",1640.1807,"GERMANY","GERMANY","DE","EUROPE & CENTRAL ASIA","High.income",44930.7921,"3GCR","TRAVEL CARRIAGE ESBL"
"155","TANGDEN ET AL 2010","human_acquisition_origin",88,"2007",8,"INDIA","INDIA","IN","SOUTH ASIA","Lower.middle.income",1173.8753,"SWEDEN","SWEDEN","SE","EUROPE & CENTRAL ASIA","High.income",53716.4434,"3GCR","TRAVEL CARRIAGE ESBL"
"156","RUPPE ET AL 2015","human_acquisition_origin",36,"2015",17,"INDONESIA","INDONESIA","ID","EAST ASIA & PACIFIC","Lower.middle.income",3824.2749,"FRANCE","FRANCE","FR","EUROPE & CENTRAL ASIA","High.income",41793.5447,"unspecified","MDR (ESBL AMPC CPR)"
"157","ARCILLA ET AL 2017","human_acquisition_origin",19,"2001",211,"INDONESIA","INDONESIA","ID","EAST ASIA & PACIFIC","Lower.middle.income",2191.5742,"NETHERLANDS","NETHERLANDS","NL","EUROPE & CENTRAL ASIA","High.income",47158.4236,"3GCR","TRAVEL CARRIAGE ESBL"
"158","WOERTHER 2013","human_prevalence_destination",0,"2001-2002",1998,"INDONESIA","INDONESIA","ID","EAST ASIA & PACIFIC","Lower.middle.income",2259.3077,"",NA,NA,NA,NA,NA,NA,""
"159","ANGELIN ET AL 2015","human_acquisition_origin",0,"2010-2014",1,"ISRAEL","ISRAEL","IL","MIDDLE EAST & NORTH AFRICA","High.income",32977.9608,"GERMANY","GERMANY","DE","EUROPE & CENTRAL ASIA","High.income",44930.7921,"3GCR","TRAVEL CARRIAGE ESBL"
"160","WOERTHER 2013","human_prevalence_destination",6,"2009-2010",218,"JAPAN","JAPAN","JP","EAST ASIA & PACIFIC","High.income",44507.6764,"",NA,NA,NA,NA,NA,NA,""
"161","RUPPE ET AL 2015","human_acquisition_origin",67,"2015",6,"KENYA","KENYA","KE","SUB-SAHARAN AFRICA","Lower.middle.income",1093.1342,"FRANCE","FRANCE","FR","EUROPE & CENTRAL ASIA","High.income",41793.5447,"unspecified","MDR (ESBL AMPC CPR)"
"162","ARCILLA ET AL 2017","human_acquisition_origin",33,"2001",30,"KENYA","KENYA","KE","SUB-SAHARAN AFRICA","Low.income",827.7052,"NETHERLANDS","NETHERLANDS","NL","EUROPE & CENTRAL ASIA","High.income",47158.4236,"3GCR","TRAVEL CARRIAGE ESBL"
"163","WOERTHER 2013","human_prevalence_destination",20,"2011",290,"KOREA, REP.","KOREA, REP.","KR","EAST ASIA & PACIFIC","High.income",23754.7725,"",NA,NA,NA,NA,NA,NA,""
"164","NAKAYAMA ET AL 2015","human_prevalence_destination",72,"2012",57,"LAO PDR","LAO PDR","LA","EAST ASIA & PACIFIC","Lower.middle.income",1290.8377,"",NA,NA,NA,NA,NA,"unspecified","MDR"
"165","RUPPE ET AL 2015","human_acquisition_origin",100,"2015",2,"LAO PDR","LAO PDR","LA","EAST ASIA & PACIFIC","Lower.middle.income",1538.8512,"FRANCE","FRANCE","FR","EUROPE & CENTRAL ASIA","High.income",41793.5447,"unspecified","MDR (ESBL AMPC CPR)"
"166","PALTANSING ET AL 2013","human_acquisition_origin",25,"2013",28,"LATIN AMERICA & CARIBBEAN",NA,NA,"LATIN AMERICA & CARIBBEAN","Upper.middle.income",9684.3332,"NETHERLANDS","NETHERLANDS","NL","EUROPE & CENTRAL ASIA","High.income",50565.3021,NA,""
"167","LUBBERT ET AL 2015","human_acquisition_origin",7,"2013",15,"LATIN AMERICA & CARIBBEAN",NA,NA,"LATIN AMERICA & CARIBBEAN","Upper.middle.income",9684.3332,"GERMANY","GERMANY","DE","EUROPE & CENTRAL ASIA","High.income",44143.1278,"3GCR","TRAVEL CARRIAGE ESBL"
"168","TANGDEN ET AL 2010","human_acquisition_origin",0,"2007",6,"LATIN AMERICA & CARIBBEAN",NA,NA,"LATIN AMERICA & CARIBBEAN","Upper.middle.income",8702.3311,"SWEDEN","SWEDEN","SE","EUROPE & CENTRAL ASIA","High.income",53716.4434,"3GCR","TRAVEL CARRIAGE ESBL"
"169","PALTANSING ET AL 2013","human_acquisition_origin",30,"2013",56,"LATIN AMERICA & CARIBBEAN",NA,NA,"LATIN AMERICA & CARIBBEAN","Upper.middle.income",9684.3332,"NETHERLANDS","NETHERLANDS","NL","EUROPE & CENTRAL ASIA","High.income",50565.3021,NA,""
"170","PALTANSING ET AL 2013","human_acquisition_origin",6,"2013",32,"LATIN AMERICA & CARIBBEAN",NA,NA,"LATIN AMERICA & CARIBBEAN","Upper.middle.income",9684.3332,"NETHERLANDS","NETHERLANDS","NL","EUROPE & CENTRAL ASIA","High.income",50565.3021,NA,""
"171","RUPPE ET AL 2015","human_persistence_origin",100,"2015",292,"LATIN AMERICA & CARIBBEAN",NA,NA,"LATIN AMERICA & CARIBBEAN","Upper.middle.income",9590.5319,"FRANCE","FRANCE","FR","EUROPE & CENTRAL ASIA","High.income",41793.5447,"unspecified","MDR (ESBL AMPC CPR)"
"172","RUPPE ET AL 2015","human_persistence_origin",20,"2015",245,"LATIN AMERICA & CARIBBEAN",NA,NA,"LATIN AMERICA & CARIBBEAN","Upper.middle.income",9590.5319,"FRANCE","FRANCE","FR","EUROPE & CENTRAL ASIA","High.income",41793.5447,"unspecified","MDR (ESBL AMPC CPR)"
"173","RUPPE ET AL 2015","human_persistence_origin",10,"2015",236,"LATIN AMERICA & CARIBBEAN",NA,NA,"LATIN AMERICA & CARIBBEAN","Upper.middle.income",9590.5319,"FRANCE","FRANCE","FR","EUROPE & CENTRAL ASIA","High.income",41793.5447,"unspecified","MDR (ESBL AMPC CPR)"
"174","RUPPE ET AL 2015","human_persistence_origin",6,"2015",233,"LATIN AMERICA & CARIBBEAN",NA,NA,"LATIN AMERICA & CARIBBEAN","Upper.middle.income",9590.5319,"FRANCE","FRANCE","FR","EUROPE & CENTRAL ASIA","High.income",41793.5447,"unspecified","MDR (ESBL AMPC CPR)"
"175","RUPPE ET AL 2015","human_persistence_origin",6,"2015",230,"LATIN AMERICA & CARIBBEAN",NA,NA,"LATIN AMERICA & CARIBBEAN","Upper.middle.income",9590.5319,"FRANCE","FRANCE","FR","EUROPE & CENTRAL ASIA","High.income",41793.5447,"unspecified","MDR (ESBL AMPC CPR)"
"176","RUPPE ET AL 2015","human_persistence_origin",2,"2015",227,"LATIN AMERICA & CARIBBEAN",NA,NA,"LATIN AMERICA & CARIBBEAN","Upper.middle.income",9590.5319,"FRANCE","FRANCE","FR","EUROPE & CENTRAL ASIA","High.income",41793.5447,"unspecified","MDR (ESBL AMPC CPR)"
"177","OSTHOLM ET AL 2013","human_acquisition_origin",7,"2008-2009",29,"LATIN AMERICA & CARIBBEAN",NA,NA,"LATIN AMERICA & CARIBBEAN","Upper.middle.income",8671.2014,"SWEDEN","SWEDEN","SE","EUROPE & CENTRAL ASIA","High.income",50326.2221,"3GCR","TRAVEL CARRIAGE ESBL"
"178","LUBBERT ET AL 2015","human_acquisition_origin",8,"2013",63,"LATIN AMERICA & CARIBBEAN",NA,NA,"LATIN AMERICA & CARIBBEAN","Upper.middle.income",9684.3332,"GERMANY","GERMANY","DE","EUROPE & CENTRAL ASIA","High.income",44143.1278,"3GCR","TRAVEL CARRIAGE ESBL"
"179","MIRANDA ET AL 2016","human_acquisition_origin",15,"2013",21,"LATIN AMERICA & CARIBBEAN",NA,NA,"LATIN AMERICA & CARIBBEAN","Upper.middle.income",9684.3332,"GERMANY","GERMANY","DE","EUROPE & CENTRAL ASIA","High.income",44143.1278,"3GCR","TRAVEL CARRIAGE ESBL"
"180","TANGDEN ET AL 2010","human_acquisition_origin",0,"2007",1,"LATIN AMERICA & CARIBBEAN",NA,NA,"LATIN AMERICA & CARIBBEAN","Upper.middle.income",8702.3311,"SWEDEN","SWEDEN","SE","EUROPE & CENTRAL ASIA","High.income",53716.4434,"3GCR","TRAVEL CARRIAGE ESBL"
"181","HIJAZI ET AL 2016","human_prevalence_destination",25,"2013",125,"LEBANON","LEBANON","LB","MIDDLE EAST & NORTH AFRICA","Upper.middle.income",6978.9526,"",NA,NA,NA,NA,NA,"unspecified","MDR"
"182","DANDACHI ET AL 2018","animal_prevalence_destination",41,"2015",27,"LEBANON","LEBANON","LB","MIDDLE EAST & NORTH AFRICA","Upper.middle.income",6487.8991,"CHICKEN",NA,NA,NA,NA,NA,"unspecified","MDR"
"183","DANDACHI ET AL 2018","animal_prevalence_destination",19,"2015",27,"LEBANON","LEBANON","LB","MIDDLE EAST & NORTH AFRICA","Upper.middle.income",6487.8991,"CHICKEN",NA,NA,NA,NA,NA,"unspecified","MDR"
"184","DANDACHI ET AL 2018","animal_prevalence_destination",7,"2015",27,"LEBANON","LEBANON","LB","MIDDLE EAST & NORTH AFRICA","Upper.middle.income",6487.8991,"CHICKEN",NA,NA,NA,NA,NA,"unspecified","MDR"
"185","DANDACHI ET AL 2018","animal_prevalence_destination",45,"2015",20,"LEBANON","LEBANON","LB","MIDDLE EAST & NORTH AFRICA","Upper.middle.income",6487.8991,"CHICKEN",NA,NA,NA,NA,NA,"unspecified","MDR"
"186","DANDACHI ET AL 2018","animal_prevalence_destination",70,"2015",20,"LEBANON","LEBANON","LB","MIDDLE EAST & NORTH AFRICA","Upper.middle.income",6487.8991,"CHICKEN",NA,NA,NA,NA,NA,"unspecified","MDR"
"187","DANDACHI ET AL 2018","animal_prevalence_destination",65,"2015",20,"LEBANON","LEBANON","LB","MIDDLE EAST & NORTH AFRICA","Upper.middle.income",6487.8991,"CHICKEN",NA,NA,NA,NA,NA,"unspecified","MDR"
"188","DANDACHI ET AL 2018","animal_prevalence_destination",40,"2015",20,"LEBANON","LEBANON","LB","MIDDLE EAST & NORTH AFRICA","Upper.middle.income",6487.8991,"CHICKEN",NA,NA,NA,NA,NA,"unspecified","MDR"
"189","DANDACHI ET AL 2018","animal_prevalence_destination",25,"2015",20,"LEBANON","LEBANON","LB","MIDDLE EAST & NORTH AFRICA","Upper.middle.income",6487.8991,"CHICKEN",NA,NA,NA,NA,NA,"unspecified","MDR"
"190","DANDACHI ET AL 2018","animal_prevalence_destination",25,"2015",20,"LEBANON","LEBANON","LB","MIDDLE EAST & NORTH AFRICA","Upper.middle.income",6487.8991,"CHICKEN",NA,NA,NA,NA,NA,"unspecified","MDR"
"191","DANDACHI ET AL 2018","animal_prevalence_destination",45,"2015",20,"LEBANON","LEBANON","LB","MIDDLE EAST & NORTH AFRICA","Upper.middle.income",6487.8991,"CHICKEN",NA,NA,NA,NA,NA,"unspecified","MDR"
"192","DANDACHI ET AL 2018","animal_prevalence_destination",55,"2015",20,"LEBANON","LEBANON","LB","MIDDLE EAST & NORTH AFRICA","Upper.middle.income",6487.8991,"CHICKEN",NA,NA,NA,NA,NA,"unspecified","MDR"
"193","DANDACHI ET AL 2018","animal_prevalence_destination",55,"2015",20,"LEBANON","LEBANON","LB","MIDDLE EAST & NORTH AFRICA","Upper.middle.income",6487.8991,"CHICKEN",NA,NA,NA,NA,NA,"unspecified","MDR"
"194","DANDACHI ET AL 2018","animal_prevalence_destination",5,"2015",20,"LEBANON","LEBANON","LB","MIDDLE EAST & NORTH AFRICA","Upper.middle.income",6487.8991,"CHICKEN",NA,NA,NA,NA,NA,"unspecified","MDR"
"195","DANDACHI ET AL 2018","animal_prevalence_destination",20,"2015",20,"LEBANON","LEBANON","LB","MIDDLE EAST & NORTH AFRICA","Upper.middle.income",6487.8991,"CHICKEN",NA,NA,NA,NA,NA,"unspecified","MDR"
"196","DANDACHI ET AL 2018","animal_prevalence_destination",30,"2015",20,"LEBANON","LEBANON","LB","MIDDLE EAST & NORTH AFRICA","Upper.middle.income",6487.8991,"CHICKEN",NA,NA,NA,NA,NA,"unspecified","MDR"
"197","DANDACHI ET AL 2018","animal_prevalence_destination",15,"2015",20,"LEBANON","LEBANON","LB","MIDDLE EAST & NORTH AFRICA","Upper.middle.income",6487.8991,"CHICKEN",NA,NA,NA,NA,NA,"unspecified","MDR"
"198","DANDACHI ET AL 2018","animal_prevalence_destination",5,"2015",20,"LEBANON","LEBANON","LB","MIDDLE EAST & NORTH AFRICA","Upper.middle.income",6487.8991,"CHICKEN",NA,NA,NA,NA,NA,"unspecified","MDR"
"199","DANDACHI ET AL 2018","animal_prevalence_destination",30,"2015",20,"LEBANON","LEBANON","LB","MIDDLE EAST & NORTH AFRICA","Upper.middle.income",6487.8991,"CHICKEN",NA,NA,NA,NA,NA,"unspecified","MDR"
"200","DANDACHI ET AL 2018","animal_prevalence_destination",15,"2015",20,"LEBANON","LEBANON","LB","MIDDLE EAST & NORTH AFRICA","Upper.middle.income",6487.8991,"CHICKEN",NA,NA,NA,NA,NA,"unspecified","MDR"
"201","DANDACHI ET AL 2018","animal_prevalence_destination",15,"2015",20,"LEBANON","LEBANON","LB","MIDDLE EAST & NORTH AFRICA","Upper.middle.income",6487.8991,"CHICKEN",NA,NA,NA,NA,NA,"unspecified","MDR"
"202","DANDACHI ET AL 2018","animal_prevalence_destination",15,"2015",20,"LEBANON","LEBANON","LB","MIDDLE EAST & NORTH AFRICA","Upper.middle.income",6487.8991,"CHICKEN",NA,NA,NA,NA,NA,"unspecified","MDR"
"203","DANDACHI ET AL 2018","animal_prevalence_destination",5,"2015",21,"LEBANON","LEBANON","LB","MIDDLE EAST & NORTH AFRICA","Upper.middle.income",6487.8991,"CHICKEN",NA,NA,NA,NA,NA,"unspecified","MDR"
"204","DANDACHI ET AL 2018","animal_prevalence_destination",20,"2015",20,"LEBANON","LEBANON","LB","MIDDLE EAST & NORTH AFRICA","Upper.middle.income",6487.8991,"CHICKEN",NA,NA,NA,NA,NA,"unspecified","MDR"
"205","DANDACHI ET AL 2018","animal_prevalence_destination",10,"2015",20,"LEBANON","LEBANON","LB","MIDDLE EAST & NORTH AFRICA","Upper.middle.income",6487.8991,"CHICKEN",NA,NA,NA,NA,NA,"unspecified","MDR"
"206","DANDACHI ET AL 2018","animal_prevalence_destination",5,"2015",20,"LEBANON","LEBANON","LB","MIDDLE EAST & NORTH AFRICA","Upper.middle.income",6487.8991,"CHICKEN",NA,NA,NA,NA,NA,"unspecified","MDR"
"207","DANDACHI ET AL 2018","animal_prevalence_destination",5,"2015",20,"LEBANON","LEBANON","LB","MIDDLE EAST & NORTH AFRICA","Upper.middle.income",6487.8991,"CHICKEN",NA,NA,NA,NA,NA,"unspecified","MDR"
"208","DANDACHI ET AL 2018","animal_prevalence_destination",40,"2015",20,"LEBANON","LEBANON","LB","MIDDLE EAST & NORTH AFRICA","Upper.middle.income",6487.8991,"CHICKEN",NA,NA,NA,NA,NA,"unspecified","MDR"
"209","DANDACHI ET AL 2018","animal_prevalence_destination",20,"2015",20,"LEBANON","LEBANON","LB","MIDDLE EAST & NORTH AFRICA","Upper.middle.income",6487.8991,"CHICKEN",NA,NA,NA,NA,NA,"unspecified","MDR"
"210","DANDACHI ET AL 2018","animal_prevalence_destination",35,"2015",20,"LEBANON","LEBANON","LB","MIDDLE EAST & NORTH AFRICA","Upper.middle.income",6487.8991,"CHICKEN",NA,NA,NA,NA,NA,"unspecified","MDR"
"211","DANDACHI ET AL 2018","animal_prevalence_destination",10,"2015",20,"LEBANON","LEBANON","LB","MIDDLE EAST & NORTH AFRICA","Upper.middle.income",6487.8991,"CHICKEN",NA,NA,NA,NA,NA,"unspecified","MDR"
"212","DANDACHI ET AL 2018","animal_prevalence_destination",20,"2015",20,"LEBANON","LEBANON","LB","MIDDLE EAST & NORTH AFRICA","Upper.middle.income",6487.8991,"CHICKEN",NA,NA,NA,NA,NA,"unspecified","MDR"
"213","DANDACHI ET AL 2018","animal_prevalence_destination",25,"2015",20,"LEBANON","LEBANON","LB","MIDDLE EAST & NORTH AFRICA","Upper.middle.income",6487.8991,"CHICKEN",NA,NA,NA,NA,NA,"unspecified","MDR"
"214","DANDACHI ET AL 2018","animal_prevalence_destination",15,"2015",20,"LEBANON","LEBANON","LB","MIDDLE EAST & NORTH AFRICA","Upper.middle.income",6487.8991,"CHICKEN",NA,NA,NA,NA,NA,"unspecified","MDR"
"215","DANDACHI ET AL 2018","animal_prevalence_destination",30,"2015",20,"LEBANON","LEBANON","LB","MIDDLE EAST & NORTH AFRICA","Upper.middle.income",6487.8991,"CHICKEN",NA,NA,NA,NA,NA,"unspecified","MDR"
"216","DANDACHI ET AL 2018","animal_prevalence_destination",50,"2015",20,"LEBANON","LEBANON","LB","MIDDLE EAST & NORTH AFRICA","Upper.middle.income",6487.8991,"CHICKEN",NA,NA,NA,NA,NA,"unspecified","MDR"
"217","DANDACHI ET AL 2018","animal_prevalence_destination",25,"2015",20,"LEBANON","LEBANON","LB","MIDDLE EAST & NORTH AFRICA","Upper.middle.income",6487.8991,"CHICKEN",NA,NA,NA,NA,NA,"unspecified","MDR"
"218","DANDACHI ET AL 2018","animal_prevalence_destination",5,"2015",20,"LEBANON","LEBANON","LB","MIDDLE EAST & NORTH AFRICA","Upper.middle.income",6487.8991,"CHICKEN",NA,NA,NA,NA,NA,"unspecified","MDR"
"219","DANDACHI ET AL 2018","animal_prevalence_destination",30,"2015",20,"LEBANON","LEBANON","LB","MIDDLE EAST & NORTH AFRICA","Upper.middle.income",6487.8991,"CHICKEN",NA,NA,NA,NA,NA,"unspecified","MDR"
"220","WOERTHER 2013","human_prevalence_destination",2,"2003",382,"LEBANON","LEBANON","LB","MIDDLE EAST & NORTH AFRICA","Upper.middle.income",5549.5608,"",NA,NA,NA,NA,NA,NA,""
"221","RUPPE ET AL 2015","human_acquisition_origin",57,"2015",7,"MADAGASCAR","MADAGASCAR","MG","SUB-SAHARAN AFRICA","Low.income",469.9424,"FRANCE","FRANCE","FR","EUROPE & CENTRAL ASIA","High.income",41793.5447,"unspecified","MDR (ESBL AMPC CPR)"
"222","WOERTHER 2013","human_prevalence_destination",22,"2008",244,"MADAGASCAR","MADAGASCAR","MG","SUB-SAHARAN AFRICA","Low.income",516.7096,"",NA,NA,NA,NA,NA,NA,""
"223","WOERTHER 2013","human_prevalence_destination",10,"2009",484,"MADAGASCAR","MADAGASCAR","MG","SUB-SAHARAN AFRICA","Low.income",482.3384,"",NA,NA,NA,NA,NA,NA,""
"224","ALIYU ET AL 2016","animal_prevalence_destination",49,"2012-2013",240,"MALAYSIA","MALAYSIA","MY","EAST ASIA & PACIFIC","Upper.middle.income",10061.7154,"CHICKEN",NA,NA,NA,NA,NA,"3GCR","CTX"
"225","RUPPE ET AL 2015","human_acquisition_origin",17,"2015",6,"MALAYSIA","MALAYSIA","MY","EAST ASIA & PACIFIC","Upper.middle.income",10912.1531,"FRANCE","FRANCE","FR","EUROPE & CENTRAL ASIA","High.income",41793.5447,"unspecified","MDR (ESBL AMPC CPR)"
"226","ARCILLA ET AL 2017","human_acquisition_origin",25,"2001",28,"MALAYSIA","MALAYSIA","MY","EAST ASIA & PACIFIC","Upper.middle.income",6890.3641,"NETHERLANDS","NETHERLANDS","NL","EUROPE & CENTRAL ASIA","High.income",47158.4236,"3GCR","TRAVEL CARRIAGE ESBL"
"227","RUPPE ET AL 2015","human_acquisition_origin",0,"2015",2,"MALDIVES","MALDIVES","MV","SOUTH ASIA","Upper.middle.income",7501.5452,"FRANCE","FRANCE","FR","EUROPE & CENTRAL ASIA","High.income",41793.5447,"unspecified","MDR (ESBL AMPC CPR)"
"228","RUPPE ET AL 2015","human_acquisition_origin",20,"2015",5,"MALI","MALI","ML","SUB-SAHARAN AFRICA","Low.income",729.6336,"FRANCE","FRANCE","FR","EUROPE & CENTRAL ASIA","High.income",41793.5447,"unspecified","MDR (ESBL AMPC CPR)"
"229","RUPPE ET AL 2015","human_acquisition_origin",20,"2015",5,"MEXICO","MEXICO","MX","LATIN AMERICA & CARIBBEAN","Upper.middle.income",10042.139,"FRANCE","FRANCE","FR","EUROPE & CENTRAL ASIA","High.income",41793.5447,"unspecified","MDR (ESBL AMPC CPR)"
"230","ARCILLA ET AL 2017","human_acquisition_origin",22,"2001",18,"MEXICO","MEXICO","MX","LATIN AMERICA & CARIBBEAN","Upper.middle.income",9088.0533,"NETHERLANDS","NETHERLANDS","NL","EUROPE & CENTRAL ASIA","High.income",47158.4236,"3GCR","TRAVEL CARRIAGE ESBL"
"231","PALTANSING ET AL 2013","human_acquisition_origin",13,"2013",15,"MIDDLE EAST & NORTH AFRICA",NA,NA,"AFRICA",NA,NA,"NETHERLANDS","NETHERLANDS","NL","EUROPE & CENTRAL ASIA","High.income",50565.3021,NA,""
"232","OSTHOLM ET AL 2013","human_acquisition_origin",19,"2008-2009",30,"MIDDLE EAST & NORTH AFRICA",NA,NA,"AFRICA",NA,NA,"SWEDEN","SWEDEN","SE","EUROPE & CENTRAL ASIA","High.income",50326.2221,"3GCR","TRAVEL CARRIAGE ESBL"
"233","TANGDEN ET AL 2010","human_acquisition_origin",29,"2007",14,"MIDDLE EAST & NORTH AFRICA",NA,NA,"AFRICA",NA,NA,"SWEDEN","SWEDEN","SE","EUROPE & CENTRAL ASIA","High.income",53716.4434,"3GCR","TRAVEL CARRIAGE ESBL"
"234","ARCILLA ET AL 2017","human_acquisition_origin",22,"2001",36,"MOROCCO","MOROCCO","MA","MIDDLE EAST & NORTH AFRICA","Lower.middle.income",2095.174,"NETHERLANDS","NETHERLANDS","NL","EUROPE & CENTRAL ASIA","High.income",47158.4236,"3GCR","TRAVEL CARRIAGE ESBL"
"235","RUPPE ET AL 2015","human_acquisition_origin",0,"2015",1,"MOZAMBIQUE","MOZAMBIQUE","MZ","SUB-SAHARAN AFRICA","Low.income",580.0501,"FRANCE","FRANCE","FR","EUROPE & CENTRAL ASIA","High.income",41793.5447,"unspecified","MDR (ESBL AMPC CPR)"
"236","RUPPE ET AL 2015","human_acquisition_origin",86,"2015",7,"MYANMAR","MYANMAR","MM","EAST ASIA & PACIFIC","Lower.middle.income",1335.2039,"FRANCE","FRANCE","FR","EUROPE & CENTRAL ASIA","High.income",41793.5447,"unspecified","MDR (ESBL AMPC CPR)"
"237","ARCILLA ET AL 2017","human_acquisition_origin",53,"2001",15,"MYANMAR","MYANMAR","MM","EAST ASIA & PACIFIC","Low.income",376.8767,"NETHERLANDS","NETHERLANDS","NL","EUROPE & CENTRAL ASIA","High.income",47158.4236,"3GCR","TRAVEL CARRIAGE ESBL"
"238","MARGUILIEUX ET AL 2018","human_prevalence_destination",0,"2007",34,"NEPAL","NEPAL","NP","SOUTH ASIA","Low.income",521.7439,"",NA,NA,NA,NA,NA,"unspecified","MDR"
"239","MARGUILIEUX ET AL 2018","human_prevalence_destination",2,"2008",62,"NEPAL","NEPAL","NP","SOUTH ASIA","Low.income",547.6988,"",NA,NA,NA,NA,NA,"unspecified","MDR"
"240","MARGUILIEUX ET AL 2018","human_prevalence_destination",0,"2009",8,"NEPAL","NEPAL","NP","SOUTH ASIA","Low.income",567.9059,"",NA,NA,NA,NA,NA,"unspecified","MDR"
"241","MARGUILIEUX ET AL 2018","human_prevalence_destination",0,"2012",1,"NEPAL","NEPAL","NP","SOUTH ASIA","Low.income",642.5205,"",NA,NA,NA,NA,NA,"unspecified","MDR"
"242","MARGUILIEUX ET AL 2018","human_prevalence_destination",36,"2013",21,"NEPAL","NEPAL","NP","SOUTH ASIA","Low.income",670.8378,"",NA,NA,NA,NA,NA,"unspecified","MDR"
"243","MARGUILIEUX ET AL 2018","human_prevalence_destination",31,"2014",32,"NEPAL","NEPAL","NP","SOUTH ASIA","Low.income",711.3043,"",NA,NA,NA,NA,NA,"unspecified","MDR"
"244","MARGUILIEUX ET AL 2018","human_prevalence_destination",35,"2016",60,"NEPAL","NEPAL","NP","SOUTH ASIA","Low.income",729.6614,"",NA,NA,NA,NA,NA,"unspecified","MDR"
"245","KUENZLI ET AL","human_acquisition_origin",80,"2013",39,"NEPAL","NEPAL","NP","SOUTH ASIA","Low.income",670.8378,"SWITZERLAND","SWITZERLAND","CH","EUROPE & CENTRAL ASIA","High.income",75499.7068,"unspecified","MDR"
"246","RUPPE ET AL 2015","human_acquisition_origin",100,"2015",1,"NEPAL","NEPAL","NP","SOUTH ASIA","Low.income",731.9993,"FRANCE","FRANCE","FR","EUROPE & CENTRAL ASIA","High.income",41793.5447,"unspecified","MDR (ESBL AMPC CPR)"
"247","PEIRANO ET AL 2017","human_acquisition_origin",22,"2012-2014",9,"NEPAL","NEPAL","NP","SOUTH ASIA","Low.income",711.3043,"CANADA","CANADA","CA","NORTH AMERICA","High.income",50306.9446,"3GCR","TRAVEL CARRIAGE ESBL"
"248","ARCILLA ET AL 2017","human_acquisition_origin",79,"2001",29,"NEPAL","NEPAL","NP","SOUTH ASIA","Low.income",469.1737,"NETHERLANDS","NETHERLANDS","NL","EUROPE & CENTRAL ASIA","High.income",47158.4236,"3GCR","TRAVEL CARRIAGE ESBL"
"249","SHRESTHA ET AL 2017","animal_prevalence_destination",37,"2017",27,"NEPAL","NEPAL","NP","SOUTH ASIA","Low.income",779.204,"CHICKEN",NA,NA,NA,NA,NA,"unspecified","MDR"
"250","SHRESTHA ET AL 2017","animal_prevalence_destination",39,"2017",76,"NEPAL","NEPAL","NP","SOUTH ASIA","Low.income",779.204,"CHICKEN",NA,NA,NA,NA,NA,"unspecified","MDR"
"251","WU ET AL 2013","human_prevalence_destination",73,"2005-2009",108,"NETHERLANDS","NETHERLANDS","NL","EUROPE & CENTRAL ASIA","High.income",50533.5069,"",NA,NA,NA,NA,NA,"3GCR","CTX-M-1"
"252","WU ET AL 2013","human_prevalence_destination",12,"2005-2009",108,"NETHERLANDS","NETHERLANDS","NL","EUROPE & CENTRAL ASIA","High.income",50533.5069,"",NA,NA,NA,NA,NA,"3GCR","CTX-M-9"
"253","WU ET AL 2013","human_prevalence_destination",6,"2005-2009",108,"NETHERLANDS","NETHERLANDS","NL","EUROPE & CENTRAL ASIA","High.income",50533.5069,"",NA,NA,NA,NA,NA,"3GCR","SHV"
"254","WU ET AL 2013","human_prevalence_destination",1,"2005-2009",108,"NETHERLANDS","NETHERLANDS","NL","EUROPE & CENTRAL ASIA","High.income",50533.5069,"",NA,NA,NA,NA,NA,"3GCR","CMY-611"
"255","WU ET AL 2013","human_prevalence_destination",0,"2005-2009",108,"NETHERLANDS","NETHERLANDS","NL","EUROPE & CENTRAL ASIA","High.income",50533.5069,"",NA,NA,NA,NA,NA,"3GCR","CMY-11"
"256","WU ET AL 2013","human_prevalence_destination",2,"2005-2009",108,"NETHERLANDS","NETHERLANDS","NL","EUROPE & CENTRAL ASIA","High.income",50533.5069,"",NA,NA,NA,NA,NA,"3GCR","MOX"
"257","WU ET AL 2013","animal_prevalence_destination",54,"2005-2009",136,"NETHERLANDS","NETHERLANDS","NL","EUROPE & CENTRAL ASIA","High.income",50533.5069,"CHICKEN",NA,NA,NA,NA,NA,"3GCR","CTX-M-1"
"258","WU ET AL 2013","animal_prevalence_destination",1,"2005-2009",136,"NETHERLANDS","NETHERLANDS","NL","EUROPE & CENTRAL ASIA","High.income",50533.5069,"CHICKEN",NA,NA,NA,NA,NA,"3GCR","CTX-M-9"
"259","WU ET AL 2013","animal_prevalence_destination",6,"2005-2009",136,"NETHERLANDS","NETHERLANDS","NL","EUROPE & CENTRAL ASIA","High.income",50533.5069,"CHICKEN",NA,NA,NA,NA,NA,"3GCR","SHV"
"260","WU ET AL 2013","animal_prevalence_destination",20,"2005-2009",136,"NETHERLANDS","NETHERLANDS","NL","EUROPE & CENTRAL ASIA","High.income",50533.5069,"CHICKEN",NA,NA,NA,NA,NA,"3GCR","CMY-611"
"261","WU ET AL 2013","animal_prevalence_destination",19,"2005-2009",136,"NETHERLANDS","NETHERLANDS","NL","EUROPE & CENTRAL ASIA","High.income",50533.5069,"CHICKEN",NA,NA,NA,NA,NA,"3GCR","CMY-11"
"262","WU ET AL 2013","animal_prevalence_destination",4,"2005-2009",136,"NETHERLANDS","NETHERLANDS","NL","EUROPE & CENTRAL ASIA","High.income",50533.5069,"CHICKEN",NA,NA,NA,NA,NA,"3GCR","MOX"
"263","EIBACH ET AL 2018","animal_prevalence_destination",26,"2015",38,"NETHERLANDS","NETHERLANDS","NL","EUROPE & CENTRAL ASIA","High.income",51871.5765,"CHICKEN",NA,NA,NA,NA,NA,"3GCR","CEFOTAXIME&CEFTAZIDIME"
"264","RUPPE ET AL 2015","human_acquisition_origin",0,"2015",1,"NICARAGUA","NICARAGUA","NI","LATIN AMERICA & CARIBBEAN","Lower.middle.income",1836.0107,"FRANCE","FRANCE","FR","EUROPE & CENTRAL ASIA","High.income",41793.5447,"unspecified","MDR (ESBL AMPC CPR)"
"265","RUPPE ET AL 2015","human_acquisition_origin",100,"2015",1,"NIGER","NIGER","NE","SUB-SAHARAN AFRICA","Low.income",520.7561,"FRANCE","FRANCE","FR","EUROPE & CENTRAL ASIA","High.income",41793.5447,"unspecified","MDR (ESBL AMPC CPR)"
"266","WOERTHER 2013","human_prevalence_destination",31,"2007-2008",55,"NIGER","NIGER","NE","SUB-SAHARAN AFRICA","Low.income",465.0038,"",NA,NA,NA,NA,NA,NA,""
"267","CHAH KF ET AL 2018","animal_prevalence_destination",4,"2015-2016",410,"NIGERIA","NIGERIA","NG","SUB-SAHARAN AFRICA","Lower.middle.income",2443.4402,"CHICKEN",NA,NA,NA,NA,NA,"3GCR","CEFOTAXIME"
"268","PALTANSING ET AL 2013","human_persistence_origin",17,"2013",113,"OUTSIDE EU",NA,NA,"WORLD","Upper.middle.income",10012.0078,"NETHERLANDS","NETHERLANDS","NL","EUROPE & CENTRAL ASIA","High.income",50565.3021,"unspecified","MDR-E"
"269","LUBBERT ET AL 2015","human_acquisition_origin",28,"2013",191,"OUTSIDE EU",NA,NA,"WORLD","Upper.middle.income",10012.0078,"GERMANY","GERMANY","DE","EUROPE & CENTRAL ASIA","High.income",44143.1278,"3GCR","TRAVEL CARRIAGE ESBL"
"270","LUBBERT ET AL 2015","human_persistence_origin",30,"2013",58,"OUTSIDE EU",NA,NA,"WORLD","Upper.middle.income",10012.0078,"GERMANY","GERMANY","DE","EUROPE & CENTRAL ASIA","High.income",44143.1278,"3GCR","TRAVEL CARRIAGE ESBL"
"271","LUBBERT ET AL 2015","human_persistence_origin",9,"2013",35,"OUTSIDE EU",NA,NA,"WORLD","Upper.middle.income",10012.0078,"GERMANY","GERMANY","DE","EUROPE & CENTRAL ASIA","High.income",44143.1278,"3GCR","TRAVEL CARRIAGE ESBL"
"272","ARCILLA ET AL 2017","human_persistence_origin",100,"2001",623,"OUTSIDE EU",NA,NA,"WORLD","Upper.middle.income",8222.6458,"NETHERLANDS","NETHERLANDS","NL","EUROPE & CENTRAL ASIA","High.income",47158.4236,"3GCR","TRAVEL CARRIAGE ESBL"
"273","ARCILLA ET AL 2017","human_persistence_origin",43,"2001",613,"OUTSIDE EU",NA,NA,"WORLD","Upper.middle.income",8222.6458,"NETHERLANDS","NETHERLANDS","NL","EUROPE & CENTRAL ASIA","High.income",47158.4236,"3GCR","TRAVEL CARRIAGE ESBL"
"274","ARCILLA ET AL 2017","human_persistence_origin",22,"2001",606,"OUTSIDE EU",NA,NA,"WORLD","Upper.middle.income",8222.6458,"NETHERLANDS","NETHERLANDS","NL","EUROPE & CENTRAL ASIA","High.income",47158.4236,"3GCR","TRAVEL CARRIAGE ESBL"
"275","ARCILLA ET AL 2017","human_persistence_origin",11,"2001",601,"OUTSIDE EU",NA,NA,"WORLD","Upper.middle.income",8222.6458,"NETHERLANDS","NETHERLANDS","NL","EUROPE & CENTRAL ASIA","High.income",47158.4236,"3GCR","TRAVEL CARRIAGE ESBL"
"276","ARCILLA ET AL 2017","human_persistence_origin",7,"2001",577,"OUTSIDE EU",NA,NA,"WORLD","Upper.middle.income",8222.6458,"NETHERLANDS","NETHERLANDS","NL","EUROPE & CENTRAL ASIA","High.income",47158.4236,"3GCR","TRAVEL CARRIAGE ESBL"
"277","PEIRANO ET AL 2017","human_acquisition_origin",100,"2012-2014",1,"PAKISTAN","PAKISTAN","PK","SOUTH ASIA","Lower.middle.income",1054.228,"CANADA","CANADA","CA","NORTH AMERICA","High.income",50306.9446,"3GCR","TRAVEL CARRIAGE ESBL"
"278","RUPPE ET AL 2015","human_acquisition_origin",0,"2015",1,"PANAMA","PANAMA","PA","LATIN AMERICA & CARIBBEAN","Upper.middle.income",10765.9103,"FRANCE","FRANCE","FR","EUROPE & CENTRAL ASIA","High.income",41793.5447,"unspecified","MDR (ESBL AMPC CPR)"
"279","RUPPE ET AL 2015","human_acquisition_origin",0,"2015",1,"PAPUA NEW GUINEA","PAPUA NEW GUINEA","PG","EAST ASIA & PACIFIC","Lower.middle.income",2336.8056,"FRANCE","FRANCE","FR","EUROPE & CENTRAL ASIA","High.income",41793.5447,"unspecified","MDR (ESBL AMPC CPR)"
"280","RUPPE ET AL 2015","human_acquisition_origin",85,"2015",26,"PERU","PERU","PE","LATIN AMERICA & CARIBBEAN","Upper.middle.income",6114.2272,"FRANCE","FRANCE","FR","EUROPE & CENTRAL ASIA","High.income",41793.5447,"unspecified","MDR (ESBL AMPC CPR)"
"281","ARCILLA ET AL 2017","human_acquisition_origin",60,"2001",20,"PERU","PERU","PE","LATIN AMERICA & CARIBBEAN","Lower.middle.income",3221.3025,"NETHERLANDS","NETHERLANDS","NL","EUROPE & CENTRAL ASIA","High.income",47158.4236,"3GCR","TRAVEL CARRIAGE ESBL"
"282","WOERTHER 2013","human_prevalence_destination",3,"2007-2008",112,"PORTUGAL","PORTUGAL","PT","EUROPE & CENTRAL ASIA","High.income",22859.3693,"",NA,NA,NA,NA,NA,NA,""
"283","RUPPE ET AL 2015","human_acquisition_origin",0,"2015",1,"SAO TOME AND PRINCIPE","SAO TOME AND PRINCIPE","ST","SUB-SAHARAN AFRICA","Lower.middle.income",1232.1712,"FRANCE","FRANCE","FR","EUROPE & CENTRAL ASIA","High.income",41793.5447,"unspecified","MDR (ESBL AMPC CPR)"
"284","WOERTHER 2013","human_prevalence_destination",13,"2006",426,"SAUDI ARABIA","SAUDI ARABIA","SA","MIDDLE EAST & NORTH AFRICA","High.income",19367.5856,"",NA,NA,NA,NA,NA,NA,""
"285","WOERTHER 2013","human_prevalence_destination",12,"2006-2007",505,"SAUDI ARABIA","SAUDI ARABIA","SA","MIDDLE EAST & NORTH AFRICA","High.income",19187.8097,"",NA,NA,NA,NA,NA,NA,""
"286","RUPPE ET AL 2015","human_acquisition_origin",38,"2015",45,"SENEGAL","SENEGAL","SN","SUB-SAHARAN AFRICA","Lower.middle.income",1384.5192,"FRANCE","FRANCE","FR","EUROPE & CENTRAL ASIA","High.income",41793.5447,"unspecified","MDR (ESBL AMPC CPR)"
"287","WOERTHER 2013","human_prevalence_destination",10,"2008",20,"SENEGAL","SENEGAL","SN","SUB-SAHARAN AFRICA","Lower.middle.income",1278.7729,"",NA,NA,NA,NA,NA,NA,""
"288","RUPPE ET AL 2015","human_acquisition_origin",0,"2015",1,"SOUTH AFRICA","SOUTH AFRICA","ZA","AFRICA","Upper.middle.income",7556.7886,"FRANCE","FRANCE","FR","EUROPE & CENTRAL ASIA","High.income",41793.5447,"unspecified","MDR (ESBL AMPC CPR)"
"289","OSTHOLM ET AL 2013","human_acquisition_origin",22,"2008-2009",71,"SOUTH AFRICA","SOUTH AFRICA","ZA","AFRICA","Upper.middle.income",7216.6797,"SWEDEN","SWEDEN","SE","EUROPE & CENTRAL ASIA","High.income",50326.2221,"3GCR","TRAVEL CARRIAGE ESBL"
"290","LUBBERT ET AL 2015","human_acquisition_origin",11,"2013",18,"SOUTH AFRICA","SOUTH AFRICA","ZA","AFRICA","Upper.middle.income",7563.9928,"GERMANY","GERMANY","DE","EUROPE & CENTRAL ASIA","High.income",44143.1278,"3GCR","TRAVEL CARRIAGE ESBL"
"291","ARCILLA ET AL 2017","human_acquisition_origin",5,"2001",66,"SOUTH AFRICA","SOUTH AFRICA","ZA","AFRICA","Upper.middle.income",6017.1778,"NETHERLANDS","NETHERLANDS","NL","EUROPE & CENTRAL ASIA","High.income",47158.4236,"3GCR","TRAVEL CARRIAGE ESBL"
"292","PALTANSING ET AL 2013","human_acquisition_origin",72,"2013",25,"SOUTH ASIA",NA,NA,"SOUTH ASIA","Lower.middle.income",1421.654,"NETHERLANDS","NETHERLANDS","NL","EUROPE & CENTRAL ASIA","High.income",50565.3021,"unspecified","MDR-E"
"293","OSTHOLM ET AL 2013","human_acquisition_origin",15,"2008-2009",14,"SOUTH ASIA",NA,NA,"SOUTH ASIA","Lower.middle.income",1184.3102,"SWEDEN","SWEDEN","SE","EUROPE & CENTRAL ASIA","High.income",50326.2221,"3GCR","TRAVEL CARRIAGE ESBL"
"294","PEIRANO ET AL 2017","human_acquisition_origin",64,"2012-2014",109,"SOUTH ASIA",NA,NA,"SOUTH ASIA","Lower.middle.income",1501.8106,"CANADA","CANADA","CA","NORTH AMERICA","High.income",50306.9446,"3GCR","TRAVEL CARRIAGE ESBL"
"295","PEIRANO ET AL 2017","human_acquisition_origin",2,"2012-2014",109,"SOUTH ASIA",NA,NA,"SOUTH ASIA","Lower.middle.income",1501.8106,"CANADA","CANADA","CA","NORTH AMERICA","High.income",50306.9446,"3GCR","TRAVEL CARRIAGE ESBL"
"296","PEIRANO ET AL 2017","human_acquisition_origin",21,"2012-2014",70,"SOUTH ASIA",NA,NA,"SOUTH ASIA","Lower.middle.income",1501.8106,"CANADA","CANADA","CA","NORTH AMERICA","High.income",50306.9446,"3GCR","TRAVEL CARRIAGE ESBL"
"297","MIRANDA ET AL 2016","human_acquisition_origin",40,"2013",15,"SOUTH ASIA",NA,NA,"SOUTH ASIA","Lower.middle.income",1421.654,"GERMANY","GERMANY","DE","EUROPE & CENTRAL ASIA","High.income",44143.1278,"3GCR","TRAVEL CARRIAGE ESBL"
"298","LUBBERT ET AL 2015","human_acquisition_origin",25,"2013",8,"SOUTH EUROPE",NA,NA,"EUROPEAN UNION","High.income",33202.3717,"GERMANY","GERMANY","DE","EUROPE & CENTRAL ASIA","High.income",44143.1278,"3GCR","TRAVEL CARRIAGE ESBL"
"299","TANGDEN ET AL 2010","human_acquisition_origin",13,"2007",16,"SOUTH EUROPE",NA,NA,"EUROPEAN UNION","High.income",33703.035,"SWEDEN","SWEDEN","SE","EUROPE & CENTRAL ASIA","High.income",53716.4434,"3GCR","TRAVEL CARRIAGE ESBL"
"300","WOERTHER 2013","human_prevalence_destination",3,"2001-2002",1321,"SPAIN","SPAIN","ES","EUROPE & CENTRAL ASIA","High.income",29700.1559,"",NA,NA,NA,NA,NA,NA,""
"301","WOERTHER 2013","human_prevalence_destination",4,"2003",108,"SPAIN","SPAIN","ES","EUROPE & CENTRAL ASIA","High.income",30037.6249,"",NA,NA,NA,NA,NA,NA,""
"302","WOERTHER 2013","human_prevalence_destination",7,"2003",948,"SPAIN","SPAIN","ES","EUROPE & CENTRAL ASIA","High.income",30037.6249,"",NA,NA,NA,NA,NA,NA,""
"303","WOERTHER 2013","human_prevalence_destination",7,"2005-2006",54,"SPAIN","SPAIN","ES","EUROPE & CENTRAL ASIA","High.income",31760.6025,"",NA,NA,NA,NA,NA,NA,""
"304","WOERTHER 2013","human_prevalence_destination",7,"2007",105,"SPAIN","SPAIN","ES","EUROPE & CENTRAL ASIA","High.income",32301.969,"",NA,NA,NA,NA,NA,NA,""
"305","KUENZLI ET AL","human_acquisition_origin",35,"2013",14,"SRI LANKA","SRI LANKA","LK","SOUTH ASIA","Lower.middle.income",3371.1833,"SWITZERLAND","SWITZERLAND","CH","EUROPE & CENTRAL ASIA","High.income",75499.7068,"unspecified","MDR"
"306","RUPPE ET AL 2015","human_acquisition_origin",100,"2015",3,"SRI LANKA","SRI LANKA","LK","SOUTH ASIA","Lower.middle.income",3647.3934,"FRANCE","FRANCE","FR","EUROPE & CENTRAL ASIA","High.income",41793.5447,"unspecified","MDR (ESBL AMPC CPR)"
"307","PEIRANO ET AL 2017","human_acquisition_origin",0,"2012-2014",8,"SRI LANKA","SRI LANKA","LK","SOUTH ASIA","Lower.middle.income",3505.5505,"CANADA","CANADA","CA","NORTH AMERICA","High.income",50306.9446,"3GCR","TRAVEL CARRIAGE ESBL"
"308","ARCILLA ET AL 2017","human_acquisition_origin",51,"2001",43,"SRI LANKA","SRI LANKA","LK","SOUTH ASIA","Lower.middle.income",1784.1921,"NETHERLANDS","NETHERLANDS","NL","EUROPE & CENTRAL ASIA","High.income",47158.4236,"3GCR","TRAVEL CARRIAGE ESBL"
"309","PALTANSING ET AL 2013","human_acquisition_origin",12,"2013",26,"SUB-SAHARAN AFRICA",NA,NA,"SUB-SAHARAN AFRICA","Lower.middle.income",1666.7492,"NETHERLANDS","NETHERLANDS","NL","EUROPE & CENTRAL ASIA","High.income",50565.3021,NA,""
"310","RUPPE ET AL 2015","human_persistence_origin",100,"2015",292,"SUB-SAHARAN AFRICA",NA,NA,"SUB-SAHARAN AFRICA","Lower.middle.income",1698.4564,"FRANCE","FRANCE","FR","EUROPE & CENTRAL ASIA","High.income",41793.5447,"unspecified","MDR (ESBL AMPC CPR)"
"311","RUPPE ET AL 2015","human_persistence_origin",13,"2015",245,"SUB-SAHARAN AFRICA",NA,NA,"SUB-SAHARAN AFRICA","Lower.middle.income",1698.4564,"FRANCE","FRANCE","FR","EUROPE & CENTRAL ASIA","High.income",41793.5447,"unspecified","MDR (ESBL AMPC CPR)"
"312","RUPPE ET AL 2015","human_persistence_origin",7,"2015",236,"SUB-SAHARAN AFRICA",NA,NA,"SUB-SAHARAN AFRICA","Lower.middle.income",1698.4564,"FRANCE","FRANCE","FR","EUROPE & CENTRAL ASIA","High.income",41793.5447,"unspecified","MDR (ESBL AMPC CPR)"
"313","RUPPE ET AL 2015","human_persistence_origin",4,"2015",233,"SUB-SAHARAN AFRICA",NA,NA,"SUB-SAHARAN AFRICA","Lower.middle.income",1698.4564,"FRANCE","FRANCE","FR","EUROPE & CENTRAL ASIA","High.income",41793.5447,"unspecified","MDR (ESBL AMPC CPR)"
"314","RUPPE ET AL 2015","human_persistence_origin",0,"2015",230,"SUB-SAHARAN AFRICA",NA,NA,"SUB-SAHARAN AFRICA","Lower.middle.income",1698.4564,"FRANCE","FRANCE","FR","EUROPE & CENTRAL ASIA","High.income",41793.5447,"unspecified","MDR (ESBL AMPC CPR)"
"315","RUPPE ET AL 2015","human_persistence_origin",0,"2015",227,"SUB-SAHARAN AFRICA",NA,NA,"SUB-SAHARAN AFRICA","Lower.middle.income",1698.4564,"FRANCE","FRANCE","FR","EUROPE & CENTRAL ASIA","High.income",41793.5447,"unspecified","MDR (ESBL AMPC CPR)"
"316","ARCILLA ET AL 2017","human_acquisition_origin",4,"2001",56,"SURINAME","SURINAME","SR","LATIN AMERICA & CARIBBEAN","Upper.middle.income",5896.5274,"NETHERLANDS","NETHERLANDS","NL","EUROPE & CENTRAL ASIA","High.income",47158.4236,"3GCR","TRAVEL CARRIAGE ESBL"
"317","WOERTHER 2013","human_prevalence_destination",2,"2008",96,"SWEDEN","SWEDEN","SE","EUROPE & CENTRAL ASIA","High.income",53059.4539,"",NA,NA,NA,NA,NA,NA,""
"318","WOERTHER 2013","human_prevalence_destination",3,"2010",100,"SWEDEN","SWEDEN","SE","EUROPE & CENTRAL ASIA","High.income",52869.0443,"",NA,NA,NA,NA,NA,NA,""
"319","STEWARDSON ET AL 2014","human_prevalence_destination",7,"2012",91,"SWITZERLAND","SWITZERLAND","CH","EUROPE & CENTRAL ASIA","High.income",74984.1372,"",NA,NA,NA,NA,NA,"unspecified","MDR"
"320","STEWARDSON ET AL 2014","animal_prevalence_destination",92,"2012",132,"SWITZERLAND","SWITZERLAND","CH","EUROPE & CENTRAL ASIA","High.income",74984.1372,"CHICKEN",NA,NA,NA,NA,NA,"unspecified","MDR"
"321","WOERTHER 2013","human_prevalence_destination",6,"2010",586,"SWITZERLAND","SWITZERLAND","CH","EUROPE & CENTRAL ASIA","High.income",74605.7211,"",NA,NA,NA,NA,NA,NA,""
"322","RUPPE ET AL 2015","human_acquisition_origin",64,"2015",11,"TANZANIA","TANZANIA","TZ","SUB-SAHARAN AFRICA","Low.income",871.9984,"FRANCE","FRANCE","FR","EUROPE & CENTRAL ASIA","High.income",41793.5447,"unspecified","MDR (ESBL AMPC CPR)"
"323","ARCILLA ET AL 2017","human_acquisition_origin",25,"2001",57,"TANZANIA","TANZANIA","TZ","SUB-SAHARAN AFRICA","Low.income",539.5278,"NETHERLANDS","NETHERLANDS","NL","EUROPE & CENTRAL ASIA","High.income",47158.4236,"3GCR","TRAVEL CARRIAGE ESBL"
"324","NAKAYAMA ET AL 2015","human_prevalence_destination",69,"2012",417,"THAILAND","THAILAND","TH","EAST ASIA & PACIFIC","Upper.middle.income",5437.8777,"",NA,NA,NA,NA,NA,"unspecified","MDR"
"325","ULZII-ORSHIKH 2011","human_prevalence_destination",32,"2009",147,"THAILAND","THAILAND","TH","EAST ASIA & PACIFIC","Upper.middle.income",4744.7628,"",NA,NA,NA,NA,NA,"unspecified","MDR"
"326","ULZII-ORSHIKH 2011","human_prevalence_destination",33,"2010",144,"THAILAND","THAILAND","TH","EAST ASIA & PACIFIC","Upper.middle.income",5076.3402,"",NA,NA,NA,NA,NA,"unspecified","MDR"
"327","ULZII-ORSHIKH 2011","human_prevalence_destination",54,"2011",154,"THAILAND","THAILAND","TH","EAST ASIA & PACIFIC","Upper.middle.income",5094.4727,"",NA,NA,NA,NA,NA,"unspecified","MDR"
"328","NIUMSUP ET AL 2017","human_prevalence_destination",28,"2013",307,"THAILAND","THAILAND","TH","EAST ASIA & PACIFIC","Upper.middle.income",5558.7371,"",NA,NA,NA,NA,NA,"unspecified","MDR"
"329","NIUMSUP ET AL 2017","human_prevalence_destination",66,"2013",307,"THAILAND","THAILAND","TH","EAST ASIA & PACIFIC","Upper.middle.income",5558.7371,"",NA,NA,NA,NA,NA,"unspecified","MDR"
"330","NIUMSUP ET AL 2017","human_prevalence_destination",15,"2013",307,"THAILAND","THAILAND","TH","EAST ASIA & PACIFIC","Upper.middle.income",5558.7371,"",NA,NA,NA,NA,NA,"unspecified","MDR"
"331","NIUMSUP ET AL 2017","human_prevalence_destination",1,"2013",307,"THAILAND","THAILAND","TH","EAST ASIA & PACIFIC","Upper.middle.income",5558.7371,"",NA,NA,NA,NA,NA,"unspecified","MDR"
"332","TANSAWAI ET AL 2017","animal_prevalence_destination",55,"2011",126,"THAILAND","THAILAND","TH","EAST ASIA & PACIFIC","Upper.middle.income",5094.4727,"CHICKEN",NA,NA,NA,NA,NA,"3GCR","CEFOTAXIME"
"333","TANSAWAI ET AL 2017","animal_prevalence_destination",50,"2011",18,"THAILAND","THAILAND","TH","EAST ASIA & PACIFIC","Upper.middle.income",5094.4727,"CHICKEN",NA,NA,NA,NA,NA,"3GCR","CEFOTAXIME"
"334","TANSAWAI ET AL 2017","animal_prevalence_destination",37,"2011",126,"THAILAND","THAILAND","TH","EAST ASIA & PACIFIC","Upper.middle.income",5094.4727,"CHICKEN",NA,NA,NA,NA,NA,"3GCR","ESBL"
"335","TANSAWAI ET AL 2017","animal_prevalence_destination",50,"2011",18,"THAILAND","THAILAND","TH","EAST ASIA & PACIFIC","Upper.middle.income",5094.4727,"CHICKEN",NA,NA,NA,NA,NA,"3GCR","ESBL"
"336","TANSAWAI ET AL 2017","animal_prevalence_destination",66,"2011",92,"THAILAND","THAILAND","TH","EAST ASIA & PACIFIC","Upper.middle.income",5094.4727,"CHICKEN",NA,NA,NA,NA,NA,"3GCR","CEFOTAXIME"
"337","TANSAWAI ET AL 2017","animal_prevalence_destination",36,"2011",11,"THAILAND","THAILAND","TH","EAST ASIA & PACIFIC","Upper.middle.income",5094.4727,"CHICKEN",NA,NA,NA,NA,NA,"3GCR","CEFOTAXIME"
"338","TANSAWAI ET AL 2017","animal_prevalence_destination",45,"2011",92,"THAILAND","THAILAND","TH","EAST ASIA & PACIFIC","Upper.middle.income",5094.4727,"CHICKEN",NA,NA,NA,NA,NA,"3GCR","ESBL"
"339","TANSAWAI ET AL 2017","animal_prevalence_destination",36,"2011",11,"THAILAND","THAILAND","TH","EAST ASIA & PACIFIC","Upper.middle.income",5094.4727,"CHICKEN",NA,NA,NA,NA,NA,"3GCR","ESBL"
"340","RUPPE ET AL 2015","human_acquisition_origin",70,"2015",37,"THAILAND","THAILAND","TH","EAST ASIA & PACIFIC","Upper.middle.income",5741.3539,"FRANCE","FRANCE","FR","EUROPE & CENTRAL ASIA","High.income",41793.5447,"unspecified","MDR (ESBL AMPC CPR)"
"341","ARCILLA ET AL 2017","human_acquisition_origin",52,"2001",89,"THAILAND","THAILAND","TH","EAST ASIA & PACIFIC","Lower.middle.income",3544.4421,"NETHERLANDS","NETHERLANDS","NL","EUROPE & CENTRAL ASIA","High.income",47158.4236,"3GCR","TRAVEL CARRIAGE ESBL"
"342","MIRANDA ET AL 2016","human_acquisition_origin",32,"2013",16,"THAILAND","THAILAND","TH","EAST ASIA & PACIFIC","Upper.middle.income",5558.7371,"GERMANY","GERMANY","DE","EUROPE & CENTRAL ASIA","High.income",44143.1278,"3GCR","TRAVEL CARRIAGE ESBL"
"343","WOERTHER 2013","human_prevalence_destination",62,"2008",160,"THAILAND","THAILAND","TH","EAST ASIA & PACIFIC","Upper.middle.income",4801.8775,"",NA,NA,NA,NA,NA,NA,""
"344","WOERTHER 2013","human_prevalence_destination",40,"2009",445,"THAILAND","THAILAND","TH","EAST ASIA & PACIFIC","Upper.middle.income",4744.7628,"",NA,NA,NA,NA,NA,NA,""
"345","WOERTHER 2013","human_prevalence_destination",69,"2010",417,"THAILAND","THAILAND","TH","EAST ASIA & PACIFIC","Upper.middle.income",5076.3402,"",NA,NA,NA,NA,NA,NA,""
"346","RUPPE ET AL 2015","human_acquisition_origin",75,"2015",12,"TOGO","TOGO","TG","SUB-SAHARAN AFRICA","Low.income",630.9373,"FRANCE","FRANCE","FR","EUROPE & CENTRAL ASIA","High.income",41793.5447,"unspecified","MDR (ESBL AMPC CPR)"
"347","WOERTHER 2013","human_prevalence_destination",7,"2009-2010",150,"TUNISIA","TUNISIA","TN","MIDDLE EAST & NORTH AFRICA","Upper.middle.income",4141.9764,"",NA,NA,NA,NA,NA,NA,""
"348","ARCILLA ET AL 2017","human_acquisition_origin",44,"2001",16,"TURKEY","TURKEY","TR","EUROPE & CENTRAL ASIA","Upper.middle.income",7686.5422,"NETHERLANDS","NETHERLANDS","NL","EUROPE & CENTRAL ASIA","High.income",47158.4236,"3GCR","TRAVEL CARRIAGE ESBL"
"349","ARCILLA ET AL 2017","human_acquisition_origin",44,"2001",27,"UGANDA","UGANDA","UG","SUB-SAHARAN AFRICA","Low.income",562.2502,"NETHERLANDS","NETHERLANDS","NL","EUROPE & CENTRAL ASIA","High.income",47158.4236,"3GCR","TRAVEL CARRIAGE ESBL"
"350","MCNULTY ET AL 2018","human_prevalence_destination",9,"2014",2074,"UNITED KINGDOM","UNITED KINGDOM","GB","EUROPE & CENTRAL ASIA","High.income",41376.7543,"",NA,NA,NA,NA,NA,"unspecified","MDR"
"351","WU ET AL 2013","human_prevalence_destination",74,"2005-2009",152,"UNITED KINGDOM","UNITED KINGDOM","GB","EUROPE & CENTRAL ASIA","High.income",38986.1445,"",NA,NA,NA,NA,NA,"3GCR","CTX-M-1"
"352","WU ET AL 2013","human_prevalence_destination",6,"2005-2009",152,"UNITED KINGDOM","UNITED KINGDOM","GB","EUROPE & CENTRAL ASIA","High.income",38986.1445,"",NA,NA,NA,NA,NA,"3GCR","CTX-M-9"
"353","WU ET AL 2013","human_prevalence_destination",16,"2005-2009",152,"UNITED KINGDOM","UNITED KINGDOM","GB","EUROPE & CENTRAL ASIA","High.income",38986.1445,"",NA,NA,NA,NA,NA,"3GCR","SHV"
"354","WU ET AL 2013","human_prevalence_destination",0,"2005-2009",152,"UNITED KINGDOM","UNITED KINGDOM","GB","EUROPE & CENTRAL ASIA","High.income",38986.1445,"",NA,NA,NA,NA,NA,"3GCR","CMY-611"
"355","WU ET AL 2013","human_prevalence_destination",5,"2005-2009",152,"UNITED KINGDOM","UNITED KINGDOM","GB","EUROPE & CENTRAL ASIA","High.income",38986.1445,"",NA,NA,NA,NA,NA,"3GCR","CMY-11"
"356","WU ET AL 2013","human_prevalence_destination",10,"2005-2009",152,"UNITED KINGDOM","UNITED KINGDOM","GB","EUROPE & CENTRAL ASIA","High.income",38986.1445,"",NA,NA,NA,NA,NA,"3GCR","MOX"
"357","WU ET AL 2013","animal_prevalence_destination",100,"2005-2009",10,"UNITED KINGDOM","UNITED KINGDOM","GB","EUROPE & CENTRAL ASIA","High.income",38986.1445,"CHICKEN",NA,NA,NA,NA,NA,"3GCR","CTX-M-1"
"358","WU ET AL 2013","animal_prevalence_destination",0,"2005-2009",10,"UNITED KINGDOM","UNITED KINGDOM","GB","EUROPE & CENTRAL ASIA","High.income",38986.1445,"CHICKEN",NA,NA,NA,NA,NA,"3GCR","CTX-M-9"
"359","WU ET AL 2013","animal_prevalence_destination",0,"2005-2009",10,"UNITED KINGDOM","UNITED KINGDOM","GB","EUROPE & CENTRAL ASIA","High.income",38986.1445,"CHICKEN",NA,NA,NA,NA,NA,"3GCR","SHV"
"360","WU ET AL 2013","animal_prevalence_destination",0,"2005-2009",10,"UNITED KINGDOM","UNITED KINGDOM","GB","EUROPE & CENTRAL ASIA","High.income",38986.1445,"CHICKEN",NA,NA,NA,NA,NA,"3GCR","CMY-611"
"361","WU ET AL 2013","animal_prevalence_destination",0,"2005-2009",10,"UNITED KINGDOM","UNITED KINGDOM","GB","EUROPE & CENTRAL ASIA","High.income",38986.1445,"CHICKEN",NA,NA,NA,NA,NA,"3GCR","CMY-11"
"362","WU ET AL 2013","animal_prevalence_destination",0,"2005-2009",10,"UNITED KINGDOM","UNITED KINGDOM","GB","EUROPE & CENTRAL ASIA","High.income",38986.1445,"CHICKEN",NA,NA,NA,NA,NA,"3GCR","MOX"
"363","ANGELIN ET AL 2015","human_acquisition_origin",0,"2010-2014",1,"UNITED KINGDOM","UNITED KINGDOM","GB","EUROPE & CENTRAL ASIA","High.income",41376.7543,"GERMANY","GERMANY","DE","EUROPE & CENTRAL ASIA","High.income",44930.7921,"3GCR","TRAVEL CARRIAGE ESBL"
"364","WOERTHER 2013","human_prevalence_destination",2,"2003",565,"UNITED KINGDOM","UNITED KINGDOM","GB","EUROPE & CENTRAL ASIA","High.income",38331.6057,"",NA,NA,NA,NA,NA,NA,""
"365","PALTANSING ET AL 2013","human_acquisition_origin",40,"2013",10,"UNITED STATES","UNITED STATES","US","NORTH AMERICA","High.income",50171.2371,"NETHERLANDS","NETHERLANDS","NL","EUROPE & CENTRAL ASIA","High.income",50565.3021,NA,""
"366","OSTHOLM ET AL 2013","human_acquisition_origin",0,"2008-2009",16,"UNITED STATES","UNITED STATES","US","NORTH AMERICA","High.income",47648.8132,"SWEDEN","SWEDEN","SE","EUROPE & CENTRAL ASIA","High.income",50326.2221,"3GCR","TRAVEL CARRIAGE ESBL"
"367","LUBBERT ET AL 2015","human_acquisition_origin",0,"2013",2,"UNITED STATES","UNITED STATES","US","NORTH AMERICA","High.income",50171.2371,"GERMANY","GERMANY","DE","EUROPE & CENTRAL ASIA","High.income",44143.1278,"3GCR","TRAVEL CARRIAGE ESBL"
"368","ANGELIN ET AL 2015","human_acquisition_origin",0,"2010-2014",3,"UNITED STATES","UNITED STATES","US","NORTH AMERICA","High.income",51065.6827,"GERMANY","GERMANY","DE","EUROPE & CENTRAL ASIA","High.income",44930.7921,"3GCR","TRAVEL CARRIAGE ESBL"
"369","TANGDEN ET AL 2010","human_acquisition_origin",0,"2007",2,"UNITED STATES","UNITED STATES","US","NORTH AMERICA","High.income",49856.2815,"SWEDEN","SWEDEN","SE","EUROPE & CENTRAL ASIA","High.income",53716.4434,"3GCR","TRAVEL CARRIAGE ESBL"
"370","KASSENBORG ET AL 2004","human_prevalence_destination",11,"1998-1999",858,"UNITED STATES","UNITED STATES","US","NORTH AMERICA","High.income",43434.6927,"",NA,NA,NA,NA,NA,"FLQR","FLUOROQUINOLONE RESISTANCE"
"371","KASSENBORG ET AL 2004","human_prevalence_destination",5,"1998-1999",339,"UNITED STATES","UNITED STATES","US","NORTH AMERICA","High.income",43434.6927,"",NA,NA,NA,NA,NA,"FLQR","FLUOROQUINOLONE RESISTANCE"
"372","KASSENBORG ET AL 2004","human_prevalence_destination",16,"1998-1999",292,"UNITED STATES","UNITED STATES","US","NORTH AMERICA","High.income",43434.6927,"",NA,NA,NA,NA,NA,"FLQR","FLUOROQUINOLONE RESISTANCE"
"373","ANGELIN ET AL 2015","human_acquisition_origin",0,"2010-2014",1,"URUGUAY","URUGUAY","UY","LATIN AMERICA & CARIBBEAN","High.income",13934.5762,"GERMANY","GERMANY","DE","EUROPE & CENTRAL ASIA","High.income",44930.7921,"3GCR","TRAVEL CARRIAGE ESBL"
"374","ANGELIN ET AL 2015","human_acquisition_origin",0,"2010-2014",2,"UZBEKISTAN","UZBEKISTAN","UZ","EUROPE & CENTRAL ASIA","Lower.middle.income",2025.3539,"GERMANY","GERMANY","DE","EUROPE & CENTRAL ASIA","High.income",44930.7921,"3GCR","TRAVEL CARRIAGE ESBL"
"375","RUPPE ET AL 2015","human_acquisition_origin",25,"2015",4,"VENEZUELA, RB","VENEZUELA, RB","VE","LATIN AMERICA & CARIBBEAN","High.income",14025.3576,"FRANCE","FRANCE","FR","EUROPE & CENTRAL ASIA","High.income",41793.5447,"unspecified","MDR (ESBL AMPC CPR)"
"376","NAKAYAMA ET AL 2015","human_prevalence_destination",51,"2013",198,"VIETNAM","VIETNAM","VN","EAST ASIA & PACIFIC","Lower.middle.income",1505.8109,"",NA,NA,NA,NA,NA,"unspecified","MDR"
"377","NGUYEN T ET AL 2015","animal_prevalence_destination",86,"2015",895,"VIETNAM","VIETNAM","VN","EAST ASIA & PACIFIC","Lower.middle.income",1667.1719,"CHICKEN",NA,NA,NA,NA,NA,"3GCR","AMPICILLIN"
"378","NGUYEN T ET AL 2015","animal_prevalence_destination",48,"2015",895,"VIETNAM","VIETNAM","VN","EAST ASIA & PACIFIC","Lower.middle.income",1667.1719,"CHICKEN",NA,NA,NA,NA,NA,"3GCR","AMOXICILLIN-CLAVULANIC ACID"
"379","NGUYEN T ET AL 2015","animal_prevalence_destination",2,"2015",895,"VIETNAM","VIETNAM","VN","EAST ASIA & PACIFIC","Lower.middle.income",1667.1719,"CHICKEN",NA,NA,NA,NA,NA,"3GCR","CEFTAZIDIME"
"380","NGUYEN T ET AL 2015","animal_prevalence_destination",3,"2015",895,"VIETNAM","VIETNAM","VN","EAST ASIA & PACIFIC","Lower.middle.income",1667.1719,"CHICKEN",NA,NA,NA,NA,NA,"3GCR","CEFTRIAXONE"
"381","NGUYEN T ET AL 2015","animal_prevalence_destination",3,"2015",895,"VIETNAM","VIETNAM","VN","EAST ASIA & PACIFIC","Lower.middle.income",1667.1719,"CHICKEN",NA,NA,NA,NA,NA,"3GCR","THIRD GEN CEPHALOSPORIN"
"382","NGUYEN T ET AL 2015","animal_prevalence_destination",0,"2015",895,"VIETNAM","VIETNAM","VN","EAST ASIA & PACIFIC","Lower.middle.income",1667.1719,"CHICKEN",NA,NA,NA,NA,NA,"3GCR","ESBL"
"383","RUPPE ET AL 2015","human_acquisition_origin",93,"2015",14,"VIETNAM","VIETNAM","VN","EAST ASIA & PACIFIC","Lower.middle.income",1667.1719,"FRANCE","FRANCE","FR","EUROPE & CENTRAL ASIA","High.income",41793.5447,"unspecified","MDR (ESBL AMPC CPR)"
"384","ARCILLA ET AL 2017","human_acquisition_origin",72,"2001",36,"VIETNAM","VIETNAM","VN","EAST ASIA & PACIFIC","Low.income",804.1989,"NETHERLANDS","NETHERLANDS","NL","EUROPE & CENTRAL ASIA","High.income",47158.4236,"3GCR","TRAVEL CARRIAGE ESBL"
"385","ANGELIN ET AL 2015","human_acquisition_origin",86,"2010-2014",7,"VIETNAM","VIETNAM","VN","EAST ASIA & PACIFIC","Lower.middle.income",1579.1891,"GERMANY","GERMANY","DE","EUROPE & CENTRAL ASIA","High.income",44930.7921,"3GCR","TRAVEL CARRIAGE ESBL"
"386","THI MAI HUONG BUI 2015","human_prevalence_destination",47,"2013",199,"VIETNAM","VIETNAM","VN","EAST ASIA & PACIFIC","Lower.middle.income",1505.8109,"",NA,NA,NA,NA,NA,NA,""
"387","THI MAI HUONG BUI 2015","human_prevalence_destination",53,"2013",199,"VIETNAM","VIETNAM","VN","EAST ASIA & PACIFIC","Lower.middle.income",1505.8109,"",NA,NA,NA,NA,NA,NA,""
"388","THI MAI HUONG BUI 2015","human_prevalence_destination",46,"2014",199,"VIETNAM","VIETNAM","VN","EAST ASIA & PACIFIC","Lower.middle.income",1579.1891,"",NA,NA,NA,NA,NA,NA,""
"389","LUBBERT ET AL 2015","human_acquisition_origin",39,"2013",13,"WEST AND CENTRAL AFRICA",NA,NA,"CENTRAL AFRICA",NA,NA,"GERMANY","GERMANY","DE","EUROPE & CENTRAL ASIA","High.income",44143.1278,"3GCR","TRAVEL CARRIAGE ESBL"
"390","PALTANSING ET AL 2013","human_acquisition_origin",31,"2013",370,"WORLD",NA,NA,"WORLD","Upper.middle.income",10012.0078,"NETHERLANDS","NETHERLANDS","NL","EUROPE & CENTRAL ASIA","High.income",50565.3021,"unspecified","MDR-E"
