Unq_ID,DataOrigin,TraitName,TraitDef,TraitValue,TraitUnit,Time,TimeUnit,Location_cod,Location_sov,Ungeo,Samplesize,SamplesizeUnit,SamplesizeSqrt,Antibiotics ,Note,Origin
30,Miranda et al 2016,Acquisition rate of returning traveller ,prevalence of ESBL in Germany traveller with gastrointestical symptom,34,percent,2013,year,XO,Africa,AFRICA,27,traveller ,5.2,Travel carriage ESBL,,Germany
31,Angelin et al 2015,Acquisition rate of returning traveller ,prevalence of ESBL in Germany traveller with gastrointestical symptom,10,percent,2010-2014,year,XO,Africa,AFRICA,40,traveller ,6.32,Travel carriage ESBL,,Germany
32,Tangden et al 2010,Acquisition rate of returning traveller ,prevalence of swedish travellers acquired ESBL,4,percent,2007,year,XO,Africa,AFRICA,25,traveller ,5,Travel carriage ESBL,,Sweden
25,Ruppe et al 2015,Acquisition rate of returning traveller ,prevalence of french travellers acquired ESBL,33,percent,2015,year,AO,Angola,AFRICA_C,3,traveller ,1.73,MDR (ESBL AmpC CPR),,France
25,Ruppe et al 2015,Acquisition rate of returning traveller ,prevalence of french travellers acquired ESBL,14,percent,2015,year,AR,Argentina,AMERICA_S,7,traveller ,2.65,MDR (ESBL AmpC CPR),,France
31,Angelin et al 2015,Acquisition rate of returning traveller ,prevalence of ESBL in Germany traveller with gastrointestical symptom,0,percent,2010-2014,year,AR,Argentina,AMERICA_S,2,traveller ,1.41,Travel carriage ESBL,,Germany
25,Ruppe et al 2015,Persistance rate of returning traveller ,Persistent carriage of same ESBL group after 6month,100,percent,2015,year,XP,Asia,ASIA,292,traveller ,17.09,MDR (ESBL AmpC CPR),0,France
25,Ruppe et al 2015,Persistance rate of returning traveller ,Persistent carriage of same ESBL group after 6month,52,percent,2015,year,XP,Asia,ASIA,245,traveller ,15.65,MDR (ESBL AmpC CPR),1 month post travel,France
25,Ruppe et al 2015,Persistance rate of returning traveller ,Persistent carriage of same ESBL group after 6month,30,percent,2015,year,XP,Asia,ASIA,236,traveller ,15.36,MDR (ESBL AmpC CPR),2 months post travel,France
25,Ruppe et al 2015,Persistance rate of returning traveller ,Persistent carriage of same ESBL group after 6month,16,percent,2015,year,XP,Asia,ASIA,233,traveller ,15.26,MDR (ESBL AmpC CPR),3 months post travel,France
25,Ruppe et al 2015,Persistance rate of returning traveller ,Persistent carriage of same ESBL group after 6month,7,percent,2015,year,XP,Asia,ASIA,230,traveller ,15.17,MDR (ESBL AmpC CPR),6 months post travel,France
25,Ruppe et al 2015,Persistance rate of returning traveller ,Persistent carriage of same ESBL group after 6month,4,percent,2015,year,XP,Asia,ASIA,227,traveller ,15.07,MDR (ESBL AmpC CPR),12 months post travel,France
26,Ostholm et al 2013,Acquisition rate of returning traveller ,prevalence of sweden travellers acquired ESBL,38,percent,2008-2009,year,XP,Asia,ASIA,58,traveller ,7.62,Travel carriage ESBL,OR2.44(1.31-4.55),Sweden
27,Lubbert et al 2015,Acquisition rate of returning traveller ,prevalence of geman travellers acquired ESBL,14,percent,2013,year,XP,Asia,ASIA,30,traveller ,5.48,Travel carriage ESBL,,Germany
32,Tangden et al 2010,Acquisition rate of returning traveller ,prevalence of swedish travellers acquired ESBL,32,percent,2007,year,XP,Asia ,ASIA,31,traveller ,5.57,Travel carriage ESBL,,Sweden
30,Miranda et al 2016,Acquisition rate of returning traveller ,prevalence of ESBL in Germany traveller with gastrointestical symptom,43,percent,2013,year,XO,Asia outside SEA,ASIA,7,traveller ,2.65,Travel carriage ESBL,,Germany
24,Paltansing et al 2013,Acquisition rate of returning traveller ,prevalence of Dutch travellers acquired ESBL,34,percent,2013,year,XO,Asia southeast,ASIA_SE,110,traveller ,10.49,MDR-E,IR/pdt 1.24 mean travel day 27,Netherlands
27,Lubbert et al 2015,Acquisition rate of returning traveller ,prevalence of geman travellers acquired ESBL,48,percent,2013,year,XO,Asia southeast,ASIA_SE,46,traveller ,6.78,Travel carriage ESBL,,Germany
30,Miranda et al 2016,Acquisition rate of returning traveller ,prevalence of ESBL in Germany traveller with gastrointestical symptom,60,percent,2013,year,XO,Asia southeast,ASIA_SE,39,traveller ,6.24,Travel carriage ESBL,,Germany
31,Angelin et al 2015,Acquisition rate of returning traveller ,prevalence of ESBL in Germany traveller with gastrointestical symptom,67,percent,2010-2014,year,XO,Asia southeast,ASIA_SE,46,traveller ,6.78,Travel carriage ESBL,,Germany
26,Ostholm et al 2013,Acquisition rate of returning traveller ,prevalence of sweden travellers acquired ESBL,0,percent,2008-2009,year,AU,Australia,OCEANIA,2,traveller ,1.41,Travel carriage ESBL,,Sweden
25,Ruppe et al 2015,Acquisition rate of returning traveller ,prevalence of french travellers acquired ESBL,100,percent,2015,year,BD,Bangladesh,ASIA_S,1,traveller ,1,MDR (ESBL AmpC CPR),,France
28,Peirano et al 2017,Acquisition rate of returning traveller ,prevalence of canadian travellers acquired ESBL,100,percent,2012-2014,year,BD,Bangladesh,ASIA_S,1,traveller ,1,Travel carriage ESBL,,Canada
38,Eibach et al 2018,AnimalESBL,ESBL prevalence in chicken meat from Ghana market,88,percent,2015,year,BE,Belgium,EU_W,8,broiler sample,2.83,cefotaxime&Ceftazidime,frozen and fresh chicken meat from 75 supermarkets in Kumasi city,chicken
41,Woerther 2013,CommunityESBL,Ecol,12,percent,2010-2011,year,BE,Belgium,EU_W,337,adults,18.36,,,
25,Ruppe et al 2015,Acquisition rate of returning traveller ,prevalence of french travellers acquired ESBL,36,percent,2015,year,BJ,Benin,AFRICA_W,11,traveller ,3.32,MDR (ESBL AmpC CPR),,France
23,Kuenzli et al ,Acquisition rate of returning traveller ,prevalence ESBL carriage from returning swiss traveller ,79,percent,2013,year,BT,Bhutan,ASIA_S,49,traveller ,7,MDR,OR: 0.66/avg stay 18.4 days,Switzerland
25,Ruppe et al 2015,Acquisition rate of returning traveller ,prevalence of french travellers acquired ESBL,33,percent,2015,year,BO,Bolivia,AMERICA_S,3,traveller ,1.73,MDR (ESBL AmpC CPR),,France
41,Woerther 2013,CommunityESBL,Ecol,0,percent,2002,year,XP,Bolivia and Peru,AMERICA_S,3208,adults,56.64,,,
41,Woerther 2013,CommunityESBL,Ecol,2,percent,2005,year,XP,Bolivia and Peru,AMERICA_S,3193,adults,56.51,,,
41,Woerther 2013,CommunityESBL,Ecol,12,percent,2011,year,XP,Bolivia and Peru,AMERICA_S,482,adults,21.95,,,
25,Ruppe et al 2015,Acquisition rate of returning traveller ,prevalence of french travellers acquired ESBL,34,percent,2015,year,BR,Brazil,AMERICA_S,44,traveller ,6.63,MDR (ESBL AmpC CPR),,France
29,Arcilla et al 2017,Acquisition rate of returning traveller ,prevalence of dutch travellers acquired ESBL,8,percent,2001,year,BR,Brazil,AMERICA_S,25,traveller ,5,Travel carriage ESBL,Incidenec/100pdt 0.42,Netherlands
31,Angelin et al 2015,Acquisition rate of returning traveller ,prevalence of ESBL in Germany traveller with gastrointestical symptom,0,percent,2010-2014,year,BR,Brazil,AMERICA_S,1,traveller ,1,Travel carriage ESBL,,Germany
38,Eibach et al 2018,AnimalESBL,ESBL prevalence in chicken meat from Ghana market,32,percent,2015,year,BR,Brazil,AMERICA_S,31,broiler sample,5.57,cefotaxime&Ceftazidime,frozen and fresh chicken meat from 75 supermarkets in Kumasi city,chicken
25,Ruppe et al 2015,Acquisition rate of returning traveller ,prevalence of french travellers acquired ESBL,50,percent,2015,year,BF,Burkina Faso,AFRICA_W,8,traveller ,2.83,MDR (ESBL AmpC CPR),,France
25,Ruppe et al 2015,Acquisition rate of returning traveller ,prevalence of french travellers acquired ESBL,80,percent,2015,year,KH,Cambodia,ASIA_SE,5,traveller ,2.24,MDR (ESBL AmpC CPR),,France
25,Ruppe et al 2015,Acquisition rate of returning traveller ,prevalence of french travellers acquired ESBL,54,percent,2015,year,CM,Cameroon,AFRICA_C,24,traveller ,4.9,MDR (ESBL AmpC CPR),,France
31,Angelin et al 2015,Acquisition rate of returning traveller ,prevalence of ESBL in Germany traveller with gastrointestical symptom,14,percent,2010-2014,year,CM,Cameroon,AFRICA_C,22,traveller ,4.69,Travel carriage ESBL,,Germany
41,Woerther 2013,CommunityESBL,Healthy students,7,percent,2009,year,CM,Cameroon,AFRICA_C,150,human,12.25,,,
31,Angelin et al 2015,Acquisition rate of returning traveller ,prevalence of ESBL in Germany traveller with gastrointestical symptom,0,percent,2010-2014,year,CA,Canada,AMERICA_N,1,traveller ,1,Travel carriage ESBL,,Germany
25,Ruppe et al 2015,Acquisition rate of returning traveller ,prevalence of french travellers acquired ESBL,0,percent,2015,year,CF,Central Africa,AFRICA_C,1,traveller ,1,MDR (ESBL AmpC CPR),,France
27,Lubbert et al 2015,Acquisition rate of returning traveller ,prevalence of geman travellers acquired ESBL,0,percent,2013,year,B8,Central Europe and the Baltics,EU_C,2,traveller ,1.41,Travel carriage ESBL,,Germany
4,Luo et al 2011,CommunityESBL,ESBL percentage in Food handler in hospital,50,percent,2009,year,CL,China,ASIA_E,92,person,9.59,MDR,Beijing,
4,Luo et al 2011,CommunityESBL,ESBL percentage in Food handler in hospital,67,percent,2009,year,CL,China,ASIA_E,92,person,9.59,Tetracycline,Beijing,
4,Luo et al 2011,CommunityESBL,ESBL percentage in Food handler in hospital,65,percent,2009,year,CL,China,ASIA_E,92,person,9.59,Nalidixic acid ,Beijing,
4,Luo et al 2011,CommunityESBL,ESBL percentage in Food handler in hospital,48,percent,2009,year,CL,China,ASIA_E,92,person,9.59,Ampicillin,Beijing,
4,Luo et al 2011,CommunityESBL,ESBL percentage in Food handler in hospital,8,percent,2009,year,CL,China,ASIA_E,92,person,9.59,Cefepime ,Beijing,
4,Luo et al 2011,CommunityESBL,ESBL percentage in Food handler in hospital,8,percent,2009,year,CL,China,ASIA_E,92,person,9.59,Ceftazidime,Beijing,
4,Luo et al 2011,CommunityESBL,ESBL percentage in Food handler in hospital,14,percent,2009,year,CL,China,ASIA_E,92,person,9.59,Ciprofloxacin,Beijing,
4,Luo et al 2011,CommunityESBL,ESBL percentage in Food handler in hospital,9,percent,2009,year,CL,China,ASIA_E,92,person,9.59,Chloramphenicol ,Beijing,
4,Luo et al 2011,CommunityESBL,ESBL percentage in Food handler in hospital,21,percent,2009,year,CL,China,ASIA_E,92,person,9.59,Gentamicin,Beijing,
4,Luo et al 2011,CommunityESBL,ESBL percentage in Food handler in hospital,67,percent,2009,year,CL,China,ASIA_E,92,person,9.59,Trimethoprim_sulfamethoxazole ,Beijing,
12,Ye Q et al 2018,AnimalESBL,ESBL gene prevalence in Chicken meat,24,percent,2018,year,CL,China,ASIA_E,42,isolates,6.48,,Henan,chicken
13,Wu H et al 2018,AnimalESBL,ESBL gene prevalence in Chicken meat,24,percent,2008,year,CL,China,ASIA_E,105,isolates,10.25,,,chicken
13,Wu H et al 2018,AnimalESBL,ESBL gene prevalence in Chicken meat,26,percent,2009,year,CL,China,ASIA_E,140,isolates,11.83,,,chicken
13,Wu H et al 2018,AnimalESBL,ESBL gene prevalence in Chicken meat,41,percent,2010,year,CL,China,ASIA_E,102,isolates,10.1,,,chicken
13,Wu H et al 2018,AnimalESBL,ESBL gene prevalence in Chicken meat,45,percent,2011,year,CL,China,ASIA_E,127,isolates,11.27,,,chicken
13,Wu H et al 2018,AnimalESBL,ESBL gene prevalence in Chicken meat,50,percent,2012,year,CL,China,ASIA_E,115,isolates,10.72,,,chicken
13,Wu H et al 2018,AnimalESBL,ESBL gene prevalence in Chicken meat,50,percent,2013,year,CL,China,ASIA_E,118,isolates,10.86,,,chicken
13,Wu H et al 2018,AnimalESBL,ESBL gene prevalence in Chicken meat,57,percent,2014,year,CL,China,ASIA_E,114,isolates,10.68,,,chicken
14,Li S et al  2016,AnimalESBL,prevalence ESBL-EC,89,percent,2014-2015,year,CL,China,ASIA_E,169,isolates,13,MDR,fecal isolate,chicken
16,Kuang X et al 2015,AnimalESBL,Confirmed ESBL producer ,5,percent,2010,year,CL,China,ASIA_E,159,isolates,12.61,MDR,,chicken
17,Wu H et al 2013,AnimalESBL,chicken meat prevalence ESBL salmonella,9,percent,2011,year,CL,China,ASIA_E,699,isolates,26.44,MDR,6 provinces supermarkt and wetmarket,chicken
17,Wu H et al 2013,AnimalESBL,chicken meat prevalence ESBL salmonella,25,percent,2011,year,CL,China,ASIA_E,69,isolates,8.31,MDR,Shanghai city ,chicken
17,Wu H et al 2013,AnimalESBL,chicken meat prevalence ESBL salmonella,15,percent,2011,year,CL,China,ASIA_E,65,isolates,8.06,MDR,Shaanxi,chicken
17,Wu H et al 2013,AnimalESBL,chicken meat prevalence ESBL salmonella,12,percent,2011,year,CL,China,ASIA_E,77,isolates,8.77,MDR,Fujian,chicken
17,Wu H et al 2013,AnimalESBL,chicken meat prevalence ESBL salmonella,8,percent,2011,year,CL,China,ASIA_E,117,isolates,10.82,MDR,Guangdong,chicken
17,Wu H et al 2013,AnimalESBL,chicken meat prevalence ESBL salmonella,7,percent,2011,year,CL,China,ASIA_E,69,isolates,8.31,MDR,Sichuan,chicken
17,Wu H et al 2013,AnimalESBL,chicken meat prevalence ESBL salmonella,5,percent,2011,year,CL,China,ASIA_E,116,isolates,10.77,MDR,Beijing,chicken
17,Wu H et al 2013,AnimalESBL,chicken meat prevalence ESBL salmonella,5,percent,2011,year,CL,China,ASIA_E,86,isolates,9.27,MDR,Henan ,chicken
17,Wu H et al 2013,AnimalESBL,chicken meat prevalence ESBL salmonella,0,percent,2011,year,CL,China,ASIA_E,100,isolates,10,MDR,Guangxi,chicken
25,Ruppe et al 2015,Acquisition rate of returning traveller ,prevalence of french travellers acquired ESBL,60,percent,2015,year,CL,China,ASIA_E,5,traveller ,2.24,MDR (ESBL AmpC CPR),,France
29,Arcilla et al 2017,Acquisition rate of returning traveller ,prevalence of dutch travellers acquired ESBL,54,percent,2001,year,CL,China,ASIA_E,67,traveller ,8.19,Travel carriage ESBL,Incidenec/100pdt 4.19,Netherlands
41,Woerther 2013,CommunityESBL,Kp,11,percent,2002,year,CL,China,CHINA,53,adults,7.28,,,
41,Woerther 2013,CommunityESBL,Ecol,7,percent,2007,year,CL,China,CHINA,270,adults,16.43,,,
41,Woerther 2013,CommunityESBL,Ecol,46,percent,2007-2008,year,CL,China,AMERICA_H,225,adults,15,,,
41,Woerther 2013,CommunityESBL,Ecol,51,percent,2009,year,CL,China,CHINA,109,adults,10.44,,,
42,Yang et al 2010,AnimalESBL,prevalence resistance in chicken meat ,25,percent,2009,year,CL,China,AMERICA_H,292,isolates,,ESBL ,,chicken
42,Yang et al 2010,AnimalESBL,prevalence resistance in pork meat ,39,percent,2009,year,CL,China,AMERICA_H,38,isolates,,ESBL ,,chicken
42,Yang et al 2010,AnimalESBL,prevalence resistance in beef meat ,23,percent,2009,year,CL,China,AMERICA_H,13,isolates,,ESBL ,,chicken
42,Yang et al 2010,AnimalESBL,prevalence resistance in lambs meat ,25,percent,2009,year,CL,China,AMERICA_H,16,isolates,,ESBL ,,chicken
25,Ruppe et al 2015,Acquisition rate of returning traveller ,prevalence of french travellers acquired ESBL,0,percent,2015,year,CO,Colombia,AMERICA_S,10,traveller ,3.16,MDR (ESBL AmpC CPR),,France
25,Ruppe et al 2015,Acquisition rate of returning traveller ,prevalence of french travellers acquired ESBL,62,percent,2015,year,CD,"Congo, Rep.",AFRICA_C,13,traveller ,3.61,MDR (ESBL AmpC CPR),,France
25,Ruppe et al 2015,Acquisition rate of returning traveller ,prevalence of french travellers acquired ESBL,100,percent,2015,year,CR,Costa Rica,AMERICA_S,1,traveller ,1,MDR (ESBL AmpC CPR),,France
31,Angelin et al 2015,Acquisition rate of returning traveller ,prevalence of ESBL in Germany traveller with gastrointestical symptom,0,percent,2010-2014,year,CR,Costa Rica,AMERICA_S,1,traveller ,1,Travel carriage ESBL,,Germany
25,Ruppe et al 2015,Acquisition rate of returning traveller ,prevalence of french travellers acquired ESBL,47,percent,2015,year,CI,Cote d'Ivoire,AFRICA_W,17,traveller ,4.12,MDR (ESBL AmpC CPR),,France
25,Ruppe et al 2015,Acquisition rate of returning traveller ,prevalence of french travellers acquired ESBL,0,percent,2015,year,XT,Cuba,AMERICA_S,2,traveller ,1.41,MDR (ESBL AmpC CPR),,France
10,Carmo et al 2014,AnimalESBL,ESBL gene prevalence in pork meat,1.2,percent,2009-2011,year,DK,Denmark,EU_W,562,isolates,8.94,MDR,,pig
10,Carmo et al 2014,AnimalESBL,ESBL gene prevalence in beef meat,0.5,percent,2009-2011,year,DK,Denmark,EU_W,382,isolates,,,,cow
10,Carmo et al 2014,AnimalESBL,ESBL gene prevalence in Chicken meat,17.8,percent,2009-2011,year,DK,Denmark,EU_W,440,isolates,,,,chicken
35,Carmo et al 2014,AnimalESBL,Prevalence of ESBL in Danish broiler meat,45,percent,2009-2011,year,DK,Denmark,EU_W,571,Broiler meat ,23.9,,21 percent CMY,chicken
41,Woerther 2013,CommunityESBL,Ecol,4,percent,2008,year,DK,Denmark,EU_W,84,adults,9.17,,,
27,Lubbert et al 2015,Acquisition rate of returning traveller ,prevalence of geman travellers acquired ESBL,26,percent,2013,year,XQ,East Africa,AFRICA_E,47,traveller ,6.86,Travel carriage ESBL,,Germany
24,Paltansing et al 2013,Acquisition rate of returning traveller ,prevalence of Dutch travellers acquired ESBL,67,percent,2013,year,4E,East Asia & Pacific,ASIA_E,33,traveller ,5.74,MDR-E,IR/pdt 0.60 mean travel day 24,Netherlands
25,Ruppe et al 2015,Acquisition rate of returning traveller ,prevalence of french travellers acquired ESBL,57,percent,2015,year,EC,Ecuador,AMERICA_S,7,traveller ,2.65,MDR (ESBL AmpC CPR),,France
29,Arcilla et al 2017,Acquisition rate of returning traveller ,prevalence of dutch travellers acquired ESBL,80,percent,2001,year,EG,"Egypt, Arab Rep.",AFRICA_N,30,traveller ,5.48,Travel carriage ESBL,Incidenec/100pdt 13.98,Netherlands
41,Woerther 2013,CommunityESBL,Healthy adults,63,percent,2010-2011,year,EG,"Egypt, Arab Rep.",AFRICA_N,632,human,25.14,,,
25,Ruppe et al 2015,Acquisition rate of returning traveller ,prevalence of french travellers acquired ESBL,50,percent,2015,year,ET,Ethiopia,AFRICA_E,4,traveller ,2,MDR (ESBL AmpC CPR),,France
10,Carmo et al 2014,AnimalESBL,ESBL gene prevalence in pork meat,2.4,percent,2009-2011,year,EU,EU,EU,448,isolates,,,,pig
10,Carmo et al 2014,AnimalESBL,ESBL gene prevalence in beef meat,1.1,percent,2009-2011,year,EU,EU,EU,298,isolates,,,,cow
10,Carmo et al 2014,AnimalESBL,ESBL gene prevalence in Chicken meat,44.7,percent,2009-2011,year,EU,EU,EU,571,isolates,,,,chicken
30,Miranda et al 2016,Acquisition rate of returning traveller ,prevalence of ESBL in Germany traveller with gastrointestical symptom,0,percent,2013,year,XD,EU/North America,EU,5,traveller ,2.24,Travel carriage ESBL,,Germany
24,Paltansing et al 2013,Acquisition rate of returning traveller ,prevalence of Dutch travellers acquired ESBL,30,percent,2013,year,7E,Europe & Central Asia (excluding high income),EU,3,traveller ,1.73,MDR-E,IR/pdt 1.06 mean travel day 31,Netherlands
26,Ostholm et al 2013,Acquisition rate of returning traveller ,prevalence of sweden travellers acquired ESBL,0,percent,2008-2009,year,EU,European Union,EU,15,traveller ,3.87,Travel carriage ESBL,,Sweden
25,Ruppe et al 2015,Acquisition rate of returning traveller ,prevalence of french travellers acquired ESBL,5,percent,2015,year,FR,France,EU_W,42,traveller ,6.48,MDR (ESBL AmpC CPR),,France
25,Ruppe et al 2015,Acquisition rate of returning traveller ,prevalence of french travellers acquired ESBL,0,percent,2015,year,FR,France,EU_W,1,traveller ,1,MDR (ESBL AmpC CPR),,France
41,Woerther 2013,CommunityESBL,NA,0,percent,1999,year,FR,France,EU_W,517,adults,22.74,,,
41,Woerther 2013,CommunityESBL,NA,1,percent,2006,year,FR,France,EU_W,332,adults,18.22,,,
41,Woerther 2013,CommunityESBL,Ecol,7,percent,2008,year,FR,France,EU_W,500,adults,22.36,,,
41,Woerther 2013,CommunityESBL,Ecol,2,percent,2009,year,FR,France,EU_W,517,adults,22.74,,,
41,Woerther 2013,CommunityESBL,Ecol,6,percent,2011,year,FR,France,EU_W,345,adults,18.57,,,
41,Woerther 2013,CommunityESBL,Ecol,8,percent,2006,year,FR,France,EU_W,163,adults,12.77,,,
25,Ruppe et al 2015,Acquisition rate of returning traveller ,prevalence of french travellers acquired ESBL,67,percent,2015,year,GA,Gabon,AFRICA_C,3,traveller ,1.73,MDR (ESBL AmpC CPR),,France
29,Arcilla et al 2017,Acquisition rate of returning traveller ,prevalence of dutch travellers acquired ESBL,16,percent,2001,year,GM,"Gambia, The",AFRICA_W,49,traveller ,7,Travel carriage ESBL,Incidenec/100pdt 1.30,Netherlands
8,Wu et al 2013,CommunityESBL,ESBL gene prevalence in adult,93,percent,2005-2009',year,DE,Germany,EU_W,14,isolates,3.74,CTX-M-1,,
8,Wu et al 2013,CommunityESBL,ESBL gene prevalence in adult,7,percent,2005-2009',year,DE,Germany,EU_W,14,isolates,3.74,CTX-M-9,,
8,Wu et al 2013,CommunityESBL,ESBL gene prevalence in adult,0,percent,2005-2009',year,DE,Germany,EU_W,14,isolates,3.74,SHV,,
8,Wu et al 2013,CommunityESBL,ESBL gene prevalence in adult,7,percent,2005-2009',year,DE,Germany,EU_W,14,isolates,3.74,CMY-611,,
8,Wu et al 2013,CommunityESBL,ESBL gene prevalence in adult,7,percent,2005-2009',year,DE,Germany,EU_W,14,isolates,3.74,CMY-11,,
8,Wu et al 2013,CommunityESBL,ESBL gene prevalence in adult,7,percent,2005-2009',year,DE,Germany,EU_W,14,isolates,3.74,MOX,,
8,Wu et al 2013,AnimalESBL,ESBL gene prevalence in Chicken host,18,percent,2005-2009',year,DE,Germany,EU_W,11,isolates,3.32,CTX-M-1,,chicken
8,Wu et al 2013,AnimalESBL,ESBL gene prevalence in Chicken host,0,percent,2005-2009',year,DE,Germany,EU_W,11,isolates,3.32,CTX-M-9,,chicken
8,Wu et al 2013,AnimalESBL,ESBL gene prevalence in Chicken host,0,percent,2005-2009',year,DE,Germany,EU_W,11,isolates,3.32,SHV,,chicken
8,Wu et al 2013,AnimalESBL,ESBL gene prevalence in Chicken host,72,percent,2005-2009',year,DE,Germany,EU_W,11,isolates,3.32,CMY-611,,chicken
8,Wu et al 2013,AnimalESBL,ESBL gene prevalence in Chicken host,73,percent,2005-2009',year,DE,Germany,EU_W,11,isolates,3.32,CMY-11,,chicken
8,Wu et al 2013,AnimalESBL,ESBL gene prevalence in Chicken host,0,percent,2005-2009',year,DE,Germany,EU_W,11,isolates,3.32,MOX,,chicken
37,Tippelskirch et al 2018,AnimalESBL,ESBL prevalence in broiler chicken,47,percent,2014-2016,year,DE,Germany,EU_W,175,broiler sample,13.23,cefotaxime,caecum ,chicken
37,Tippelskirch et al 2018,AnimalESBL,ESBL prevalence in broiler chicken,55,percent,2014-2016,year,DE,Germany,EU_W,175,broiler sample,13.23,cefotaxime,skin ,chicken
37,Tippelskirch et al 2018,AnimalESBL,ESBL prevalence in broiler chicken,28,percent,2014-2016,year,DE,Germany,EU_W,175,broiler sample,13.23,cefotaxime,filet,chicken
41,Woerther 2013,CommunityESBL,Ecol,4,percent,2011,year,DE,Germany,EU_W,231,adults,15.2,,,
25,Ruppe et al 2015,Acquisition rate of returning traveller ,prevalence of french travellers acquired ESBL,100,percent,2015,year,GH,Ghana,AFRICA_W,1,traveller ,1,MDR (ESBL AmpC CPR),,France
29,Arcilla et al 2017,Acquisition rate of returning traveller ,prevalence of dutch travellers acquired ESBL,40,percent,2001,year,GH,Ghana,AFRICA_W,20,traveller ,4.47,Travel carriage ESBL,Incidenec/100pdt 2.65,Netherlands
38,Eibach et al 2018,AnimalESBL,ESBL prevalence in chicken meat from Ghana market,44,percent,2015,year,GH,Ghana,AFRICA_W,68,broiler sample,8.25,cefotaxime&Ceftazidime,frozen and fresh chicken meat from 75 supermarkets in Kumasi city,chicken
38,Eibach et al 2018,AnimalESBL,ESBL prevalence in chicken meat from Ghana market,23,percent,2015,year,GH,Ghana,AFRICA_W,31,broiler sample,5.57,cefotaxime&Ceftazidime,frozen and fresh chicken meat from 75 supermarkets in Kumasi city,chicken
25,Ruppe et al 2015,Acquisition rate of returning traveller ,prevalence of french travellers acquired ESBL,75,percent,2015,year,GN,Guinea,AFRICA_W,4,traveller ,2,MDR (ESBL AmpC CPR),,France
25,Ruppe et al 2015,Acquisition rate of returning traveller ,prevalence of french travellers acquired ESBL,0,percent,2015,year,GW,Guinea-Bissau,AFRICA_W,3,traveller ,1.73,MDR (ESBL AmpC CPR),,France
25,Ruppe et al 2015,Acquisition rate of returning traveller ,prevalence of french travellers acquired ESBL,0,percent,2015,year,HN,Honduras,AMERICA_S,1,traveller ,1,MDR (ESBL AmpC CPR),,France
20,Hussain et al 2017,AnimalESBL,ESBL prevalence in broiler meat,24,percent,2015,year,IN,India,ASIA_S,32,meat samples,12.96,ESBL ,total meat and ceca isolates,chicken
20,Hussain et al 2017,AnimalESBL,ESBL prevalence in free range meat,9,percent,2015,year,IN,India,ASIA_S,12,meat samples,7.94,CTX,total meat and ceca isolates,chicken
21,Bhoomika et al 2016,AnimalESBL,ESBL gene prevalence in chicken meat,3,percent,2014,year,IN,India,ASIA_S,98,isolates,9.9,MDR,"Jagdalpur, Dantewada, Kanker, and Kondagaon districts of Chhattisgarh",chicken
21,Bhoomika et al 2016,AnimalESBL,ESBL gene prevalence in goat meat,18,percent,2014,year,IN,India,ASIA_S,82,samples,,,,goat
21,Bhoomika et al 2016,AnimalESBL,ESBL gene prevalence in milk,12,percent,2014,year,IN,India,ASIA_S,90,samples,,,,cow
21,Bhoomika et al 2016,CommunityESBL,ESBL gene prevalence in human urine ,20,percent,2014,year,IN,India,ASIA_S,60,samples,,,,
22,Brower et al 2017,AnimalESBL,ESBL prevalence in chicken farm,87,percent,2014,year,IN,India,ASIA_S,270,isolates,16.43,MDR,Broiler ,chicken
22,Brower et al 2017,AnimalESBL,ESBL prevalence in chicken farm,42,percent,2014,year,IN,India,ASIA_S,240,isolates,15.49,MDR,Layer,chicken
22,Brower et al 2017,AnimalESBL,ESBL prevalence in chicken farm,66,percent,2014,year,IN,India,ASIA_S,510,isolates,22.58,MDR,Broiler and layer,chicken
23,Kuenzli et al ,Acquisition rate of returning traveller ,prevalence ESBL carriage from returning swiss traveller ,87,percent,2013,year,IN,India,ASIA_S,68,traveller ,8.25,MDR,OR: 1/avg stay 18.4 days,Switzerland
25,Ruppe et al 2015,Acquisition rate of returning traveller ,prevalence of french travellers acquired ESBL,91,percent,2015,year,IN,India,ASIA_S,53,traveller ,7.28,MDR (ESBL AmpC CPR),,France
27,Lubbert et al 2015,Acquisition rate of returning traveller ,prevalence of geman travellers acquired ESBL,73,percent,2013,year,IN,India,ASIA_S,15,traveller ,3.87,Travel carriage ESBL,,Germany
28,Peirano et al 2017,Acquisition rate of returning traveller ,prevalence of canadian travellers acquired ESBL,73,percent,2012-2014,year,IN,India,ASIA_S,90,traveller ,9.49,Travel carriage ESBL,,Canada
29,Arcilla et al 2017,Acquisition rate of returning traveller ,prevalence of dutch travellers acquired ESBL,89,percent,2001,year,IN,India,ASIA_S,79,traveller ,8.89,Travel carriage ESBL,Incidenec/100pdt 12.18,Netherlands
30,Miranda et al 2016,Acquisition rate of returning traveller ,prevalence of ESBL in Germany traveller with gastrointestical symptom,72,percent,2013,year,IN,India,ASIA_S,81,traveller ,9,Travel carriage ESBL,,Germany
31,Angelin et al 2015,Acquisition rate of returning traveller ,prevalence of ESBL in Germany traveller with gastrointestical symptom,70,percent,2010-2014,year,IN,India,ASIA_S,30,traveller ,5.48,Travel carriage ESBL,,Germany
32,Tangden et al 2010,Acquisition rate of returning traveller ,prevalence of swedish travellers acquired ESBL,88,percent,2007,year,IN,India,ASIA_S,8,traveller ,2.83,Travel carriage ESBL,,Sweden
25,Ruppe et al 2015,Acquisition rate of returning traveller ,prevalence of french travellers acquired ESBL,36,percent,2015,year,ID,Indonesia,ASIA_SE,17,traveller ,4.12,MDR (ESBL AmpC CPR),,France
29,Arcilla et al 2017,Acquisition rate of returning traveller ,prevalence of dutch travellers acquired ESBL,19,percent,2001,year,ID,Indonesia,ASIA_SE,211,traveller ,14.53,Travel carriage ESBL,Incidenec/100pdt 0.92,Netherlands
41,Woerther 2013,CommunityESBL,dominant normal flora of healthy adults,0,percent,2001-2002,year,ID,Indonesia,ASIA_SE,1998,human,44.7,,,
31,Angelin et al 2015,Acquisition rate of returning traveller ,prevalence of ESBL in Germany traveller with gastrointestical symptom,0,percent,2010-2014,year,IL,Israel,ASIA_W,1,traveller ,1,Travel carriage ESBL,,Germany
41,Woerther 2013,CommunityESBL,Ecol,6,percent,2009-2010,year,JP,Japan,ASIA_E,218,adults,14.76,,,
25,Ruppe et al 2015,Acquisition rate of returning traveller ,prevalence of french travellers acquired ESBL,67,percent,2015,year,KE,Kenya,AFRICA_E,6,traveller ,2.45,MDR (ESBL AmpC CPR),,France
29,Arcilla et al 2017,Acquisition rate of returning traveller ,prevalence of dutch travellers acquired ESBL,33,percent,2001,year,KE,Kenya,AFRICA_E,30,traveller ,5.48,Travel carriage ESBL,Incidenec/100pdt 1.95,Netherlands
41,Woerther 2013,CommunityESBL,Ecol,20,percent,2011,year,KR,"Korea, Rep.",ASIA_E,290,adults,17.03,,,
2,Nakayama et al 2015,CommunityESBL,ESBL carriage ,72,percent,2012,year,LA,Lao PDR,ASIA_SE,57,person,7.55,MDR,Sawanalet,
25,Ruppe et al 2015,Acquisition rate of returning traveller ,prevalence of french travellers acquired ESBL,100,percent,2015,year,LA,Lao PDR,ASIA_SE,2,traveller ,1.41,MDR (ESBL AmpC CPR),,France
24,Paltansing et al 2013,Acquisition rate of returning traveller ,prevalence of Dutch travellers acquired ESBL,25,percent,2013,year,ZJ,Latin America & Caribbean,AMERICA_S,28,traveller ,5.29,,IR/pdt 0.48 mean travel day 19,Netherlands
27,Lubbert et al 2015,Acquisition rate of returning traveller ,prevalence of geman travellers acquired ESBL,7,percent,2013,year,ZJ,Latin America & Caribbean,AMERICA_S,15,traveller ,3.87,Travel carriage ESBL,,Germany
32,Tangden et al 2010,Acquisition rate of returning traveller ,prevalence of swedish travellers acquired ESBL,0,percent,2007,year,ZJ,Latin America & Caribbean,AMERICA_S,6,traveller ,2.45,Travel carriage ESBL,,Sweden
24,Paltansing et al 2013,Acquisition rate of returning traveller ,prevalence of Dutch travellers acquired ESBL,30,percent,2013,year,ZJ,Latin America & Caribbean ,AMERICA_S,56,traveller ,7.48,,IR/pdt 0.25 mean travel day 29,Netherlands
24,Paltansing et al 2013,Acquisition rate of returning traveller ,prevalence of Dutch travellers acquired ESBL,6,percent,2013,year,ZJ,Latin America & Caribbean,AMERICA_S,32,traveller ,5.66,,IR/pdt 0.15 mean travel day 29,Netherlands
25,Ruppe et al 2015,Persistance rate of returning traveller ,Persistent carriage of same ESBL group ,100,percent,2015,year,ZJ,Latin America & Caribbean,AMERICA_S,292,traveller ,17.09,MDR (ESBL AmpC CPR),0,France
25,Ruppe et al 2015,Persistance rate of returning traveller ,Persistent carriage of same ESBL group ,20,percent,2015,year,ZJ,Latin America & Caribbean,AMERICA_S,245,traveller ,15.65,MDR (ESBL AmpC CPR),1 month post travel,France
25,Ruppe et al 2015,Persistance rate of returning traveller ,Persistent carriage of same ESBL group ,10,percent,2015,year,ZJ,Latin America & Caribbean,AMERICA_S,236,traveller ,15.36,MDR (ESBL AmpC CPR),2 months post travel,France
25,Ruppe et al 2015,Persistance rate of returning traveller ,Persistent carriage of same ESBL group ,6,percent,2015,year,ZJ,Latin America & Caribbean,AMERICA_S,233,traveller ,15.26,MDR (ESBL AmpC CPR),3 months post travel,France
25,Ruppe et al 2015,Persistance rate of returning traveller ,Persistent carriage of same ESBL group ,6,percent,2015,year,ZJ,Latin America & Caribbean,AMERICA_S,230,traveller ,15.17,MDR (ESBL AmpC CPR),6 months post travel,France
25,Ruppe et al 2015,Persistance rate of returning traveller ,Persistent carriage of same ESBL group ,2,percent,2015,year,ZJ,Latin America & Caribbean,AMERICA_S,227,traveller ,15.07,MDR (ESBL AmpC CPR),12 months post travel,France
26,Ostholm et al 2013,Acquisition rate of returning traveller ,prevalence of sweden travellers acquired ESBL,7,percent,2008-2009,year,ZJ,Latin America & Caribbean,AMERICA_S,29,traveller ,5.39,Travel carriage ESBL,OR0.44(0.16-1.22),Sweden
27,Lubbert et al 2015,Acquisition rate of returning traveller ,prevalence of geman travellers acquired ESBL,8,percent,2013,year,ZJ,Latin America & Caribbean,AMERICA_S,63,traveller ,7.94,Travel carriage ESBL,,Germany
30,Miranda et al 2016,Acquisition rate of returning traveller ,prevalence of ESBL in Germany traveller with gastrointestical symptom,15,percent,2013,year,ZJ,Latin America & Caribbean,AMERICA_S,21,traveller ,4.58,Travel carriage ESBL,,Germany
32,Tangden et al 2010,Acquisition rate of returning traveller ,prevalence of swedish travellers acquired ESBL,0,percent,2007,year,ZJ,Latin America & Caribbean,AMERICA_S,1,traveller ,1,Travel carriage ESBL,,Sweden
34,hijazi et al 2016,CommunityESBL,prevalence ESBL in healthy students,25,percent,2013,year,LB,Lebanon,ASIA_W,125,children,11.18,MDR,,
39,Dandachi et al 2018,AnimalESBL,ESBL prevalence in broiler chicken,41,percent,2015,year,LB,Lebanon,ASIA_W,27,rectal sample,5.2,MDR ,farm size 18000,chicken
39,Dandachi et al 2018,AnimalESBL,ESBL prevalence in broiler chicken,19,percent,2015,year,LB,Lebanon,ASIA_W,27,rectal sample,5.2,MDR ,farm size 11300,chicken
39,Dandachi et al 2018,AnimalESBL,ESBL prevalence in broiler chicken,7,percent,2015,year,LB,Lebanon,ASIA_W,27,rectal sample,5.2,MDR ,farm size 20000,chicken
39,Dandachi et al 2018,AnimalESBL,ESBL prevalence in broiler chicken,45,percent,2015,year,LB,Lebanon,ASIA_W,20,rectal sample,4.47,MDR ,farm size 23000,chicken
39,Dandachi et al 2018,AnimalESBL,ESBL prevalence in broiler chicken,70,percent,2015,year,LB,Lebanon,ASIA_W,20,rectal sample,4.47,MDR ,farm size 4000,chicken
39,Dandachi et al 2018,AnimalESBL,ESBL prevalence in broiler chicken,65,percent,2015,year,LB,Lebanon,ASIA_W,20,rectal sample,4.47,MDR ,farm size 20000,chicken
39,Dandachi et al 2018,AnimalESBL,ESBL prevalence in broiler chicken,40,percent,2015,year,LB,Lebanon,ASIA_W,20,rectal sample,4.47,MDR ,farm size 15000,chicken
39,Dandachi et al 2018,AnimalESBL,ESBL prevalence in broiler chicken,25,percent,2015,year,LB,Lebanon,ASIA_W,20,rectal sample,4.47,MDR ,farm size 5000,chicken
39,Dandachi et al 2018,AnimalESBL,ESBL prevalence in broiler chicken,25,percent,2015,year,LB,Lebanon,ASIA_W,20,rectal sample,4.47,MDR ,farm size 4000,chicken
39,Dandachi et al 2018,AnimalESBL,ESBL prevalence in broiler chicken,45,percent,2015,year,LB,Lebanon,ASIA_W,20,rectal sample,4.47,MDR ,farm size 6000,chicken
39,Dandachi et al 2018,AnimalESBL,ESBL prevalence in broiler chicken,55,percent,2015,year,LB,Lebanon,ASIA_W,20,rectal sample,4.47,MDR ,farm size 4600,chicken
39,Dandachi et al 2018,AnimalESBL,ESBL prevalence in broiler chicken,55,percent,2015,year,LB,Lebanon,ASIA_W,20,rectal sample,4.47,MDR ,farm size 15000,chicken
39,Dandachi et al 2018,AnimalESBL,ESBL prevalence in broiler chicken,5,percent,2015,year,LB,Lebanon,ASIA_W,20,rectal sample,4.47,MDR ,farm size 6000,chicken
39,Dandachi et al 2018,AnimalESBL,ESBL prevalence in broiler chicken,20,percent,2015,year,LB,Lebanon,ASIA_W,20,rectal sample,4.47,MDR ,farm size 10700,chicken
39,Dandachi et al 2018,AnimalESBL,ESBL prevalence in broiler chicken,30,percent,2015,year,LB,Lebanon,ASIA_W,20,rectal sample,4.47,MDR ,farm size 5000,chicken
39,Dandachi et al 2018,AnimalESBL,ESBL prevalence in broiler chicken,15,percent,2015,year,LB,Lebanon,ASIA_W,20,rectal sample,4.47,MDR ,farm size 3000,chicken
39,Dandachi et al 2018,AnimalESBL,ESBL prevalence in broiler chicken,5,percent,2015,year,LB,Lebanon,ASIA_W,20,rectal sample,4.47,MDR ,farm size 6000,chicken
39,Dandachi et al 2018,AnimalESBL,ESBL prevalence in broiler chicken,30,percent,2015,year,LB,Lebanon,ASIA_W,20,rectal sample,4.47,MDR ,farm size 6000,chicken
39,Dandachi et al 2018,AnimalESBL,ESBL prevalence in broiler chicken,15,percent,2015,year,LB,Lebanon,ASIA_W,20,rectal sample,4.47,MDR ,farm size 6000,chicken
39,Dandachi et al 2018,AnimalESBL,ESBL prevalence in broiler chicken,15,percent,2015,year,LB,Lebanon,ASIA_W,20,rectal sample,4.47,MDR ,farm size 5000,chicken
39,Dandachi et al 2018,AnimalESBL,ESBL prevalence in broiler chicken,15,percent,2015,year,LB,Lebanon,ASIA_W,20,rectal sample,4.47,MDR ,farm size 6500,chicken
39,Dandachi et al 2018,AnimalESBL,ESBL prevalence in broiler chicken,5,percent,2015,year,LB,Lebanon,ASIA_W,21,rectal sample,4.58,MDR ,farm size 6700,chicken
39,Dandachi et al 2018,AnimalESBL,ESBL prevalence in broiler chicken,20,percent,2015,year,LB,Lebanon,ASIA_W,20,rectal sample,4.47,MDR ,farm size 11800,chicken
39,Dandachi et al 2018,AnimalESBL,ESBL prevalence in broiler chicken,10,percent,2015,year,LB,Lebanon,ASIA_W,20,rectal sample,4.47,MDR ,farm size 10000,chicken
39,Dandachi et al 2018,AnimalESBL,ESBL prevalence in broiler chicken,5,percent,2015,year,LB,Lebanon,ASIA_W,20,rectal sample,4.47,MDR ,farm size 10000,chicken
39,Dandachi et al 2018,AnimalESBL,ESBL prevalence in broiler chicken,5,percent,2015,year,LB,Lebanon,ASIA_W,20,rectal sample,4.47,MDR ,farm size 5000,chicken
39,Dandachi et al 2018,AnimalESBL,ESBL prevalence in broiler chicken,40,percent,2015,year,LB,Lebanon,ASIA_W,20,rectal sample,4.47,MDR ,farm size 10000,chicken
39,Dandachi et al 2018,AnimalESBL,ESBL prevalence in broiler chicken,20,percent,2015,year,LB,Lebanon,ASIA_W,20,rectal sample,4.47,MDR ,farm size 5000,chicken
39,Dandachi et al 2018,AnimalESBL,ESBL prevalence in broiler chicken,35,percent,2015,year,LB,Lebanon,ASIA_W,20,rectal sample,4.47,MDR ,farm size 5000,chicken
39,Dandachi et al 2018,AnimalESBL,ESBL prevalence in broiler chicken,10,percent,2015,year,LB,Lebanon,ASIA_W,20,rectal sample,4.47,MDR ,farm size 10000,chicken
39,Dandachi et al 2018,AnimalESBL,ESBL prevalence in broiler chicken,20,percent,2015,year,LB,Lebanon,ASIA_W,20,rectal sample,4.47,MDR ,farm size 10000,chicken
39,Dandachi et al 2018,AnimalESBL,ESBL prevalence in broiler chicken,25,percent,2015,year,LB,Lebanon,ASIA_W,20,rectal sample,4.47,MDR ,farm size 18000,chicken
39,Dandachi et al 2018,AnimalESBL,ESBL prevalence in broiler chicken,15,percent,2015,year,LB,Lebanon,ASIA_W,20,rectal sample,4.47,MDR ,farm size 6000,chicken
39,Dandachi et al 2018,AnimalESBL,ESBL prevalence in broiler chicken,30,percent,2015,year,LB,Lebanon,ASIA_W,20,rectal sample,4.47,MDR ,farm size 6000,chicken
39,Dandachi et al 2018,AnimalESBL,ESBL prevalence in broiler chicken,50,percent,2015,year,LB,Lebanon,ASIA_W,20,rectal sample,4.47,MDR ,farm size 3300,chicken
39,Dandachi et al 2018,AnimalESBL,ESBL prevalence in broiler chicken,25,percent,2015,year,LB,Lebanon,ASIA_W,20,rectal sample,4.47,MDR ,farm size 10000,chicken
39,Dandachi et al 2018,AnimalESBL,ESBL prevalence in broiler chicken,5,percent,2015,year,LB,Lebanon,ASIA_W,20,rectal sample,4.47,MDR ,farm size 10000,chicken
39,Dandachi et al 2018,AnimalESBL,ESBL prevalence in broiler chicken,30,percent,2015,year,LB,Lebanon,ASIA_W,20,rectal sample,4.47,MDR ,farm size 10000,chicken
41,Woerther 2013,CommunityESBL,prevalence ESBL in children under 6 year old,2,percent,2003,year,LB,Lebanon,ASIA_W,382,students,19.54482029,,,
25,Ruppe et al 2015,Acquisition rate of returning traveller ,prevalence of french travellers acquired ESBL,57,percent,2015,year,MG,Madagascar,AFRICA_E,7,traveller ,2.65,MDR (ESBL AmpC CPR),,France
41,Woerther 2013,CommunityESBL,Pediatric patients,22,percent,2008,year,MG,Madagascar,AFRICA_E,244,human,15.62,,,
41,Woerther 2013,CommunityESBL,Healthy adults,10,percent,2009,year,MG,Madagascar,AFRICA_E,484,human,22,,,
9,Aliyu et al 2016,AnimalESBL,ESBL gene prevalence in Chicken meat,49,percent,2012-2013,year,MY,Malaysia,ASIA_SE,240,isolates,15.49,CTX,Salangor,chicken
25,Ruppe et al 2015,Acquisition rate of returning traveller ,prevalence of french travellers acquired ESBL,17,percent,2015,year,MY,Malaysia,ASIA_SE,6,traveller ,2.45,MDR (ESBL AmpC CPR),,France
29,Arcilla et al 2017,Acquisition rate of returning traveller ,prevalence of dutch travellers acquired ESBL,25,percent,2001,year,MY,Malaysia,ASIA_SE,28,traveller ,5.29,Travel carriage ESBL,Incidenec/100pdt 1.50,Netherlands
25,Ruppe et al 2015,Acquisition rate of returning traveller ,prevalence of french travellers acquired ESBL,0,percent,2015,year,MV,Maldives,ASIA_S,2,traveller ,1.41,MDR (ESBL AmpC CPR),,France
25,Ruppe et al 2015,Acquisition rate of returning traveller ,prevalence of french travellers acquired ESBL,20,percent,2015,year,ML,Mali,AFRICA_W,5,traveller ,2.24,MDR (ESBL AmpC CPR),,France
25,Ruppe et al 2015,Acquisition rate of returning traveller ,prevalence of french travellers acquired ESBL,20,percent,2015,year,MX,Mexico,AMERICA_S,5,traveller ,2.24,MDR (ESBL AmpC CPR),,France
29,Arcilla et al 2017,Acquisition rate of returning traveller ,prevalence of dutch travellers acquired ESBL,22,percent,2001,year,MX,Mexico,AMERICA_S,18,traveller ,4.24,Travel carriage ESBL,Incidenec/100pdt 1.73,Netherlands
24,Paltansing et al 2013,Acquisition rate of returning traveller ,prevalence of Dutch travellers acquired ESBL,13,percent,2013,year,ZQ,Middle East & North Africa,AFRICA_N,15,traveller ,3.87,,IR/pdt 0.64 mean travel day 14.8,Netherlands
26,Ostholm et al 2013,Acquisition rate of returning traveller ,prevalence of sweden travellers acquired ESBL,19,percent,2008-2009,year,ZQ,Middle East & North Africa,AFRICA_N,30,traveller ,5.48,Travel carriage ESBL,OR1.96(0.89-4.30),Sweden
32,Tangden et al 2010,Acquisition rate of returning traveller ,prevalence of swedish travellers acquired ESBL,29,percent,2007,year,ZQ,Middle East & North Africa,AFRICA_N,14,traveller ,3.74,Travel carriage ESBL,,Sweden
29,Arcilla et al 2017,Acquisition rate of returning traveller ,prevalence of dutch travellers acquired ESBL,22,percent,2001,year,MA,Morocco,AFRICA_N,36,traveller ,6,Travel carriage ESBL,Incidenec/100pdt 7.21,Netherlands
25,Ruppe et al 2015,Acquisition rate of returning traveller ,prevalence of french travellers acquired ESBL,0,percent,2015,year,MZ,Mozambique,AFRICA_E,1,traveller ,1,MDR (ESBL AmpC CPR),,France
25,Ruppe et al 2015,Acquisition rate of returning traveller ,prevalence of french travellers acquired ESBL,86,percent,2015,year,MM,Myanmar,ASIA_SE,7,traveller ,2.65,MDR (ESBL AmpC CPR),,France
29,Arcilla et al 2017,Acquisition rate of returning traveller ,prevalence of dutch travellers acquired ESBL,53,percent,2001,year,MM,Myanmar,ASIA_SE,15,traveller ,3.87,Travel carriage ESBL,Incidenec/100pdt 3.91,Netherlands
6,Marguilieux et al 2018,CommunityESBL,ESBL prevalence from acute diarrhea in Nepa;,0,,2007,year,NP,Nepal,ASIA_S,34,person,5.83,MDR,travel clinics In Nepal,
6,Marguilieux et al 2018,CommunityESBL,ESBL prevalence from acute diarrhea in Nepa;,2,,2008,year,NP,Nepal,ASIA_S,62,person,7.87,MDR,travel clinics In Nepal,
6,Marguilieux et al 2018,CommunityESBL,ESBL prevalence from acute diarrhea in Nepa;,0,,2009,year,NP,Nepal,ASIA_S,8,person,2.83,MDR,travel clinics In Nepal,
6,Marguilieux et al 2018,CommunityESBL,ESBL prevalence from acute diarrhea in Nepa;,0,,2012,year,NP,Nepal,ASIA_S,1,person,1,MDR,travel clinics In Nepal,
6,Marguilieux et al 2018,CommunityESBL,ESBL prevalence from acute diarrhea in Nepa;,36,,2013,year,NP,Nepal,ASIA_S,21,person,4.58,MDR,travel clinics In Nepal,
6,Marguilieux et al 2018,CommunityESBL,ESBL prevalence from acute diarrhea in Nepa;,31,,2014,year,NP,Nepal,ASIA_S,32,person,5.66,MDR,travel clinics In Nepal,
6,Marguilieux et al 2018,CommunityESBL,ESBL prevalence from acute diarrhea in Nepa;,35,,2016,year,NP,Nepal,ASIA_S,60,person,7.75,MDR,travel clinics In Nepal,
23,Kuenzli et al ,Acquisition rate of returning traveller ,prevalence ESBL carriage from returning swiss traveller ,80,percent,2013,year,NP,Nepal,ASIA_S,39,traveller ,6.24,MDR,OR: 0.57/avg stay 18.4 days,Switzerland
25,Ruppe et al 2015,Acquisition rate of returning traveller ,prevalence of french travellers acquired ESBL,100,percent,2015,year,NP,Nepal,ASIA_S,1,traveller ,1,MDR (ESBL AmpC CPR),,France
28,Peirano et al 2017,Acquisition rate of returning traveller ,prevalence of canadian travellers acquired ESBL,22,percent,2012-2014,year,NP,Nepal,ASIA_S,9,traveller ,3,Travel carriage ESBL,,Canada
29,Arcilla et al 2017,Acquisition rate of returning traveller ,prevalence of dutch travellers acquired ESBL,79,percent,2001,year,NP,Nepal,ASIA_S,29,traveller ,5.39,Travel carriage ESBL,Incidenec/100pdt 7.49,Netherlands
40,Shrestha et al 2017,AnimalESBL,ESBL prevalence in broiler chicken,37,percent,2017,year,NP,Nepal,ASIA_S,27,0.37037037,5.2,MDR ,good sanitation ,chicken
40,Shrestha et al 2017,AnimalESBL,ESBL prevalence in broiler chicken,39,percent,2017,year,NP,Nepal,ASIA_S,76,0.394736842,8.72,MDR ,poor sanitation,chicken
8,Wu et al 2013,CommunityESBL,ESBL gene prevalence in adult,73,percent,2005-2009',year,NL,Netherlands,EU_W,108,isolates,10.39,CTX-M-1,,
8,Wu et al 2013,CommunityESBL,ESBL gene prevalence in adult,12,percent,2005-2009',year,NL,Netherlands,EU_W,108,isolates,10.39,CTX-M-9,,
8,Wu et al 2013,CommunityESBL,ESBL gene prevalence in adult,6,percent,2005-2009',year,NL,Netherlands,EU_W,108,isolates,10.39,SHV,,
8,Wu et al 2013,CommunityESBL,ESBL gene prevalence in adult,1,percent,2005-2009',year,NL,Netherlands,EU_W,108,isolates,10.39,CMY-611,,
8,Wu et al 2013,CommunityESBL,ESBL gene prevalence in adult,0,percent,2005-2009',year,NL,Netherlands,EU_W,108,isolates,10.39,CMY-11,,
8,Wu et al 2013,CommunityESBL,ESBL gene prevalence in adult,2,percent,2005-2009',year,NL,Netherlands,EU_W,108,isolates,10.39,MOX,,
8,Wu et al 2013,AnimalESBL,ESBL gene prevalence in Chicken host,54,percent,2005-2009',year,NL,Netherlands,EU_W,136,isolates,11.66,CTX-M-1,,chicken
8,Wu et al 2013,AnimalESBL,ESBL gene prevalence in Chicken host,1,percent,2005-2009',year,NL,Netherlands,EU_W,136,isolates,11.66,CTX-M-9,,chicken
8,Wu et al 2013,AnimalESBL,ESBL gene prevalence in Chicken host,6,percent,2005-2009',year,NL,Netherlands,EU_W,136,isolates,11.66,SHV,,chicken
8,Wu et al 2013,AnimalESBL,ESBL gene prevalence in Chicken host,20,percent,2005-2009',year,NL,Netherlands,EU_W,136,isolates,11.66,CMY-611,,chicken
8,Wu et al 2013,AnimalESBL,ESBL gene prevalence in Chicken host,19,percent,2005-2009',year,NL,Netherlands,EU_W,136,isolates,11.66,CMY-11,,chicken
8,Wu et al 2013,AnimalESBL,ESBL gene prevalence in Chicken host,4,percent,2005-2009',year,NL,Netherlands,EU_W,136,isolates,11.66,MOX,,chicken
38,Eibach et al 2018,AnimalESBL,ESBL prevalence in chicken meat from Ghana market,26,percent,2015,year,NL,Netherlands,EU_W,38,broiler sample,6.16,cefotaxime&Ceftazidime,frozen and fresh chicken meat from 75 supermarkets in Kumasi city,chicken
25,Ruppe et al 2015,Acquisition rate of returning traveller ,prevalence of french travellers acquired ESBL,0,percent,2015,year,NI,Nicaragua,AMERICA_C,1,traveller ,1,MDR (ESBL AmpC CPR),,France
25,Ruppe et al 2015,Acquisition rate of returning traveller ,prevalence of french travellers acquired ESBL,100,percent,2015,year,NE,Niger,AFRICA_W,1,traveller ,1,MDR (ESBL AmpC CPR),,France
41,Woerther 2013,CommunityESBL,Pediatric patients,31,percent,2007-2008,year,NE,Niger,AFRICA_W,55,human,7.42,,,
36,Chah KF et al 2018,AnimalESBL,ESBL prevalence in broiler chicken,4,percent,2015-2016,year,NG,Nigeria,AFRICA_W,410,Broiler meat ,20.25,cefotaxime,Nsukka chicken farm,chicken
24,Paltansing et al 2013,Persistance rate of returning traveller ,Persistent carriage of same ESBL group after 6month,17,percent,2013,year,XP,Outside EU,WORLD,113,traveller ,10.63,MDR-E,6 months post travel,Netherlands
27,Lubbert et al 2015,Acquisition rate of returning traveller ,prevalence of geman travellers acquired ESBL,28,percent,2013,year,XP,Outside EU,WORLD,191,traveller ,13.82,Travel carriage ESBL,,Germany
27,Lubbert et al 2015,Persistance rate of returning traveller ,Persistent carriage of same ESBL group ,30,percent,2013,year,XP,Outside EU,WORLD,58,traveller ,7.62,Travel carriage ESBL,3 months post travel,Germany
27,Lubbert et al 2015,Persistance rate of returning traveller ,Persistent carriage of same ESBL group ,9,percent,2013,year,XP,Outside EU,WORLD,35,traveller ,5.92,Travel carriage ESBL,6 months post travel,Germany
29,Arcilla et al 2017,Persistance rate of returning traveller ,Persistent carriage of same ESBL group ,100,percent,2001,year,XP,Outside EU,WORLD,623,traveller ,24.96,Travel carriage ESBL,Immerdiate post travel,Netherlands
29,Arcilla et al 2017,Persistance rate of returning traveller ,Persistent carriage of same ESBL group ,43,percent,2001,year,XP,Outside EU,WORLD,613,traveller ,24.76,Travel carriage ESBL,1 month post travel,Netherlands
29,Arcilla et al 2017,Persistance rate of returning traveller ,Persistent carriage of same ESBL group ,22,percent,2001,year,XP,Outside EU,WORLD,606,traveller ,24.62,Travel carriage ESBL,3 months post travel,Netherlands
29,Arcilla et al 2017,Persistance rate of returning traveller ,Persistent carriage of same ESBL group ,11,percent,2001,year,XP,Outside EU,WORLD,601,traveller ,24.52,Travel carriage ESBL,6 months post travel,Netherlands
29,Arcilla et al 2017,Persistance rate of returning traveller ,Persistent carriage of same ESBL group ,7,percent,2001,year,XP,Outside EU,WORLD,577,traveller ,24.02,Travel carriage ESBL,12 months post travel,Netherlands
28,Peirano et al 2017,Acquisition rate of returning traveller ,prevalence of canadian travellers acquired ESBL,100,percent,2012-2014,year,PK,Pakistan,ASIA_S,1,traveller ,1,Travel carriage ESBL,,Canada
25,Ruppe et al 2015,Acquisition rate of returning traveller ,prevalence of french travellers acquired ESBL,0,percent,2015,year,PA,Panama,AMERICA_C,1,traveller ,1,MDR (ESBL AmpC CPR),,France
25,Ruppe et al 2015,Acquisition rate of returning traveller ,prevalence of french travellers acquired ESBL,0,percent,2015,year,PG,Papua New Guinea,OCEANIA,1,traveller ,1,MDR (ESBL AmpC CPR),,France
25,Ruppe et al 2015,Acquisition rate of returning traveller ,prevalence of french travellers acquired ESBL,85,percent,2015,year,PE,Peru,AMERICA_S,26,traveller ,5.1,MDR (ESBL AmpC CPR),,France
29,Arcilla et al 2017,Acquisition rate of returning traveller ,prevalence of dutch travellers acquired ESBL,60,percent,2001,year,PE,Peru,AMERICA_S,20,traveller ,4.47,Travel carriage ESBL,Incidenec/100pdt 4.28,Netherlands
41,Woerther 2013,CommunityESBL,Ecol,3,percent,2007-2008,year,PT,Portugal,AMERICA_S,112,adults,10.58,,,
25,Ruppe et al 2015,Acquisition rate of returning traveller ,prevalence of french travellers acquired ESBL,0,percent,2015,year,ST,Sao Tome and Principe,AFRICA_C,1,traveller ,1,MDR (ESBL AmpC CPR),,France
41,Woerther 2013,CommunityESBL,Ecol and Kp isolates from healthy students,13,percent,2006,year,SA,Saudi Arabia,ASIA_W,426,adults,20.63976744,,,
41,Woerther 2013,CommunityESBL,Healthy adults,12,percent,2006-2007,year,SA,Saudi Arabia,ASIA_W,505,adults,22.47220505,,,
25,Ruppe et al 2015,Acquisition rate of returning traveller ,prevalence of french travellers acquired ESBL,38,percent,2015,year,SN,Senegal,AFRICA_W,45,traveller ,6.71,MDR (ESBL AmpC CPR),,France
41,Woerther 2013,CommunityESBL,Healthy children,10,percent,2008,year,SN,Senegal,SENEGAL,20,human,4.47,,,
25,Ruppe et al 2015,Acquisition rate of returning traveller ,prevalence of french travellers acquired ESBL,0,percent,2015,year,ZG,South Africa,AFRICA_S,1,traveller ,1,MDR (ESBL AmpC CPR),,France
26,Ostholm et al 2013,Acquisition rate of returning traveller ,prevalence of sweden travellers acquired ESBL,22,percent,2008-2009,year,ZG,South Africa,AFRICA_S,71,traveller ,8.43,Travel carriage ESBL,OR 0.52(0.27-0.99),Sweden
27,Lubbert et al 2015,Acquisition rate of returning traveller ,prevalence of geman travellers acquired ESBL,11,percent,2013,year,ZG,South Africa,AFRICA_S,18,traveller ,4.24,Travel carriage ESBL,,Germany
29,Arcilla et al 2017,Acquisition rate of returning traveller ,prevalence of dutch travellers acquired ESBL,5,percent,2001,year,ZG,South Africa,AFRICA_S,66,traveller ,8.12,Travel carriage ESBL,Incidenec/100pdt 0.22,Netherlands
24,Paltansing et al 2013,Acquisition rate of returning traveller ,prevalence of Dutch travellers acquired ESBL,72,percent,2013,year,8S,South Asia,ASIA_S,25,traveller ,5,MDR-E,IR/pdt 0.70 mean travel day 24,Netherlands
26,Ostholm et al 2013,Acquisition rate of returning traveller ,prevalence of sweden travellers acquired ESBL,15,percent,2008-2009,year,8S,South Asia,ASIA_S,14,traveller ,3.74,Travel carriage ESBL,OR6.64(2-22),Sweden
28,Peirano et al 2017,Acquisition rate of returning traveller ,prevalence of canadian travellers acquired ESBL,64,percent,2012-2014,year,8S,South Asia,ASIA_S,109,traveller ,10.44,Travel carriage ESBL,,Canada
28,Peirano et al 2017,Acquisition rate of returning traveller ,prevalence of canadian travellers acquired ESBL,2,percent,2012-2014,year,8S,South Asia,ASIA_S,109,traveller ,10.44,Travel carriage ESBL,AmpC,Canada
28,Peirano et al 2017,Acquisition rate of returning traveller ,prevalence of canadian travellers acquired ESBL,21,percent,2012-2014,year,8S,South Asia,ASIA_S,70,traveller ,8.37,Travel carriage ESBL,6 months post travel,Canada
30,Miranda et al 2016,Acquisition rate of returning traveller ,prevalence of ESBL in Germany traveller with gastrointestical symptom,40,percent,2013,year,8S,South Asia,ASIA_S,15,traveller ,3.87,Travel carriage ESBL,,Germany
27,Lubbert et al 2015,Acquisition rate of returning traveller ,prevalence of geman travellers acquired ESBL,25,percent,2013,year,XD,South Europe,EU_S,8,traveller ,2.83,Travel carriage ESBL,,Germany
32,Tangden et al 2010,Acquisition rate of returning traveller ,prevalence of swedish travellers acquired ESBL,13,percent,2007,year,XD,South Europe,EU_S,16,traveller ,4,Travel carriage ESBL,,Sweden
41,Woerther 2013,CommunityESBL,Ecol,3,percent,2001-2002,year,ES,Spain,EU_S,1321,adults,36.35,,,
41,Woerther 2013,CommunityESBL,Ecol,4,percent,2003,year,ES,Spain,EU_S,108,adults,10.39,,,
41,Woerther 2013,CommunityESBL,Ecol,7,percent,2003,year,ES,Spain,EU_S,948,adults,30.79,,,
41,Woerther 2013,CommunityESBL,Ecol,7,percent,2005-2006,year,ES,Spain,EU_S,54,adults,7.35,,,
41,Woerther 2013,CommunityESBL,Ecol,7,percent,2007,year,ES,Spain,EU_S,105,adults,10.25,,,
23,Kuenzli et al ,Acquisition rate of returning traveller ,prevalence ESBL carriage from returning swiss traveller ,35,percent,2013,year,LK,Sri Lanka,ASIA_S,14,traveller ,3.74,MDR,OR: 0.05/avg stay 18.4 days,Switzerland
25,Ruppe et al 2015,Acquisition rate of returning traveller ,prevalence of french travellers acquired ESBL,100,percent,2015,year,LK,Sri Lanka,ASIA_S,3,traveller ,1.73,MDR (ESBL AmpC CPR),,France
28,Peirano et al 2017,Acquisition rate of returning traveller ,prevalence of canadian travellers acquired ESBL,0,percent,2012-2014,year,LK,Sri Lanka,ASIA_S,8,traveller ,2.83,Travel carriage ESBL,,Canada
29,Arcilla et al 2017,Acquisition rate of returning traveller ,prevalence of dutch travellers acquired ESBL,51,percent,2001,year,LK,Sri Lanka,ASIA_S,43,traveller ,6.56,Travel carriage ESBL,Incidenec/100pdt 3.66,Netherlands
24,Paltansing et al 2013,Acquisition rate of returning traveller ,prevalence of Dutch travellers acquired ESBL,12,percent,2013,year,ZG,Sub-Saharan Africa,AFRICA_S,26,traveller ,5.1,,IR/pdt 0.27 mean travel day 25,Netherlands
25,Ruppe et al 2015,Persistance rate of returning traveller ,Persistent carriage of same ESBL group ,100,percent,2015,year,ZG,Sub-Saharan Africa,AFRICA_S,292,traveller ,17.09,MDR (ESBL AmpC CPR),0,France
25,Ruppe et al 2015,Persistance rate of returning traveller ,Persistent carriage of same ESBL group ,13,percent,2015,year,ZG,Sub-Saharan Africa,AFRICA_S,245,traveller ,15.65,MDR (ESBL AmpC CPR),1 month post travel,France
25,Ruppe et al 2015,Persistance rate of returning traveller ,Persistent carriage of same ESBL group ,7,percent,2015,year,ZG,Sub-Saharan Africa,AFRICA_S,236,traveller ,15.36,MDR (ESBL AmpC CPR),2 months post travel,France
25,Ruppe et al 2015,Persistance rate of returning traveller ,Persistent carriage of same ESBL group ,4,percent,2015,year,ZG,Sub-Saharan Africa,AFRICA_S,233,traveller ,15.26,MDR (ESBL AmpC CPR),3 months post travel,France
25,Ruppe et al 2015,Persistance rate of returning traveller ,Persistent carriage of same ESBL group ,0,percent,2015,year,ZG,Sub-Saharan Africa,AFRICA_S,230,traveller ,15.17,MDR (ESBL AmpC CPR),6 months post travel,France
25,Ruppe et al 2015,Persistance rate of returning traveller ,Persistent carriage of same ESBL group ,0,percent,2015,year,ZG,Sub-Saharan Africa,AFRICA_S,227,traveller ,15.07,MDR (ESBL AmpC CPR),12 months post travel,France
29,Arcilla et al 2017,Acquisition rate of returning traveller ,prevalence of dutch travellers acquired ESBL,4,percent,2001,year,SR,Suriname,AMERICA_S,56,traveller ,7.48,Travel carriage ESBL,Incidenec/100pdt 0.14,Netherlands
41,Woerther 2013,CommunityESBL,Ecol,2,percent,2008,year,SE,Sweden,SWEDEN,96,adults,9.8,,,
41,Woerther 2013,CommunityESBL,Ecol,3,percent,2010,year,SE,Sweden,AMERICA_W,100,adults,10,,,
1,Stewardson et al 2014,CommunityESBL,ESBL percentage in Food handler in hospital,7,percent,2012,year,CH,Switzerland,EU_N,91,person,9.54,MDR,Geneva university hospital,
1,Stewardson et al 2014,AnimalESBL,ESBL percentage in chicken meat in hospital,92,percent,2012,year,CH,Switzerland,EU_N,132,samples,11.49,MDR,Geneva university hospital,chicken
41,Woerther 2013,CommunityESBL,Ecol,6,percent,2010,year,CH,Switzerland,SWITZERLAND,586,adults,24.21,,,
25,Ruppe et al 2015,Acquisition rate of returning traveller ,prevalence of french travellers acquired ESBL,64,percent,2015,year,TZ,Tanzania,AFRICA_W,11,traveller ,3.32,MDR (ESBL AmpC CPR),,France
29,Arcilla et al 2017,Acquisition rate of returning traveller ,prevalence of dutch travellers acquired ESBL,25,percent,2001,year,TZ,Tanzania,AFRICA_W,57,traveller ,7.55,Travel carriage ESBL,Incidenec/100pdt 1.73,Netherlands
2,Nakayama et al 2015,CommunityESBL,ESBL carriage ,69,percent,2012,year,TH,Thailand,ASIA_SE,417,person,20.42,MDR,Kanchanaburi,
3,Ulzii-Orshikh 2011,CommunityESBL,ESBL carriage in Asymptomatic residents,32,percent,2009,year,TH,Thailand,ASIA_SE,147,person,12.12,MDR,Nan,
3,Ulzii-Orshikh 2011,CommunityESBL,ESBL carriage in Asymptomatic residents,33,percent,2010,year,TH,Thailand,ASIA_SE,144,person,12,MDR,Nakhon Si Thammarat,
3,Ulzii-Orshikh 2011,CommunityESBL,ESBL carriage in Asymptomatic residents,54,percent,2011,year,TH,Thailand,ASIA_SE,154,person,12.41,MDR,Kanchanaburi,
5,Niumsup et al 2017,CommunityESBL,CtxRE isolated from stool sample,28,percent,2013,year,TH,Thailand,ASIA_SE,307,person,17.52,MDR,Phisanoulok,
5,Niumsup et al 2017,CommunityESBL,E coli isolates,66,percent,2013,year,TH,Thailand,ASIA_SE,307,person,17.52,MDR,Phisanoulok,
5,Niumsup et al 2017,CommunityESBL,enterobacter cloacae,15,percent,2013,year,TH,Thailand,ASIA_SE,307,person,17.52,MDR,Phisanoulok,
5,Niumsup et al 2017,CommunityESBL,K pneumonia,1,percent,2013,year,TH,Thailand,ASIA_SE,307,person,17.52,MDR,Phisanoulok,
18,Tansawai et al 2017,AnimalESBL,number of cefotaxime positiveEcli in chicken,55,percent,2011,year,TH,Thailand,ASIA_SE,126,isolates,11.22,cefotaxime ,Phitsanulok,chicken
18,Tansawai et al 2017,AnimalESBL,number of cefotaxime positiveEcli in birds,50,percent,2011,year,TH,Thailand,ASIA_SE,18,isolates,4.24,cefotaxime,Phitsanulok,chicken
18,Tansawai et al 2017,AnimalESBL,number of cefotaxime positiveEcli in chicken,37,percent,2011,year,TH,Thailand,ASIA_SE,126,isolates,11.22,ESBL,Phitsanulok,chicken
18,Tansawai et al 2017,AnimalESBL,number of cefotaxime positiveEcli in birds,50,percent,2011,year,TH,Thailand,ASIA_SE,18,isolates,4.24,ESBL,Phitsanulok,chicken
18,Tansawai et al 2017,AnimalESBL,number of cefotaxime positiveEcli in chicken,66,percent,2011,year,TH,Thailand,ASIA_SE,92,isolates,9.59,cefotaxime ,Phitsanulok,chicken
18,Tansawai et al 2017,AnimalESBL,number of cefotaxime positiveEcli in duck,36,percent,2011,year,TH,Thailand,ASIA_SE,11,isolates,3.32,cefotaxime,Phitsanulok,chicken
18,Tansawai et al 2017,AnimalESBL,number of cefotaxime positiveEcli in chicken,45,percent,2011,year,TH,Thailand,ASIA_SE,92,isolates,9.59,ESBL ,Phitsanulok,chicken
18,Tansawai et al 2017,AnimalESBL,number of cefotaxime positiveEcli in duck,36,percent,2011,year,TH,Thailand,ASIA_SE,11,isolates,3.32,ESBL ,Phitsanulok,chicken
25,Ruppe et al 2015,Acquisition rate of returning traveller ,prevalence of french travellers acquired ESBL,70,percent,2015,year,TH,Thailand,ASIA_SE,37,traveller ,6.08,MDR (ESBL AmpC CPR),,France
29,Arcilla et al 2017,Acquisition rate of returning traveller ,prevalence of dutch travellers acquired ESBL,52,percent,2001,year,TH,Thailand,ASIA_SE,89,traveller ,9.43,Travel carriage ESBL,Incidenec/100pdt 3.78,Netherlands
30,Miranda et al 2016,Acquisition rate of returning traveller ,prevalence of ESBL in Germany traveller with gastrointestical symptom,32,percent,2013,year,TH,Thailand,ASIA_SE,16,traveller ,4,Travel carriage ESBL,,Germany
41,Woerther 2013,CommunityESBL,Healthy adults,62,percent,2008,year,TH,Thailand,ASIA_SE,160,human,12.65,,,
41,Woerther 2013,CommunityESBL,Healthy adults,40,percent,2009,year,TH,Thailand,ASIA_SE,445,human,21.1,,,
41,Woerther 2013,CommunityESBL,Healthy adults,69,percent,2010,year,TH,Thailand,ASIA_SE,417,human,20.42,,,
25,Ruppe et al 2015,Acquisition rate of returning traveller ,prevalence of french travellers acquired ESBL,75,percent,2015,year,TG,Togo,AFRICA_W,12,traveller ,3.46,MDR (ESBL AmpC CPR),,France
41,Woerther 2013,CommunityESBL,Healthy adults,7,percent,2009-2010,year,TN,Tunisia,AFRICA_N,150,human,12.25,,,
29,Arcilla et al 2017,Acquisition rate of returning traveller ,prevalence of dutch travellers acquired ESBL,44,percent,2001,year,TR,Turkey,ASIA_E,16,traveller ,4,Travel carriage ESBL,Incidenec/100pdt 6.03,Netherlands
29,Arcilla et al 2017,Acquisition rate of returning traveller ,prevalence of dutch travellers acquired ESBL,44,percent,2001,year,UG,Uganda,AFRICA_E,27,traveller ,5.2,Travel carriage ESBL,Incidenec/100pdt 2.65,Netherlands
7,Mcnulty et al 2018,CommunityESBL,ESBL prevalence_CTX-M,9,percent,2014,year,GB,United Kingdom,EU_N,2074,person,45.54,MDR,,
8,Wu et al 2013,CommunityESBL,ESBL gene prevalence in adult,74,percent,2005-2009',year,GB,United Kingdom,EU_N,152,isolates,12.33,CTX-M-1,,
8,Wu et al 2013,CommunityESBL,ESBL gene prevalence in adult,6,percent,2005-2009',year,GB,United Kingdom,EU_N,152,isolates,12.33,CTX-M-9,,
8,Wu et al 2013,CommunityESBL,ESBL gene prevalence in adult,16,percent,2005-2009',year,GB,United Kingdom,EU_N,152,isolates,12.33,SHV,,
8,Wu et al 2013,CommunityESBL,ESBL gene prevalence in adult,0,percent,2005-2009',year,GB,United Kingdom,EU_N,152,isolates,12.33,CMY-611,,
8,Wu et al 2013,CommunityESBL,ESBL gene prevalence in adult,5,percent,2005-2009',year,GB,United Kingdom,EU_N,152,isolates,12.33,CMY-11,,
8,Wu et al 2013,CommunityESBL,ESBL gene prevalence in adult,10,percent,2005-2009',year,GB,United Kingdom,EU_N,152,isolates,12.33,MOX,,
8,Wu et al 2013,AnimalESBL,ESBL gene prevalence in Chicken host,100,percent,2005-2009',year,GB,United Kingdom,EU_N,10,isolates,3.16,CTX-M-1,,chicken
8,Wu et al 2013,AnimalESBL,ESBL gene prevalence in Chicken host,0,percent,2005-2009',year,GB,United Kingdom,EU_N,10,isolates,3.16,CTX-M-9,,chicken
8,Wu et al 2013,AnimalESBL,ESBL gene prevalence in Chicken host,0,percent,2005-2009',year,GB,United Kingdom,EU_N,10,isolates,3.16,SHV,,chicken
8,Wu et al 2013,AnimalESBL,ESBL gene prevalence in Chicken host,0,percent,2005-2009',year,GB,United Kingdom,EU_N,10,isolates,3.16,CMY-611,,chicken
8,Wu et al 2013,AnimalESBL,ESBL gene prevalence in Chicken host,0,percent,2005-2009',year,GB,United Kingdom,EU_N,10,isolates,3.16,CMY-11,,chicken
8,Wu et al 2013,AnimalESBL,ESBL gene prevalence in Chicken host,0,percent,2005-2009',year,GB,United Kingdom,EU_N,10,isolates,3.16,MOX,,chicken
31,Angelin et al 2015,Acquisition rate of returning traveller ,prevalence of ESBL in Germany traveller with gastrointestical symptom,0,percent,2010-2014,year,GB,United Kingdom,EU_N,1,traveller ,1,Travel carriage ESBL,,Germany
41,Woerther 2013,CommunityESBL,Ecol,2,percent,2003,year,GB,United Kingdom,EU_N,565,adults,23.77,,,
24,Paltansing et al 2013,Acquisition rate of returning traveller ,prevalence of Dutch travellers acquired ESBL,40,percent,2013,year,US,United States,AMERICA_N,10,traveller ,3.16,,IR/pdt 1.76 mean travel day 11.2,Netherlands
26,Ostholm et al 2013,Acquisition rate of returning traveller ,prevalence of sweden travellers acquired ESBL,0,percent,2008-2009,year,US,United States,AMERICA_N,16,traveller ,4,Travel carriage ESBL,,Sweden
27,Lubbert et al 2015,Acquisition rate of returning traveller ,prevalence of geman travellers acquired ESBL,0,percent,2013,year,US,United States,AMERICA_N,2,traveller ,1.41,Travel carriage ESBL,,Germany
31,Angelin et al 2015,Acquisition rate of returning traveller ,prevalence of ESBL in Germany traveller with gastrointestical symptom,0,percent,2010-2014,year,US,United States,AMERICA_N,3,traveller ,1.73,Travel carriage ESBL,,Germany
32,Tangden et al 2010,Acquisition rate of returning traveller ,prevalence of swedish travellers acquired ESBL,0,percent,2007,year,US,United States,AMERICA_N,2,traveller ,1.41,Travel carriage ESBL,,Sweden
33,Kassenborg et al 2004,CommunityESBL,prevalence resistance,11,percent,1998-1999,year,US,United States,AMERICA_N,858,Campylobater infection cases,29.29,fluoroquinolone resistance ,,
33,Kassenborg et al 2004,CommunityESBL,prevalence resistance,5,percent,1998-1999,year,US,United States,AMERICA_N,339,Campylobater infection cases,18.41,fluoroquinolone resistance ,Minnesota,
33,Kassenborg et al 2004,CommunityESBL,prevalence resistance,16,percent,1998-1999,year,US,United States,AMERICA_N,292,Campylobater infection cases,17.09,fluoroquinolone resistance ,Connecticut ,
31,Angelin et al 2015,Acquisition rate of returning traveller ,prevalence of ESBL in Germany traveller with gastrointestical symptom,0,percent,2010-2014,year,UY,Uruguay,AMERICA_S,1,traveller ,1,Travel carriage ESBL,,Germany
31,Angelin et al 2015,Acquisition rate of returning traveller ,prevalence of ESBL in Germany traveller with gastrointestical symptom,0,percent,2010-2014,year,UZ,Uzbekistan,ASIA_C,2,traveller ,1.41,Travel carriage ESBL,,Germany
25,Ruppe et al 2015,Acquisition rate of returning traveller ,prevalence of french travellers acquired ESBL,25,percent,2015,year,XN,"Venezuela, RB",AMERICA_S,4,traveller ,2,MDR (ESBL AmpC CPR),GDP2014,France
2,Nakayama et al 2015,CommunityESBL,ESBL carriage ,51,percent,2013,year,VN,Vietnam,ASIA_SE,198,person,14.07,MDR,Bavi&Hanoi,
19,Nguyen T et al 2015,AnimalESBL,prevalence resistance,86,percent,2015,year,VN,Vietnam,ASIA_SE,895,isolates,29.92,ampicillin,Mekong Delta,chicken
19,Nguyen T et al 2015,AnimalESBL,prevalence resistance,48,percent,2015,year,VN,Vietnam,ASIA_SE,895,isolates,29.92,Amoxicillin-clavulanic acid,Mekong Delta,chicken
19,Nguyen T et al 2015,AnimalESBL,prevalence resistance,2,percent,2015,year,VN,Vietnam,ASIA_SE,895,isolates,29.92,ceftazidime,Mekong Delta,chicken
19,Nguyen T et al 2015,AnimalESBL,prevalence resistance,3,percent,2015,year,VN,Vietnam,ASIA_SE,895,isolates,29.92,ceftriaxone,Mekong Delta,chicken
19,Nguyen T et al 2015,AnimalESBL,prevalence resistance,3,percent,2015,year,VN,Vietnam,ASIA_SE,895,isolates,29.92,Third gen cephalosporin,Mekong Delta,chicken
19,Nguyen T et al 2015,AnimalESBL,prevalence resistance,0,percent,2015,year,VN,Vietnam,ASIA_SE,895,isolates,29.92,ESBL ,Mekong Delta,chicken
25,Ruppe et al 2015,Acquisition rate of returning traveller ,prevalence of french travellers acquired ESBL,93,percent,2015,year,VN,Vietnam,ASIA_SE,14,traveller ,3.74,MDR (ESBL AmpC CPR),,France
29,Arcilla et al 2017,Acquisition rate of returning traveller ,prevalence of dutch travellers acquired ESBL,72,percent,2001,year,VN,Vietnam,ASIA_SE,36,traveller ,6,Travel carriage ESBL,Incidenec/100pdt 6.10,Netherlands
31,Angelin et al 2015,Acquisition rate of returning traveller ,prevalence of ESBL in Germany traveller with gastrointestical symptom,86,percent,2010-2014,year,VN,Vietnam,ASIA_SE,7,traveller ,2.65,Travel carriage ESBL,,Germany
42,Thi Mai Huong Bui 2015,CommunityESBL,Healthy adults in Bavoi ditrict total isolates 199 healthy adults 597 from three sampling moments,47,percent,2013,year,VN,Vietnam,ASIA_SE,199,adults,14.11,,,
42,Thi Mai Huong Bui 2015,CommunityESBL,Healthy adults in Bavoi ditrict total isolates 597 from three sampling moments,53,percent,2013,year,VN,Vietnam,ASIA_SE,199,adults,14.11,,,
42,Thi Mai Huong Bui 2015,CommunityESBL,Healthy adults in Bavoi ditrict total isolates 597 from three sampling moments,46,percent,2014,year,VN,Vietnam,ASIA_SE,199,adults,14.11,,,
27,Lubbert et al 2015,Acquisition rate of returning traveller ,prevalence of geman travellers acquired ESBL,39,percent,2013,year,XM,West and Central Africa,AFRICA_W,13,traveller ,3.61,Travel carriage ESBL,,Germany
24,Paltansing et al 2013,Acquisition rate of returning traveller ,prevalence of Dutch travellers acquired ESBL,31,percent,2013,year,1W,World,WORLD,370,traveller ,19.24,MDR-E,avg 21 day,Netherlands